country,iso3,year,fertility,gdp,urban,education
Afghanistan,AFG,1990.0,7.576,,17.264034507639,1.356
Afghanistan,AFG,1991.0,7.631,,17.3766601811896,
Afghanistan,AFG,1992.0,7.703,,17.4882026076758,
Afghanistan,AFG,1993.0,7.761,,17.6004672404128,
Afghanistan,AFG,1994.0,7.767,,17.7152595327158,
Afghanistan,AFG,1995.0,7.767,,17.8343849378999,
Afghanistan,AFG,1996.0,7.757,,17.9596489092802,
Afghanistan,AFG,1997.0,7.732,,18.0928569001719,
Afghanistan,AFG,1998.0,7.693,,18.2358143638901,
Afghanistan,AFG,1999.0,7.641,,18.3903267537499,
Afghanistan,AFG,2000.0,7.566,174.930991430166,18.5581995230666,
Afghanistan,AFG,2001.0,7.453,138.706821676113,18.7412381251552,
Afghanistan,AFG,2002.0,7.32,178.954088379235,18.9412480133309,
Afghanistan,AFG,2003.0,7.174,198.871115728727,19.1600346409089,0.571
Afghanistan,AFG,2004.0,7.018,221.763653873013,19.3993593959593,0.578
Afghanistan,AFG,2005.0,6.858,254.184249149336,19.7059095753667,
Afghanistan,AFG,2006.0,6.686,274.218553561575,20.1104530189181,
Afghanistan,AFG,2007.0,6.508,376.223152003876,20.5906579215423,
Afghanistan,AFG,2008.0,6.392,381.73323802844,21.1241481349633,
Afghanistan,AFG,2009.0,6.295,452.053705477043,21.6885475109053,1.448
Afghanistan,AFG,2010.0,6.195,560.621505463146,22.2614799010924,
Afghanistan,AFG,2011.0,6.094,606.694676337726,22.8205691572485,1.825
Afghanistan,AFG,2012.0,5.985,651.417134470046,23.3434391310979,
Afghanistan,AFG,2013.0,5.879,637.087099117099,23.8077136743646,
Afghanistan,AFG,2014.0,5.77,625.054941813938,24.1910166387726,3.496
Afghanistan,AFG,2015.0,5.652,565.569730408751,24.4649118421568,
Afghanistan,AFG,2016.0,5.542,522.082215583898,24.6588345720126,
Afghanistan,AFG,2017.0,5.433,525.469770891619,24.8352821238871,
Afghanistan,AFG,2018.0,5.327,491.337221382603,24.9991645191406,5.021
Afghanistan,AFG,2019.0,5.238,496.6025042585,25.1437258839803,
Afghanistan,AFG,2020.0,5.145,510.787063366811,25.2622103446137,5.937
Afghanistan,AFG,2021.0,5.039,356.496214115892,25.3478620272481,
Afghanistan,AFG,2022.0,4.932,357.261152798144,25.3939250580909,
Afghanistan,AFG,2023.0,4.84,413.757894705303,25.4730529631167,
Afghanistan,AFG,2024.0,4.761,,25.7007352636188,
Albania,ALB,1990.0,3.014,617.230435515505,35.8970478012844,
Albania,ALB,1991.0,2.956,336.586994504629,36.282411606506,
Albania,ALB,1992.0,2.885,200.852219772323,36.7184275131439,
Albania,ALB,1993.0,2.811,367.279225077581,37.201625125729,
Albania,ALB,1994.0,2.798,586.416135130865,37.728534048792,
Albania,ALB,1995.0,2.762,911.320465445326,38.2956838868638,
Albania,ALB,1996.0,2.666,1020.97618050188,38.8996042444751,
Albania,ALB,1997.0,2.535,728.545523729675,39.5368247261567,
Albania,ALB,1998.0,2.425,831.175344077295,40.2038749364394,
Albania,ALB,1999.0,2.313,1056.34481153033,40.8972844798541,
Albania,ALB,2000.0,2.217,1160.42047054038,41.6135829609314,
Albania,ALB,2001.0,2.141,1326.41652388077,42.354513990929,
Albania,ALB,2002.0,2.002,1479.83884572006,43.1520419609419,19.588
Albania,ALB,2003.0,2.006,1908.69900687608,44.0295089223208,19.799
Albania,ALB,2004.0,1.889,2446.90949947798,44.9784925669394,23.228
Albania,ALB,2005.0,1.787,2741.72136549578,45.9937666920583,26.683
Albania,ALB,2006.0,1.686,3057.77257038113,47.0701050949378,30.52
Albania,ALB,2007.0,1.633,3743.05529896187,48.2022815728384,35.519
Albania,ALB,2008.0,1.616,4498.50486763601,49.3850699230207,36.395
Albania,ALB,2009.0,1.638,4213.65007574693,50.6132439427449,38.133
Albania,ALB,2010.0,1.653,4149.14469936847,51.8815774292716,49.634
Albania,ALB,2011.0,1.677,4465.70914328865,53.2917382892465,56.269
Albania,ALB,2012.0,1.719,4280.93316338873,53.8637553661449,66.909
Albania,ALB,2013.0,1.741,4542.92903556739,54.2979678058548,73.036
Albania,ALB,2014.0,1.721,4793.59751131525,54.7325813178673,75.663
Albania,ALB,2015.0,1.631,4199.53912925398,55.1579291374894,71.74
Albania,ALB,2016.0,1.555,4457.63412207495,55.5738734464276,69.463
Albania,ALB,2017.0,1.486,5006.36012951959,55.980276426546,69.649
Albania,ALB,2018.0,1.415,5897.65452588774,56.377000259892,67.081
Albania,ALB,2019.0,1.395,6069.43903131027,56.7639071287255,73.047
Albania,ALB,2020.0,1.371,6027.91350716348,57.1408592155544,74.029
Albania,ALB,2021.0,1.365,7242.45513146613,57.5077187031778,72.873
Albania,ALB,2022.0,1.355,7756.96188744253,57.8643477747383,74.841
Albania,ALB,2023.0,1.348,9730.86921906893,58.2106086137857,77.032
Albania,ALB,2024.0,1.341,11377.7757431099,58.5463634043555,92.488
Algeria,DZA,1990.0,4.509,2445.18332740258,52.1421276982904,
Algeria,DZA,1991.0,4.366,1759.11201648229,52.9271811434719,
Algeria,DZA,1992.0,4.274,1802.69300801289,53.7052303119619,
Algeria,DZA,1993.0,4.076,1831.04800976449,54.4778516978094,
Algeria,DZA,1994.0,3.914,1525.54061760288,55.2466217950637,
Algeria,DZA,1995.0,3.487,1466.94806760415,56.0131170977738,
Algeria,DZA,1996.0,3.139,1616.83198721285,56.7789140999889,
Algeria,DZA,1997.0,2.886,1628.76100561506,57.5455892957581,
Algeria,DZA,1998.0,2.691,1603.36623200836,58.3146995318038,
Algeria,DZA,1999.0,2.62,1596.11822239025,59.0844647469391,
Algeria,DZA,2000.0,2.59,1772.92869122761,59.8521239445692,
Algeria,DZA,2001.0,2.519,1896.30020878013,60.6177172788536,
Algeria,DZA,2002.0,2.429,1937.46411413019,61.3812658601162,
Algeria,DZA,2003.0,2.451,2283.77299346126,62.1427907986812,
Algeria,DZA,2004.0,2.5,2816.99384960555,62.9023132048725,19.978
Algeria,DZA,2005.0,2.562,3233.13339634212,63.6598541890144,23.701
Algeria,DZA,2006.0,2.628,3660.66104745322,64.4154348614309,24.199
Algeria,DZA,2007.0,2.704,4167.45169937531,65.1690763324461,28.001
Algeria,DZA,2008.0,2.785,5180.91881514686,65.901485871159,
Algeria,DZA,2009.0,2.825,4235.42990456612,66.5097384559521,36.693
Algeria,DZA,2010.0,2.875,4912.78585503672,67.1235057867459,37.162
Algeria,DZA,2011.0,2.899,5916.31364364343,67.7344007507578,39.314
Algeria,DZA,2012.0,2.996,6033.64884689543,68.3421258553675,41.114
Algeria,DZA,2013.0,2.997,5979.60138960585,68.9463836079277,43.742
Algeria,DZA,2014.0,3.084,6094.69392314956,69.5468765157615,44.754
Algeria,DZA,2015.0,3.091,4685.05902729002,70.1433070861612,47.872
Algeria,DZA,2016.0,3.091,4424.98529027556,70.7353778263851,56.336
Algeria,DZA,2017.0,3.09,4554.66753957828,71.3227912436551,59.988
Algeria,DZA,2018.0,3.019,4577.21029180491,71.905249845153,66.985
Algeria,DZA,2019.0,2.997,4468.45341883656,72.4824561380175,67.985
Algeria,DZA,2020.0,2.94,3743.5419522929,73.0541126293395,67.542
Algeria,DZA,2021.0,2.87,4160.55926736925,73.6199218261573,67.761
Algeria,DZA,2022.0,2.817,4960.30334332888,74.1795862354514,67.807
Algeria,DZA,2023.0,2.766,5370.477235078,74.732808364138,67.259
Algeria,DZA,2024.0,2.723,5752.99076651465,75.2792907190618,66.095
American Samoa,ASM,1990.0,4.472,,75.75476136421,
American Samoa,ASM,1991.0,4.528,,77.1886431276343,
American Samoa,ASM,1992.0,4.557,,78.8200233343089,
American Samoa,ASM,1993.0,4.605,,80.5535241084936,
American Samoa,ASM,1994.0,4.384,,82.3063685835789,
American Samoa,ASM,1995.0,4.121,,83.9957798929559,
American Samoa,ASM,1996.0,3.944,,85.5389811700152,
American Samoa,ASM,1997.0,3.887,,86.8531955481476,
American Samoa,ASM,1998.0,3.878,,87.855646160744,
American Samoa,ASM,1999.0,3.891,,88.4635561411951,
American Samoa,ASM,2000.0,3.89,,88.6075809307222,
American Samoa,ASM,2001.0,3.87,,88.553433064242,
American Samoa,ASM,2002.0,3.866,8972.69636535698,88.4330093344384,
American Samoa,ASM,2003.0,3.91,9197.66196836987,88.2572251046343,
American Samoa,ASM,2004.0,3.945,8958.42866697173,88.0361455323111,
American Samoa,ASM,2005.0,3.863,8831.26975996609,87.7798357749499,
American Samoa,ASM,2006.0,3.685,8745.16621137404,87.4983609900321,
American Samoa,ASM,2007.0,3.509,9231.37240924563,87.2017863350389,
American Samoa,ASM,2008.0,3.42,10030.8089130902,86.9001769674517,
American Samoa,ASM,2009.0,3.359,12156.0293905777,86.6035980447517,
American Samoa,ASM,2010.0,3.292,10375.1720141957,86.3190673549669,
American Samoa,ASM,2011.0,3.169,10383.459331451,86.0284991724475,
American Samoa,ASM,2012.0,3.043,11745.4899153958,85.7161174344451,
American Samoa,ASM,2013.0,2.932,11813.5022034589,85.3846465194761,
American Samoa,ASM,2014.0,2.852,12026.3344929488,85.0351448001542,
American Samoa,ASM,2015.0,2.78,12727.4102651386,84.668670649093,
American Samoa,ASM,2016.0,2.699,12843.3342903627,84.2862824389061,
American Samoa,ASM,2017.0,2.598,11863.6839452565,83.8890385422071,
American Samoa,ASM,2018.0,2.494,12552.0546868861,83.4779973316097,
American Samoa,ASM,2019.0,2.404,12886.1359517218,83.0542171797274,
American Samoa,ASM,2020.0,2.36,14489.2586563775,82.6240780620716,
American Samoa,ASM,2021.0,2.327,15236.1604875571,82.2127091544092,
American Samoa,ASM,2022.0,2.305,18017.4589383973,81.794797704649,
American Samoa,ASM,2023.0,2.286,,81.3721542708222,
American Samoa,ASM,2024.0,2.267,,80.9446986961818,
Andorra,AND,1990.0,1.401,19563.6574722488,94.7658920288086,
Andorra,AND,1991.0,1.397,19533.2620668023,94.3135604858398,
Andorra,AND,1992.0,1.373,20099.5352208543,94.0108012203437,
Andorra,AND,1993.0,1.334,15916.8395162087,93.7590394297725,
Andorra,AND,1994.0,1.317,15748.5307503373,93.5443620126415,
Andorra,AND,1995.0,1.319,18443.2545197741,93.3528558674658,
Andorra,AND,1996.0,1.329,19130.1597151312,93.1706078927605,
Andorra,AND,1997.0,1.354,18247.9995651361,92.9837049870406,
Andorra,AND,1998.0,1.383,18536.5084282698,92.7782340488214,
Andorra,AND,1999.0,1.421,18875.2883698571,92.5402819766179,
Andorra,AND,2000.0,1.273,21810.2503808666,92.2559356689453,
Andorra,AND,2001.0,1.305,23511.2969500881,91.8949711110146,
Andorra,AND,2002.0,1.265,26528.1300628236,91.4605308311615,7.438
Andorra,AND,2003.0,1.18,34063.575598394,90.9887515425879,8.693
Andorra,AND,2004.0,1.229,39021.1107100919,90.5157699584961,8.541
Andorra,AND,2005.0,1.224,40829.8116399538,89.9563631945418,8.837
Andorra,AND,2006.0,1.234,43467.1963063068,89.3789218918348,11.076
Andorra,AND,2007.0,1.189,48336.2548304926,89.0500030517578,
Andorra,AND,2008.0,1.25,49132.4925840057,88.9407363930477,13.128
Andorra,AND,2009.0,1.208,43975.0000888133,88.84433315185,
Andorra,AND,2010.0,1.275,42746.830391567,88.7604726056609,
Andorra,AND,2011.0,1.321,46657.1495384811,88.6888340319763,
Andorra,AND,2012.0,1.26,41500.5499988288,88.6290967082924,16.232
Andorra,AND,2013.0,1.142,42470.3230369366,88.5809399121053,17.981
Andorra,AND,2014.0,1.168,44369.6712976777,88.544042920911,16.436
Andorra,AND,2015.0,1.223,38654.95287916,88.5180850122057,17.202
Andorra,AND,2016.0,1.184,40129.8385811474,88.5027454634853,18.011
Andorra,AND,2017.0,1.129,40672.9717424447,88.4977035522461,17.562
Andorra,AND,2018.0,1.053,42819.7577456133,88.5080998493791,16.95
Andorra,AND,2019.0,1.045,41257.816459345,88.5391793666245,16.779
Andorra,AND,2020.0,1.028,37361.1070081615,88.5907780427517,15.795
Andorra,AND,2021.0,1.058,42425.7066454357,88.6627318165299,16.723
Andorra,AND,2022.0,1.071,42414.0479861228,88.7548766267286,35.311
Andorra,AND,2023.0,1.082,46812.4261013102,88.8201609217082,68.004
Andorra,AND,2024.0,1.087,49303.6491674336,88.8850044816278,70.938
Angola,AGO,1990.0,7.272,965.866840464665,37.878002182162,0.193
Angola,AGO,1991.0,7.208,881.919488130062,39.2162705484376,
Angola,AGO,1992.0,7.138,668.706017459877,40.5205765835195,
Angola,AGO,1993.0,7.065,449.727894936295,41.7840948723822,
Angola,AGO,1994.0,6.99,334.973590276074,43.0,
Angola,AGO,1995.0,6.918,404.29481849612,44.2110025396864,
Angola,AGO,1996.0,6.851,531.115366543271,45.4556005898678,
Angola,AGO,1997.0,6.789,521.70291489053,46.7206500231881,
Angola,AGO,1998.0,6.732,429.188126933192,47.993006712291,0.501
Angola,AGO,1999.0,6.683,392.725539027496,49.2595265298203,0.43
Angola,AGO,2000.0,6.639,563.733795571487,50.5070653484197,
Angola,AGO,2001.0,6.601,533.586202412447,51.7224790407329,
Angola,AGO,2002.0,6.567,999.065855913758,52.8926234794038,0.621
Angola,AGO,2003.0,6.533,1133.66331960607,54.0043545370761,
Angola,AGO,2004.0,6.499,1451.47117872493,55.0445280863936,
Angola,AGO,2005.0,6.461,2145.88621096327,56.0,
Angola,AGO,2006.0,6.419,2930.4442860732,56.8939032662772,
Angola,AGO,2007.0,6.372,3515.05678986535,57.7564632930133,
Angola,AGO,2008.0,6.32,4578.15526451517,58.5851745819614,
Angola,AGO,2009.0,6.26,3645.14846562976,59.3775316348744,
Angola,AGO,2010.0,6.194,4101.63715566712,60.1310289535053,
Angola,AGO,2011.0,6.12,5184.15269149912,60.8431610396073,3.512
Angola,AGO,2012.0,6.039,5702.45306277434,61.5114223949332,
Angola,AGO,2013.0,5.953,5688.57916215215,62.1333075212361,8.24
Angola,AGO,2014.0,5.864,5649.68762469139,62.723115793241,
Angola,AGO,2015.0,5.774,3641.72893919944,63.51567832685,7.785
Angola,AGO,2016.0,5.686,2051.81462126253,64.2992302517989,8.915
Angola,AGO,2017.0,5.6,2790.71886869768,65.0850525086068,
Angola,AGO,2018.0,5.519,2860.0936483682,65.8732136723372,
Angola,AGO,2019.0,5.442,2493.67884440177,66.6637823180533,
Angola,AGO,2020.0,5.371,1759.35619918264,67.4568270208187,
Angola,AGO,2021.0,5.304,2303.90812662776,68.2524163556969,
Angola,AGO,2022.0,5.209,3682.1131513698,69.0506188977513,
Angola,AGO,2023.0,5.124,2916.13663284275,69.8515032220457,9.934
Angola,AGO,2024.0,5.048,2665.87444776753,70.6551379036435,9.898
Antigua and Barbuda,ATG,1990.0,2.249,7590.75442423046,35.4900882982909,
Antigua and Barbuda,ATG,1991.0,2.036,7956.47430919648,35.4992668871244,
Antigua and Barbuda,ATG,1992.0,2.126,8153.73786307269,35.4264942344835,
Antigua and Barbuda,ATG,1993.0,2.036,8624.62016806628,35.2418190034,
Antigua and Barbuda,ATG,1994.0,2.069,9351.48753768505,34.9622518377762,
Antigua and Barbuda,ATG,1995.0,2.159,9034.47552907143,34.6045871837806,
Antigua and Barbuda,ATG,1996.0,2.266,9756.08717951992,34.1856194875816,
Antigua and Barbuda,ATG,1997.0,2.19,10336.2591617838,33.7221431953478,
Antigua and Barbuda,ATG,1998.0,2.017,10906.8785406961,33.2309527532477,
Antigua and Barbuda,ATG,1999.0,1.956,11342.3349230913,32.7288426074498,
Antigua and Barbuda,ATG,2000.0,2.196,12027.4949768222,32.2326072041227,
Antigua and Barbuda,ATG,2001.0,2.018,11539.1825063308,31.7554348168059,
Antigua and Barbuda,ATG,2002.0,1.94,11658.6949915956,31.2280374899146,
Antigua and Barbuda,ATG,2003.0,1.887,12173.2319860305,30.6003743426951,
Antigua and Barbuda,ATG,2004.0,1.852,13037.8895772257,29.905566716031,
Antigua and Barbuda,ATG,2005.0,1.832,14368.5708796058,29.1737995723752,
Antigua and Barbuda,ATG,2006.0,1.831,16173.8136329968,28.43525787418,
Antigua and Barbuda,ATG,2007.0,1.86,18204.5124043068,27.7201265838981,
Antigua and Barbuda,ATG,2008.0,2.042,18786.6743142216,27.0585906639822,
Antigua and Barbuda,ATG,2009.0,2.006,16472.2478528568,26.4808350768849,20.544
Antigua and Barbuda,ATG,2010.0,1.785,15217.3950790922,26.0170447850587,24.131
Antigua and Barbuda,ATG,2011.0,1.746,14911.7275084471,25.694689859722,20.183
Antigua and Barbuda,ATG,2012.0,1.655,15639.8078114787,25.4555618588267,34.279
Antigua and Barbuda,ATG,2013.0,1.537,15051.5113587425,25.2475667667937,
Antigua and Barbuda,ATG,2014.0,1.526,15532.1062063584,25.0899726107741,
Antigua and Barbuda,ATG,2015.0,1.567,16077.6340769406,25.0,
Antigua and Barbuda,ATG,2016.0,1.458,16556.8551801588,24.9239807471655,
Antigua and Barbuda,ATG,2017.0,1.485,16965.7288273816,24.8500263836871,
Antigua and Barbuda,ATG,2018.0,1.371,18273.4270684912,24.7781432093764,
Antigua and Barbuda,ATG,2019.0,1.468,18896.3721832248,24.708337524045,
Antigua and Barbuda,ATG,2020.0,1.569,15369.6082250401,24.6406156275043,
Antigua and Barbuda,ATG,2021.0,1.58,17348.6006987182,24.574983819566,
Antigua and Barbuda,ATG,2022.0,1.58,20105.1989085164,24.5114484000414,
Antigua and Barbuda,ATG,2023.0,1.578,21494.5474000727,24.4500156687422,
Antigua and Barbuda,ATG,2024.0,1.582,23542.4526945578,24.3906919254799,
Argentina,ARG,1990.0,3.034,4315.33403111588,86.9197327116719,
Argentina,ARG,1991.0,3.012,5709.24784079504,87.2150276705697,
Argentina,ARG,1992.0,2.987,6789.99611136495,87.4815873775619,
Argentina,ARG,1993.0,2.966,6931.85596375876,87.7307713525095,
Argentina,ARG,1994.0,2.935,7437.56242327594,87.964582650281,
Argentina,ARG,1995.0,2.864,7357.6162773788,88.1853677511823,
Argentina,ARG,1996.0,2.781,7663.21271287469,88.3954731355194,
Argentina,ARG,1997.0,2.706,8146.78710021431,88.5972452835983,
Argentina,ARG,1998.0,2.662,8218.99212764682,88.793030675725,
Argentina,ARG,1999.0,2.643,7705.54288252851,88.9851757922053,62.191
Argentina,ARG,2000.0,2.591,7637.01489203628,89.1760271133454,66.479
Argentina,ARG,2001.0,2.531,7141.47507662826,89.3682951289372,70.486
Argentina,ARG,2002.0,2.493,2569.69963519124,89.5616701920513,74.474
Argentina,ARG,2003.0,2.451,3320.47775133903,89.752468256564,77.698
Argentina,ARG,2004.0,2.43,4242.02099089422,89.9397208794212,76.436
Argentina,ARG,2005.0,2.426,5067.65342293276,90.1233737736072,75.889
Argentina,ARG,2006.0,2.4,5869.38028970204,90.3033726521064,81.567
Argentina,ARG,2007.0,2.37,7185.25155147027,90.4796632279031,81.281
Argentina,ARG,2008.0,2.432,8944.1102657357,90.6521912139817,83.675
Argentina,ARG,2009.0,2.4,8150.23527028221,90.8209023233265,86.0
Argentina,ARG,2010.0,2.411,10260.1313108254,90.9930051940977,89.718
Argentina,ARG,2011.0,2.393,12704.2831819684,91.1072286738406,94.929
Argentina,ARG,2012.0,2.304,12949.717486654,91.2041217246797,96.557
Argentina,ARG,2013.0,2.335,12963.675773326,91.3014507719473,97.918
Argentina,ARG,2014.0,2.386,12233.1444119186,91.3975345472954,101.271
Argentina,ARG,2015.0,2.35,13679.6264980954,91.4923019108628,105.026
Argentina,ARG,2016.0,2.241,12699.9623137756,91.5856817228217,109.303
Argentina,ARG,2017.0,2.168,14532.5009308511,91.6776028433824,112.844
Argentina,ARG,2018.0,2.067,11752.7998922979,91.7679941327998,114.839
Argentina,ARG,2019.0,1.882,9955.97478680428,91.8567844513802,120.836
Argentina,ARG,2020.0,1.601,8535.59938004389,91.9439026594897,127.155
Argentina,ARG,2021.0,1.585,10738.0179223384,92.0292776175651,140.307
Argentina,ARG,2022.0,1.482,13962.1894087223,92.112838186126,140.068
Argentina,ARG,2023.0,1.5,14261.8465667948,92.1945132257907,140.192
Argentina,ARG,2024.0,1.504,13969.7836603737,92.2742315972952,
Armenia,ARM,1990.0,2.708,635.355327502517,67.715704725076,
Armenia,ARM,1991.0,2.643,572.740260900977,67.5489914581788,
Armenia,ARM,1992.0,2.499,356.350780006933,67.3189719323147,
Armenia,ARM,1993.0,2.286,347.870644720878,67.0403082101074,
Armenia,ARM,1994.0,2.084,390.879964297655,66.7276623541806,
Armenia,ARM,1995.0,2.067,443.924860857976,66.3956964271579,
Armenia,ARM,1996.0,2.06,487.068624404558,66.0590724916631,
Armenia,ARM,1997.0,1.9,505.035887057966,65.7324526103198,
Armenia,ARM,1998.0,1.81,590.239947333459,65.4304988457517,
Armenia,ARM,1999.0,1.534,582.669886150895,65.1678732605826,
Armenia,ARM,2000.0,1.3,593.450581742282,64.959237917436,36.458
Armenia,ARM,2001.0,1.2,659.588988535629,64.8228123790872,35.447
Armenia,ARM,2002.0,1.2,742.651118319819,64.7396211980252,38.307
Armenia,ARM,2003.0,1.3,882.030167695474,64.6663537455064,38.841
Armenia,ARM,2004.0,1.4,1130.08791444158,64.5972633621116,41.122
Armenia,ARM,2005.0,1.3,1557.48458908655,64.5334210637509,43.088
Armenia,ARM,2006.0,1.3,2041.65267068997,64.4758978663344,46.56
Armenia,ARM,2007.0,1.4,2962.70234594569,64.4257647857723,49.589
Armenia,ARM,2008.0,1.4,3777.66859313767,64.3840928379746,51.951
Armenia,ARM,2009.0,1.5,2820.5926553347,64.3519530388516,53.779
Armenia,ARM,2010.0,1.5,3041.34450723339,64.3304164043132,54.945
Armenia,ARM,2011.0,1.5,3349.55309771906,64.3207449145194,54.929
Armenia,ARM,2012.0,1.6,3511.56399687426,64.3268379506998,47.672
Armenia,ARM,2013.0,1.6,3680.16692158886,64.3584061131466,47.298
Armenia,ARM,2014.0,1.7,3852.11800610384,64.4142934233291,50.736
Armenia,ARM,2015.0,1.6,3512.39350276709,64.4929623431549,53.138
Armenia,ARM,2016.0,1.6,3524.42476874707,64.5928753345316,60.948
Armenia,ARM,2017.0,1.6,3869.05373867752,64.7124948593667,62.035
Armenia,ARM,2018.0,1.6,4196.00562301769,64.8502833795679,65.02
Armenia,ARM,2019.0,1.6,4597.22887399548,65.0047033570428,59.972
Armenia,ARM,2020.0,1.7,4268.68093304583,65.174217253699,59.571
Armenia,ARM,2021.0,1.7,4685.17997128509,65.3572875314441,63.588
Armenia,ARM,2022.0,1.7,6571.97445545099,65.5624462874485,64.064
Armenia,ARM,2023.0,1.9,8159.08720967996,65.6956882008852,63.826
Armenia,ARM,2024.0,1.7,8556.21406956719,65.8113671449901,61.298
Aruba,ABW,1990.0,2.345,12187.5363611898,65.4328161744708,
Aruba,ABW,1991.0,2.362,13233.9905169683,65.4009220636969,
Aruba,ABW,1992.0,2.353,13892.6051427736,65.3905890889858,
Aruba,ABW,1993.0,2.331,14700.9598081521,65.3844666218501,
Aruba,ABW,1994.0,2.298,16055.2877874337,65.3800478100985,
Aruba,ABW,1995.0,2.288,16548.7173868987,65.376703433065,
Aruba,ABW,1996.0,2.233,16620.9545555513,65.3738042700838,
Aruba,ABW,1997.0,2.138,17750.0095644198,65.3707211004889,
Aruba,ABW,1998.0,2.001,18828.0870594071,65.3668247036146,
Aruba,ABW,1999.0,1.897,19216.1972354472,65.3614858587949,
Aruba,ABW,2000.0,1.845,20681.0230269625,65.3545497799987,
Aruba,ABW,2001.0,1.813,20740.1325828172,65.3351137913914,35.152
Aruba,ABW,2002.0,1.8,21307.2482505267,65.2820691308217,34.906
Aruba,ABW,2003.0,1.808,21949.4859960868,65.1982922587168,36.364
Aruba,ABW,2004.0,1.819,23700.6319899197,65.0886533661558,36.787
Aruba,ABW,2005.0,1.844,24171.8371325422,64.9580226442175,43.087
Aruba,ABW,2006.0,1.862,24845.65848362,64.811270283981,41.006
Aruba,ABW,2007.0,1.881,26736.3089444046,64.6532664765254,40.737
Aruba,ABW,2008.0,1.889,28171.9094008501,64.4888814129295,41.184
Aruba,ABW,2009.0,1.875,25134.7712303589,64.3229852842726,40.913
Aruba,ABW,2010.0,1.855,24093.1401510626,64.1612965549477,42.237
Aruba,ABW,2011.0,1.858,25712.3843015186,63.9992605838571,45.606
Aruba,ABW,2012.0,1.907,25119.6655449838,63.8252085199599,46.89
Aruba,ABW,2013.0,1.944,25813.5714408438,63.6382914355326,23.838
Aruba,ABW,2014.0,1.944,26129.8390617693,63.4392531303795,24.86
Aruba,ABW,2015.0,1.899,27458.2201537506,63.2288374043053,23.671
Aruba,ABW,2016.0,1.848,27441.5502144601,63.0077880571142,22.806
Aruba,ABW,2017.0,1.785,28440.0416881491,62.7768488886109,
Aruba,ABW,2018.0,1.732,30082.1584226798,62.5367636985996,
Aruba,ABW,2019.0,1.701,30645.8906024548,62.288276286885,
Aruba,ABW,2020.0,1.662,22759.8071750722,62.0028837566365,
Aruba,ABW,2021.0,1.631,26749.3296093118,61.9275339886843,
Aruba,ABW,2022.0,1.615,30975.9989121779,61.8811657924257,
Aruba,ABW,2023.0,1.602,35718.7531191634,61.8351492675589,
Aruba,ABW,2024.0,1.606,39498.5941293797,61.7909396819594,19.993
Australia,AUS,1990.0,1.902,18273.561526468,85.3951926476336,
Australia,AUS,1991.0,1.849,18885.4274465057,85.4000007462027,
Australia,AUS,1992.0,1.888,18650.3675476612,85.3907597470933,
Australia,AUS,1993.0,1.859,17724.5399501656,85.3660763370105,
Australia,AUS,1994.0,1.842,18155.6282000179,85.3300727660859,
Australia,AUS,1995.0,1.822,20479.1748274233,85.2868710503009,
Australia,AUS,1996.0,1.796,22055.838490507,85.2405932056372,
Australia,AUS,1997.0,1.778,23683.4948964934,85.1953612480762,
Australia,AUS,1998.0,1.762,21516.0403147759,85.1552971935996,
Australia,AUS,1999.0,1.755,20749.6443779096,85.1245230581889,
Australia,AUS,2000.0,1.756,21908.9968019784,85.1071608578257,
Australia,AUS,2001.0,1.739,19733.6510102645,85.1481094164726,
Australia,AUS,2002.0,1.756,20335.0960191023,85.2842102783464,
Australia,AUS,2003.0,1.748,23757.5898471684,85.4097077818668,
Australia,AUS,2004.0,1.768,30886.0500949401,85.518767609412,
Australia,AUS,2005.0,1.807,34535.20727091,85.6190871221958,
Australia,AUS,2006.0,1.908,36658.8243476122,85.7492544263523,
Australia,AUS,2007.0,1.959,41128.2476618402,85.8968519574969,
Australia,AUS,2008.0,1.984,49811.2067218988,86.0253816967666,
Australia,AUS,2009.0,1.971,42954.8494884573,86.1278139101818,
Australia,AUS,2010.0,1.928,52313.8939041213,86.2198600512143,
Australia,AUS,2011.0,1.926,62799.3895017032,86.3268946146423,
Australia,AUS,2012.0,1.92,68301.4402512587,86.4451259136625,
Australia,AUS,2013.0,1.855,68476.6788496118,86.5740515760243,
Australia,AUS,2014.0,1.826,62817.2061751737,86.7221289343356,
Australia,AUS,2015.0,1.814,56970.3613028094,86.8778642539361,141.46
Australia,AUS,2016.0,1.752,50084.4440606385,87.0166295249235,141.216
Australia,AUS,2017.0,1.741,54117.547718609,87.12809266445,129.975
Australia,AUS,2018.0,1.74,57410.1737346009,87.2267680845925,119.994
Australia,AUS,2019.0,1.657,55194.7585097428,87.3019647888406,128.24
Australia,AUS,2020.0,1.581,51983.4523666382,87.2713470458985,130.225
Australia,AUS,2021.0,1.7,60758.9044397144,87.2353407632761,135.733
Australia,AUS,2022.0,1.63,65169.5191118657,87.3343268253813,128.283
Australia,AUS,2023.0,1.499,65058.3773146674,87.4866955653765,125.172
Australia,AUS,2024.0,1.481,64603.9856308464,87.6021469990446,
Austria,AUT,1990.0,1.46,21596.068219998,64.110852115312,
Austria,AUT,1991.0,1.51,22323.1312492943,64.6009589145985,
Austria,AUT,1992.0,1.51,24782.7118767063,64.9499929346872,
Austria,AUT,1993.0,1.5,23987.2037240657,65.280505951617,
Austria,AUT,1994.0,1.47,25546.2460525087,65.585473658006,
Austria,AUT,1995.0,1.42,30207.0674314652,65.8629352596037,
Austria,AUT,1996.0,1.45,29645.9451251491,66.1109299621598,
Austria,AUT,1997.0,1.39,26571.7523626508,66.3274969714236,
Austria,AUT,1998.0,1.37,27212.4642905708,66.5106754931446,
Austria,AUT,1999.0,1.34,27078.7081612201,66.6585047330725,
Austria,AUT,2000.0,1.36,24487.2974685956,66.7690238969566,
Austria,AUT,2001.0,1.33,24430.495982841,66.8408161285718,
Austria,AUT,2002.0,1.39,26334.862215032,66.8887457136458,
Austria,AUT,2003.0,1.38,32110.1159661425,66.9263574955092,
Austria,AUT,2004.0,1.42,36614.2506533707,66.9558612872944,
Austria,AUT,2005.0,1.41,38157.37022862,66.9797950654143,
Austria,AUT,2006.0,1.41,40382.2078298575,67.0006968062814,
Austria,AUT,2007.0,1.38,46622.9622913635,67.0211044863084,
Austria,AUT,2008.0,1.42,51581.3982361071,67.0435560819078,
Austria,AUT,2009.0,1.39,47857.4446635266,67.0705895694924,
Austria,AUT,2010.0,1.44,46611.1393420232,67.1047429254747,
Austria,AUT,2011.0,1.43,51116.8953522042,67.1484255415056,
Austria,AUT,2012.0,1.44,48250.4059142637,67.2085909812279,
Austria,AUT,2013.0,1.44,50305.3545774973,67.2981308784247,88.642
Austria,AUT,2014.0,1.46,51314.9722616322,67.4154327591781,88.431
Austria,AUT,2015.0,1.49,43915.228020857,67.5576175537383,89.905
Austria,AUT,2016.0,1.53,45061.4993920192,67.7218061923556,90.941
Austria,AUT,2017.0,1.52,47163.7425775142,67.9051196052802,92.107
Austria,AUT,2018.0,1.47,51194.0749841299,68.1046787227623,94.499
Austria,AUT,2019.0,1.46,49885.9947355204,68.3176044750522,95.45
Austria,AUT,2020.0,1.44,48716.4098900349,68.5410177924001,98.364
Austria,AUT,2021.0,1.48,53648.6437976214,68.773601700253,105.24
Austria,AUT,2022.0,1.41,52336.7725223758,68.998085127906,106.698
Austria,AUT,2023.0,1.32,56579.504175468,69.2265358276021,103.993
Austria,AUT,2024.0,1.31,58268.8787651601,69.4658181096788,
Azerbaijan,AZE,1990.0,2.74,1238.27189274842,53.6960678100586,
Azerbaijan,AZE,1991.0,2.87,734.944232805688,53.2414665222168,
Azerbaijan,AZE,1992.0,2.74,60.2351205405972,52.9185485839844,
Azerbaijan,AZE,1993.0,2.7,209.530954548425,52.6992034912109,
Azerbaijan,AZE,1994.0,2.52,157.063549947072,52.5011177062988,
Azerbaijan,AZE,1995.0,2.29,314.55801908334,52.3116760253906,
Azerbaijan,AZE,1996.0,2.06,409.185543774103,52.1216049194336,
Azerbaijan,AZE,1997.0,2.07,505.516204188336,51.9270782470703,
Azerbaijan,AZE,1998.0,2.0,561.906807871869,51.4672050476074,
Azerbaijan,AZE,1999.0,2.07,573.893528734031,50.998251151426,
Azerbaijan,AZE,2000.0,2.0,655.097249579917,51.1320838928223,
Azerbaijan,AZE,2001.0,1.8,703.670998584686,51.1584815979004,
Azerbaijan,AZE,2002.0,1.8,763.108895463487,51.2144165039062,
Azerbaijan,AZE,2003.0,1.9,883.692580745256,51.7257995605469,
Azerbaijan,AZE,2004.0,2.0535,1045.0136328106,52.2831993103027,
Azerbaijan,AZE,2005.0,2.0,1578.36733030667,52.5028533935547,
Azerbaijan,AZE,2006.0,1.97,2472.95725732287,52.6540145874023,20.246
Azerbaijan,AZE,2007.0,1.97,3851.33015175141,52.8281555175781,19.55
Azerbaijan,AZE,2008.0,1.9,5574.46810432575,53.063304901123,18.87
Azerbaijan,AZE,2009.0,1.82,4950.39949009423,53.1358125434574,18.931
Azerbaijan,AZE,2010.0,1.92,5843.5337683582,53.2848367714869,19.156
Azerbaijan,AZE,2011.0,1.96,7189.81869211976,53.5085461893249,19.808
Azerbaijan,AZE,2012.0,2.0,7495.86527658099,53.8076442276208,20.926
Azerbaijan,AZE,2013.0,1.98,7875.34536661549,54.1821087431318,22.624
Azerbaijan,AZE,2014.0,1.97,7890.84028062087,54.6319175926151,24.753
Azerbaijan,AZE,2015.0,1.94,5500.50364628486,55.1570486328276,27.481
Azerbaijan,AZE,2016.0,1.9,3880.6852276838,55.7574797205266,29.692
Azerbaijan,AZE,2017.0,1.75,4147.1981423222,56.4331887124691,30.68
Azerbaijan,AZE,2018.0,1.73,4739.7943123408,57.1841534654123,31.182
Azerbaijan,AZE,2019.0,1.81,4805.75371765917,58.1308191977779,35.702
Azerbaijan,AZE,2020.0,1.7,4229.91064904503,58.2934691761937,39.226
Azerbaijan,AZE,2021.0,1.52,5408.04535175023,58.3659969744818,42.558
Azerbaijan,AZE,2022.0,1.67,7770.594223351,58.4382815854684,44.869
Azerbaijan,AZE,2023.0,1.55,7133.02838048328,58.5075350483702,46.147
Azerbaijan,AZE,2024.0,1.43,7283.8499076179,58.573795837717,46.851
"Bahamas, The",BHS,1990.0,2.52,11473.3008389353,80.401533049016,
"Bahamas, The",BHS,1991.0,2.51,11082.3528573617,80.5003285639749,
"Bahamas, The",BHS,1992.0,2.71,10873.4047501635,80.581153601484,
"Bahamas, The",BHS,1993.0,2.61,10613.0658785813,80.6457325200193,
"Bahamas, The",BHS,1994.0,2.472,10991.2346674131,80.6987329843932,
"Bahamas, The",BHS,1995.0,2.419,11374.6056703852,80.7448226594184,21.562
"Bahamas, The",BHS,1996.0,2.353,11783.797197226,80.7886692099075,
"Bahamas, The",BHS,1997.0,2.293,20367.5732702056,80.8349403006729,
"Bahamas, The",BHS,1998.0,2.232,21667.448821694,80.8883035965274,
"Bahamas, The",BHS,1999.0,2.134,24041.0933188158,80.9534267622834,
"Bahamas, The",BHS,2000.0,2.06,24940.0775086078,81.0361161567684,
"Bahamas, The",BHS,2001.0,2.02,25371.9237667614,81.152720524793,
"Bahamas, The",BHS,2002.0,1.984,26781.6195938652,81.3054206830642,
"Bahamas, The",BHS,2003.0,1.971,26429.1247787663,81.4819614595541,
"Bahamas, The",BHS,2004.0,1.98,26650.2934234303,81.6708410883427,
"Bahamas, The",BHS,2005.0,2.008,28602.4181869995,81.8605578035102,
"Bahamas, The",BHS,2006.0,2.019,29184.7865087908,82.0396098391364,
"Bahamas, The",BHS,2007.0,2.035,30051.8489587756,82.1964954293015,
"Bahamas, The",BHS,2008.0,1.999,29392.3824416397,82.3197128080855,
"Bahamas, The",BHS,2009.0,2.011,27512.9130950084,82.3977602095684,
"Bahamas, The",BHS,2010.0,1.837,27473.100430502,82.4198104431593,
"Bahamas, The",BHS,2011.0,1.791,27090.8376801379,82.4130347470308,
"Bahamas, The",BHS,2012.0,1.761,28552.0242683151,82.3947485339925,
"Bahamas, The",BHS,2013.0,1.738,27642.7419759179,82.3635791100868,
"Bahamas, The",BHS,2014.0,1.687,29137.2175632622,82.3180931037043,
"Bahamas, The",BHS,2015.0,1.574,30719.405417469,82.2568571432361,
"Bahamas, The",BHS,2016.0,1.495,30616.5363157284,82.1784378570728,
"Bahamas, The",BHS,2017.0,1.424,31875.4881749619,82.0814018736052,
"Bahamas, The",BHS,2018.0,1.404,32642.3353203452,81.9643158212241,
"Bahamas, The",BHS,2019.0,1.397,33640.3369861278,81.8257463283204,
"Bahamas, The",BHS,2020.0,1.386,26178.7537607708,81.6642600232849,
"Bahamas, The",BHS,2021.0,1.382,30367.8605757708,81.4784235345083,
"Bahamas, The",BHS,2022.0,1.379,34957.1613279737,81.3200717047725,
"Bahamas, The",BHS,2023.0,1.373,38231.774484278,81.3213799173676,
"Bahamas, The",BHS,2024.0,1.374,39455.4466548546,81.3249262966481,
Bahrain,BHR,1990.0,3.817,9342.53891401688,88.1475141671497,
Bahrain,BHR,1991.0,3.625,10434.1323962786,88.4141682579058,20.485
Bahrain,BHR,1992.0,3.548,10460.1583222808,88.4377266220855,23.097
Bahrain,BHR,1993.0,3.461,11151.871495742,88.3963386224123,24.047
Bahrain,BHR,1994.0,3.291,11629.3595219612,88.3272531646575,23.059
Bahrain,BHR,1995.0,3.128,11900.9317778335,88.2394796624129,22.039
Bahrain,BHR,1996.0,2.986,12091.7802188235,88.1420275292704,22.129
Bahrain,BHR,1997.0,2.924,12254.6662583128,88.043906178822,
Bahrain,BHR,1998.0,2.889,11625.0343768343,87.9541250246595,
Bahrain,BHR,1999.0,2.899,12123.3534715368,87.8816934803747,26.779
Bahrain,BHR,2000.0,2.798,14214.4836839343,87.8356209595597,
Bahrain,BHR,2001.0,2.653,13573.2339887597,87.8397146150894,
Bahrain,BHR,2002.0,2.699,13501.4708801425,88.1427867595875,
Bahrain,BHR,2003.0,2.778,14486.0269029822,88.8325339694118,40.011
Bahrain,BHR,2004.0,2.774,15963.9493171617,89.8569005979296,
Bahrain,BHR,2005.0,2.67,17966.1657837625,91.168165501421,34.647
Bahrain,BHR,2006.0,2.464,19267.282615072,92.7186075361661,31.628
Bahrain,BHR,2007.0,2.282,20908.4042548073,94.460505558445,
Bahrain,BHR,2008.0,2.152,23299.4992780392,96.3461384245376,
Bahrain,BHR,2009.0,2.047,19465.3140745038,98.3277849907243,
Bahrain,BHR,2010.0,1.987,21819.3291098099,100.0,
Bahrain,BHR,2011.0,2.025,25032.7867743333,100.0,59.888
Bahrain,BHR,2012.0,2.11,26438.6733230428,100.0,66.311
Bahrain,BHR,2013.0,2.166,26989.7601148469,100.0,63.504
Bahrain,BHR,2014.0,2.149,26451.7965647453,100.0,60.227
Bahrain,BHR,2015.0,2.113,23734.0551143019,100.0,60.951
Bahrain,BHR,2016.0,2.042,23800.001440631,100.0,63.05
Bahrain,BHR,2017.0,1.984,24784.7693514607,100.0,65.193
Bahrain,BHR,2018.0,1.911,26324.4066549559,100.0,67.329
Bahrain,BHR,2019.0,1.843,27259.7438599327,100.0,71.724
Bahrain,BHR,2020.0,1.86,24342.8444554718,100.0,75.291
Bahrain,BHR,2021.0,1.852,27147.8083882286,100.0,67.077
Bahrain,BHR,2022.0,1.839,30470.5219276023,100.0,73.607
Bahrain,BHR,2023.0,1.824,29290.1284215098,100.0,84.325
Bahrain,BHR,2024.0,1.805,29653.5682731534,100.0,79.939
Bangladesh,BGD,1990.0,4.506,283.053737055234,19.8635088474054,1.386
Bangladesh,BGD,1991.0,4.261,272.064948495878,20.2666857869933,
Bangladesh,BGD,1992.0,4.027,273.465072520272,20.6483331421589,
Bangladesh,BGD,1993.0,3.832,280.757274450366,21.002845267132,
Bangladesh,BGD,1994.0,3.737,280.603031791216,21.3383159101032,
Bangladesh,BGD,1995.0,3.588,309.458680823367,21.661231550566,
Bangladesh,BGD,1996.0,3.505,371.917937677345,21.9780786680138,
Bangladesh,BGD,1997.0,3.502,379.284917709635,22.2953437419401,
Bangladesh,BGD,1998.0,3.427,385.616881752796,22.6195132518384,
Bangladesh,BGD,1999.0,3.357,388.095684268235,22.957073677202,3.417
Bangladesh,BGD,2000.0,3.279,396.670730249751,23.3145114975244,3.397
Bangladesh,BGD,2001.0,3.203,394.65641001891,23.6999214768623,4.166
Bangladesh,BGD,2002.0,3.126,393.886422327628,24.1132383547332,3.776
Bangladesh,BGD,2003.0,3.029,426.74880754362,24.5525557512625,3.825
Bangladesh,BGD,2004.0,2.94,455.614016909798,25.0094809886101,3.495
Bangladesh,BGD,2005.0,2.846,480.08585075452,25.4769540701509,4.096
Bangladesh,BGD,2006.0,2.755,490.388026533289,25.9479149992596,4.923
Bangladesh,BGD,2007.0,2.666,537.955492792911,26.415303779311,5.355
Bangladesh,BGD,2008.0,2.577,613.06204104124,26.87206041368,6.076
Bangladesh,BGD,2009.0,2.484,679.211477428056,27.3111249057412,7.792
Bangladesh,BGD,2010.0,2.38,757.385280361508,27.7254372588696,
Bangladesh,BGD,2011.0,2.309,837.336944695647,28.1100162712427,10.777
Bangladesh,BGD,2012.0,2.263,859.680536375497,28.4787972894576,11.155
Bangladesh,BGD,2013.0,2.247,958.262989798283,28.8407036106763,11.259
Bangladesh,BGD,2014.0,2.228,1094.46199702838,29.1944442321013,11.371
Bangladesh,BGD,2015.0,2.227,1224.38647668165,29.5395099477892,12.781
Bangladesh,BGD,2016.0,2.227,1649.28380858601,29.8753915517965,14.057
Bangladesh,BGD,2017.0,2.205,1811.08221668646,30.2015798381799,15.002
Bangladesh,BGD,2018.0,2.193,1965.24372731467,30.5175656009959,15.642
Bangladesh,BGD,2019.0,2.18,2129.79896954606,30.8228396343012,18.005
Bangladesh,BGD,2020.0,2.175,2248.85078828233,31.1168927321524,18.98
Bangladesh,BGD,2021.0,2.173,2482.84917843357,31.3992156886061,19.982
Bangladesh,BGD,2022.0,2.179,2716.48592780431,31.673734726234,19.736
Bangladesh,BGD,2023.0,2.163,2551.01773827307,32.1578465036834,20.805
Bangladesh,BGD,2024.0,2.138,2593.41611680774,32.6783196323307,20.792
Barbados,BRB,1990.0,1.842,7781.40573306125,63.5586463259898,22.074
Barbados,BRB,1991.0,1.838,7790.26229439159,63.5402778588977,
Barbados,BRB,1992.0,1.804,7519.20143544898,63.4960325310869,33.066
Barbados,BRB,1993.0,1.769,7904.70762426389,63.428796531611,
Barbados,BRB,1994.0,1.733,8223.16681181719,63.3412978875224,
Barbados,BRB,1995.0,1.704,8460.47380869104,63.2362646258735,
Barbados,BRB,1996.0,1.673,9011.77884838722,63.1164247737166,
Barbados,BRB,1997.0,1.645,9521.57127377123,62.984506358104,
Barbados,BRB,1998.0,1.62,10734.3637242884,62.843237406088,
Barbados,BRB,1999.0,1.779,11244.3087668392,62.695345944721,50.448
Barbados,BRB,2000.0,1.933,11674.6736471764,62.5379397803044,61.382
Barbados,BRB,2001.0,1.955,11639.5160522054,62.3048911059175,58.897
Barbados,BRB,2002.0,1.862,11760.4524736133,61.965577912278,
Barbados,BRB,2003.0,1.856,12075.9587020649,61.5543861265895,
Barbados,BRB,2004.0,1.797,12886.3665272467,61.101971231796,
Barbados,BRB,2005.0,1.738,14214.4202213572,60.6389887108416,
Barbados,BRB,2006.0,1.702,15619.6005955511,60.1960940466703,
Barbados,BRB,2007.0,1.755,17235.4396434785,59.803942722226,81.635
Barbados,BRB,2008.0,1.756,17565.6929970592,59.4931902204528,
Barbados,BRB,2009.0,1.77,16294.9099491834,59.2944920242948,101.675
Barbados,BRB,2010.0,1.785,20610.5150721363,59.2366008990356,94.99
Barbados,BRB,2011.0,1.758,20508.1498810382,59.236693205614,89.561
Barbados,BRB,2012.0,1.731,20804.1150004694,59.2372151062924,94.322
Barbados,BRB,2013.0,1.729,20410.2065438568,59.2385370835674,99.541
Barbados,BRB,2014.0,1.727,20192.7084081797,59.2410313429534,95.595
Barbados,BRB,2015.0,1.726,20424.2087530019,59.2450700899645,75.885
Barbados,BRB,2016.0,1.724,20295.5672072046,59.2510255301153,69.039
Barbados,BRB,2017.0,1.724,20284.5762052461,59.25926986892,67.56
Barbados,BRB,2018.0,1.72,21381.2426303209,59.270175311893,61.271
Barbados,BRB,2019.0,1.715,21912.1501242857,59.2841140645486,66.964
Barbados,BRB,2020.0,1.708,19194.4919736739,59.3014583324011,71.773
Barbados,BRB,2021.0,1.709,21079.6145271791,59.3220365433819,73.479
Barbados,BRB,2022.0,1.712,24387.0387293761,59.3538514107686,74.272
Barbados,BRB,2023.0,1.708,25583.878782727,59.4235740235775,73.9
Barbados,BRB,2024.0,1.708,26544.8707282621,59.5397032429174,72.197
Belarus,BLR,1990.0,1.913,1706.64091882343,66.4269790649414,
Belarus,BLR,1991.0,1.805,1805.45592531527,67.0062866210938,52.919
Belarus,BLR,1992.0,1.764,1658.08641281239,67.3208541870117,
Belarus,BLR,1993.0,1.623,1589.51011343649,67.5179672241211,
Belarus,BLR,1994.0,1.533,1460.00791360458,67.7585983276367,
Belarus,BLR,1995.0,1.406,1370.69991385664,68.0162734985352,
Belarus,BLR,1996.0,1.335,1427.26896385327,68.2737426757812,48.126
Belarus,BLR,1997.0,1.25,1396.44201900881,68.6145935058594,50.075
Belarus,BLR,1998.0,1.3,1511.32531567314,69.0234222412109,54.399
Belarus,BLR,1999.0,1.31,1210.6117195862,69.4807636785987,59.446
Belarus,BLR,2000.0,1.317,1276.2880341,69.9172295434732,62.649
Belarus,BLR,2001.0,1.286,1244.37318523431,70.3147201538086,65.025
Belarus,BLR,2002.0,1.24,1479.38066337175,70.8804702758789,68.393
Belarus,BLR,2003.0,1.232,1819.52653114699,71.3092422485352,71.729
Belarus,BLR,2004.0,1.233,2378.33700470129,71.7658538818359,73.343
Belarus,BLR,2005.0,1.252,3126.07176665248,72.0310134887695,75.935
Belarus,BLR,2006.0,1.335,3848.22350300163,72.6113815307617,79.493
Belarus,BLR,2007.0,1.429,4735.48107556066,73.0913467407227,83.8
Belarus,BLR,2008.0,1.488,6376.17569162063,73.5531692504883,85.507
Belarus,BLR,2009.0,1.509,5352.48809190697,74.1909646620571,90.493
Belarus,BLR,2010.0,1.494,6034.67885177216,74.5501403808594,95.377
Belarus,BLR,2011.0,1.515,6527.6593428786,75.0597534179688,103.173
Belarus,BLR,2012.0,1.62,6953.21591683101,75.5281066894531,109.532
Belarus,BLR,2013.0,1.668,7998.0802045456,75.94970703125,110.32
Belarus,BLR,2014.0,1.696,8341.31809294883,76.3405227661133,108.158
Belarus,BLR,2015.0,1.724,5967.05595058777,76.6263885498047,107.505
Belarus,BLR,2016.0,1.733,5039.77560949445,76.8458709716797,103.779
Belarus,BLR,2017.0,1.541,5785.54491935194,77.0208206176758,99.712
Belarus,BLR,2018.0,1.448,6360.037502312,77.2132720947266,92.109
Belarus,BLR,2019.0,1.382,6837.77339645635,77.4550771852757,86.684
Belarus,BLR,2020.0,1.369,6542.85579976768,77.7890385790408,85.301
Belarus,BLR,2021.0,1.371,7489.71894713888,78.131086803694,84.148
Belarus,BLR,2022.0,1.326,7994.64806074889,78.4732787892908,82.609
Belarus,BLR,2023.0,1.208,7896.75388295584,78.8146420666327,78.446
Belarus,BLR,2024.0,1.217,8317.63399913792,79.1551015210848,75.551
Belgium,BEL,1990.0,1.62,20600.3752789827,78.5554278990186,
Belgium,BEL,1991.0,1.66,21041.6606519648,78.9203763413001,
Belgium,BEL,1992.0,1.65,23372.619171015,79.2814540177363,
Belgium,BEL,1993.0,1.61,22283.9360213551,79.6385319631731,
Belgium,BEL,1994.0,1.56,24208.5547931447,79.9914812124564,
Belgium,BEL,1995.0,1.56,28413.8264387368,80.3401728004321,
Belgium,BEL,1996.0,1.59,27489.5551770488,80.6844777619461,
Belgium,BEL,1997.0,1.6,24820.9380503896,81.0242671318444,
Belgium,BEL,1998.0,1.6,25338.4432934904,81.3594119449727,
Belgium,BEL,1999.0,1.62,25252.8019066564,81.6897832361771,
Belgium,BEL,2000.0,1.67,23098.8865077401,82.0152520403035,59.53
Belgium,BEL,2001.0,1.67,23015.0712632462,82.3356893921976,60.762
Belgium,BEL,2002.0,1.65,25006.191397109,82.6509663267055,62.653
Belgium,BEL,2003.0,1.67,30655.2092679024,82.9609538786731,64.466
Belgium,BEL,2004.0,1.72,35429.4077933344,83.2655230829461,67.673
Belgium,BEL,2005.0,1.76,36809.7013403619,83.5645449743707,69.246
Belgium,BEL,2006.0,1.8,38705.1067959147,83.8578905877926,70.143
Belgium,BEL,2007.0,1.82,44319.165448813,84.1454309580577,69.376
Belgium,BEL,2008.0,1.85,48303.397956286,84.427037120012,69.883
Belgium,BEL,2009.0,1.84,44923.3400135081,84.7025801085014,72.074
Belgium,BEL,2010.0,1.86,44197.393671162,84.9719309583717,74.718
Belgium,BEL,2011.0,1.81,47760.8298776546,85.2349607044689,75.897
Belgium,BEL,2012.0,1.8,44874.1709182123,85.4915403816388,78.568
Belgium,BEL,2013.0,1.76,46964.5946777056,85.7415410247275,81.439
Belgium,BEL,2014.0,1.74,47995.7786961339,85.9848336685807,84.157
Belgium,BEL,2015.0,1.7,40893.804537772,86.2212893480444,86.981
Belgium,BEL,2016.0,1.68,41854.5498296444,86.4507790979645,88.069
Belgium,BEL,2017.0,1.65,44035.3239358548,86.6731739531869,92.099
Belgium,BEL,2018.0,1.62,47487.2100392561,86.8883449485575,90.007
Belgium,BEL,2019.0,1.6,46716.6227467964,87.0961631189222,91.107
Belgium,BEL,2020.0,1.55,45906.2875805246,87.2964994991269,91.342
Belgium,BEL,2021.0,1.6,51658.238294958,87.4305564090635,95.588
Belgium,BEL,2022.0,1.53,50605.7496677086,87.489200269855,96.829
Belgium,BEL,2023.0,1.47,55291.4754541329,87.551492636772,95.589
Belgium,BEL,2024.0,1.44,56614.5679499036,87.6126557010527,
Belize,BLZ,1990.0,4.802,2986.46962075029,47.3571892508649,
Belize,BLZ,1991.0,4.595,3190.13098802395,47.2992377705329,
Belize,BLZ,1992.0,4.429,3642.9480634402,47.3157093961853,
Belize,BLZ,1993.0,4.206,3859.6584437307,47.3536666895074,
Belize,BLZ,1994.0,3.973,3876.69327011457,47.4066621669842,
Belize,BLZ,1995.0,3.876,4009.82752539849,47.4683420814088,
Belize,BLZ,1996.0,3.755,4043.26517997242,47.5323526855742,
Belize,BLZ,1997.0,3.737,4014.40380600241,47.5923402322735,
Belize,BLZ,1998.0,3.752,4125.92539958166,47.6419509742997,
Belize,BLZ,1999.0,3.726,4289.5277590653,47.6748311644458,
Belize,BLZ,2000.0,3.633,4726.50675459616,47.6836847507377,
Belize,BLZ,2001.0,3.526,4718.77715104739,47.6257993221451,18.473
Belize,BLZ,2002.0,3.43,4858.86062599362,47.4865009861554,21.02
Belize,BLZ,2003.0,3.335,4959.74012434605,47.2806245981404,19.602
Belize,BLZ,2004.0,3.252,5153.71308265363,47.0226655922949,18.609
Belize,BLZ,2005.0,3.173,5270.41479135312,46.7271194028137,19.517
Belize,BLZ,2006.0,3.021,5524.78167834986,46.4084814638913,20.956
Belize,BLZ,2007.0,2.885,5762.21023302938,46.0812472097226,22.074
Belize,BLZ,2008.0,2.78,5711.81458859709,45.7599120745023,23.041
Belize,BLZ,2009.0,2.659,5399.67100001919,45.4589714924251,27.4
Belize,BLZ,2010.0,2.552,5461.40735999001,45.1914838193558,26.358
Belize,BLZ,2011.0,2.531,5596.05222152289,44.9417819131729,26.837
Belize,BLZ,2012.0,2.51,5732.66519942347,44.6903068035216,29.977
Belize,BLZ,2013.0,2.498,5957.34953619006,44.4380542363795,29.934
Belize,BLZ,2014.0,2.474,6128.12053089077,44.1850161758379,30.083
Belize,BLZ,2015.0,2.433,6154.62264230369,43.931184585988,29.086
Belize,BLZ,2016.0,2.396,6140.86713919469,43.6765514309211,30.504
Belize,BLZ,2017.0,2.368,6071.85451846453,43.4211086747287,30.946
Belize,BLZ,2018.0,2.343,6011.99036888587,43.164848281502,30.947
Belize,BLZ,2019.0,2.142,6171.61449761423,42.9077622153323,31.899
Belize,BLZ,2020.0,2.04,5238.54078175696,42.649842440311,33.026
Belize,BLZ,2021.0,1.837,6142.98930557031,42.3910809205294,29.908
Belize,BLZ,2022.0,1.949,7068.21728043145,42.1373251262137,31.015
Belize,BLZ,2023.0,2.007,7424.75821321022,41.9459437504976,29.081
Belize,BLZ,2024.0,2.021,7681.24400583113,41.7532107338224,32.138
Benin,BEN,1990.0,6.741,371.101604332357,34.8178700744747,
Benin,BEN,1991.0,6.666,364.689296016645,35.340755921781,0.584
Benin,BEN,1992.0,6.593,301.77329696287,35.7897618395069,0.661
Benin,BEN,1993.0,6.51,387.310054813122,36.181941228694,0.633
Benin,BEN,1994.0,6.419,262.129807445074,36.5273254197057,0.653
Benin,BEN,1995.0,6.33,348.435238914394,36.8385136903681,0.679
Benin,BEN,1996.0,6.279,369.394384135736,37.126775626037,0.723
Benin,BEN,1997.0,6.23,344.550491498963,37.4033808120677,0.915
Benin,BEN,1998.0,6.136,361.601983057505,37.679598833816,
Benin,BEN,1999.0,6.032,525.130597245974,37.9666992766374,1.224
Benin,BEN,2000.0,5.937,487.424141384242,38.2759517258875,1.383
Benin,BEN,2001.0,5.848,492.401499509072,38.6186257669218,1.663
Benin,BEN,2002.0,5.793,546.463829658159,39.0035069872981,
Benin,BEN,2003.0,5.763,676.002878084282,39.4169696013044,
Benin,BEN,2004.0,5.718,758.695803786371,39.8525699078742,
Benin,BEN,2005.0,5.692,779.437777753268,40.3097749006517,
Benin,BEN,2006.0,5.673,809.147072506221,40.7877794072449,3.015
Benin,BEN,2007.0,5.627,912.338247188342,41.2857782552618,3.766
Benin,BEN,2008.0,5.548,1060.60254502099,41.8029662723105,3.974
Benin,BEN,2009.0,5.491,1024.10277858112,42.338538285999,5.249
Benin,BEN,2010.0,5.452,973.244254931526,42.8916891239353,6.595
Benin,BEN,2011.0,5.436,1059.41358852588,43.4616136137276,5.06
Benin,BEN,2012.0,5.429,1071.5258366283,44.0475065829838,6.609
Benin,BEN,2013.0,5.41,1168.92699279226,44.6502883669319,8.154
Benin,BEN,2014.0,5.374,1204.39918670094,45.2880529235999,7.872
Benin,BEN,2015.0,5.32,1002.41886879614,45.9407403257663,7.171
Benin,BEN,2016.0,5.254,1010.5338961993,46.6094559006664,7.089
Benin,BEN,2017.0,5.155,1054.97408066814,47.2942774880391,6.932
Benin,BEN,2018.0,5.031,1151.7409703472,47.9952829275963,7.386
Benin,BEN,2019.0,4.9,1130.82135339795,48.7125500590248,6.734
Benin,BEN,2020.0,4.795,1200.19426557789,49.4461567219896,7.068
Benin,BEN,2021.0,4.707,1318.65158075198,50.1961807561354,7.056
Benin,BEN,2022.0,4.634,1266.42711031904,50.9627000010887,7.591
Benin,BEN,2023.0,4.556,1394.17784721831,51.7457922964593,
Benin,BEN,2024.0,4.48,1485.38018885134,52.5455354818423,
Bermuda,BMU,1990.0,1.699,27665.525808301,100.0,
Bermuda,BMU,1991.0,1.744,28195.7091611479,100.0,
Bermuda,BMU,1992.0,1.725,28761.9634632835,100.0,
Bermuda,BMU,1993.0,1.7,30950.0799102285,100.0,
Bermuda,BMU,1994.0,1.684,31543.0634861641,100.0,
Bermuda,BMU,1995.0,1.677,34115.3445553204,100.0,
Bermuda,BMU,1996.0,1.699,45063.6149332085,100.0,
Bermuda,BMU,1997.0,1.692,48736.6768034299,100.0,
Bermuda,BMU,1998.0,1.794,51629.2814855126,100.0,
Bermuda,BMU,1999.0,1.794,54388.3417315621,100.0,
Bermuda,BMU,2000.0,1.738,56542.9569455727,100.0,
Bermuda,BMU,2001.0,1.861,59490.2452034202,100.0,
Bermuda,BMU,2002.0,1.815,63358.5658652763,100.0,
Bermuda,BMU,2003.0,1.79,67106.8028083224,100.0,
Bermuda,BMU,2004.0,1.76,71692.1589001679,100.0,
Bermuda,BMU,2005.0,1.782,77628.103522508,100.0,
Bermuda,BMU,2006.0,1.79,97781.4558996721,100.0,46.573
Bermuda,BMU,2007.0,1.934,107395.651483891,100.0,42.953
Bermuda,BMU,2008.0,1.86,110268.562401264,100.0,41.167
Bermuda,BMU,2009.0,1.853,104711.712420357,100.0,55.765
Bermuda,BMU,2010.0,1.767,104111.824244802,100.0,49.796
Bermuda,BMU,2011.0,1.569,99049.0169927667,100.0,51.694
Bermuda,BMU,2012.0,1.528,100213.493385287,100.0,49.824
Bermuda,BMU,2013.0,1.522,101704.40746217,100.0,49.405
Bermuda,BMU,2014.0,1.42,100961.576602811,100.0,44.076
Bermuda,BMU,2015.0,1.44,104855.366822135,100.0,42.985
Bermuda,BMU,2016.0,1.45,108747.356144305,100.0,
Bermuda,BMU,2017.0,1.419,112339.425587467,100.0,27.646
Bermuda,BMU,2018.0,1.374,113204.82210838,100.0,26.478
Bermuda,BMU,2019.0,1.383,115798.040775578,100.0,
Bermuda,BMU,2020.0,1.451,106976.546239632,100.0,
Bermuda,BMU,2021.0,1.389,112765.08167306,100.0,
Bermuda,BMU,2022.0,1.397,121613.939983629,100.0,
Bermuda,BMU,2023.0,1.401,132604.439086216,100.0,20.94
Bermuda,BMU,2024.0,1.405,142855.374713782,100.0,
Bhutan,BTN,1990.0,5.604,488.327431477129,20.2026044413832,
Bhutan,BTN,1991.0,5.451,400.634705187075,20.9743969269355,
Bhutan,BTN,1992.0,5.267,415.791522568451,21.739998525685,
Bhutan,BTN,1993.0,5.072,407.39984249657,22.4989891092786,
Bhutan,BTN,1994.0,4.866,467.008312125283,23.250948549363,
Bhutan,BTN,1995.0,4.624,530.103676927417,23.9954567175851,
Bhutan,BTN,1996.0,4.369,552.873891403681,24.7320934855918,
Bhutan,BTN,1997.0,4.088,630.447410148304,25.4604387250299,
Bhutan,BTN,1998.0,3.853,638.278962310609,26.1800723075463,
Bhutan,BTN,1999.0,3.607,685.419830628567,26.8905741047879,1.995
Bhutan,BTN,2000.0,3.378,771.924911410619,27.5915239884015,
Bhutan,BTN,2001.0,3.188,812.238210772056,28.282501830034,
Bhutan,BTN,2002.0,3.012,895.799489930972,28.9630875013322,
Bhutan,BTN,2003.0,2.865,1022.38240311018,29.6328608739429,
Bhutan,BTN,2004.0,2.781,1130.35934606796,30.2914018195132,
Bhutan,BTN,2005.0,2.726,1299.94938578359,30.9379917831613,3.843
Bhutan,BTN,2006.0,2.66,1405.6071618158,31.5664945864425,3.875
Bhutan,BTN,2007.0,2.589,1850.41570433398,32.1738216649326,4.047
Bhutan,BTN,2008.0,2.481,1919.59774896395,32.76371954591,4.975
Bhutan,BTN,2009.0,2.364,1918.39599211093,33.3396804958817,4.959
Bhutan,BTN,2010.0,2.252,2435.5798056672,33.9051967813552,5.22
Bhutan,BTN,2011.0,2.155,2787.97967608562,34.4637606688377,6.673
Bhutan,BTN,2012.0,2.068,2751.2128864294,35.0188644248365,6.65
Bhutan,BTN,2013.0,2.0,2679.95217201538,35.5740003158589,9.444
Bhutan,BTN,2014.0,1.923,2849.49998647303,36.1326606084122,
Bhutan,BTN,2015.0,1.835,2954.04081911097,36.6983375690037,
Bhutan,BTN,2016.0,1.738,3152.30905106786,37.2745234641407,
Bhutan,BTN,2017.0,1.621,3435.28804735662,37.8645544995016,15.102
Bhutan,BTN,2018.0,1.517,3400.20417245342,38.4661892776975,15.354
Bhutan,BTN,2019.0,1.448,3576.87987100503,39.0746823405146,16.448
Bhutan,BTN,2020.0,1.502,3191.66906999331,39.6888839873439,17.693
Bhutan,BTN,2021.0,1.488,3570.61257980872,40.3075199874379,16.245
Bhutan,BTN,2022.0,1.478,3711.32767981591,40.9365143617581,15.023
Bhutan,BTN,2023.0,1.462,3831.32535494609,41.7352457989939,15.155
Bhutan,BTN,2024.0,1.449,,42.5645249803412,13.792
Bolivia,BOL,1990.0,4.9,682.67681029538,55.9290690080053,
Bolivia,BOL,1991.0,4.846,733.935487602519,56.8260573219808,
Bolivia,BOL,1992.0,4.713,759.57113496365,57.5776686644471,
Bolivia,BOL,1993.0,4.592,756.637016048451,58.2268316609648,
Bolivia,BOL,1994.0,4.494,774.035669644318,58.8292590535639,
Bolivia,BOL,1995.0,4.409,852.754034861444,59.391206278167,
Bolivia,BOL,1996.0,4.336,922.113259069714,59.9202441998117,
Bolivia,BOL,1997.0,4.219,970.351843368594,60.4239436835356,
Bolivia,BOL,1998.0,4.149,1022.14506519545,60.9098755943764,
Bolivia,BOL,1999.0,4.09,979.344494964572,61.3856107973717,
Bolivia,BOL,2000.0,3.991,975.777060358751,61.8587201575591,
Bolivia,BOL,2001.0,3.89,930.168227214313,62.3374810379005,
Bolivia,BOL,2002.0,3.802,888.221328974352,62.8187632085055,
Bolivia,BOL,2003.0,3.721,893.013760211149,63.2918711090474,
Bolivia,BOL,2004.0,3.633,953.191893246277,63.7564671612252,
Bolivia,BOL,2005.0,3.558,1020.12326200737,64.2133062205259,
Bolivia,BOL,2006.0,3.533,1202.71150446327,64.6631431424362,
Bolivia,BOL,2007.0,3.447,1354.54905949929,65.1067327824433,
Bolivia,BOL,2008.0,3.364,1692.67248455876,65.5448299960338,
Bolivia,BOL,2009.0,3.287,1731.18172112209,65.9781896386949,
Bolivia,BOL,2010.0,3.213,1929.78373077158,66.4075665659133,
Bolivia,BOL,2011.0,3.143,2315.52121930607,66.833715633176,
Bolivia,BOL,2012.0,3.076,2575.59857098084,67.2581444827699,
Bolivia,BOL,2013.0,3.01,2870.02377000756,67.6697055519889,
Bolivia,BOL,2014.0,2.947,3041.43503162408,68.037425413,
Bolivia,BOL,2015.0,2.886,2996.01289811344,68.3958051297665,
Bolivia,BOL,2016.0,2.829,3035.87347732132,68.7446327876947,
Bolivia,BOL,2017.0,2.777,4048.40119739839,69.0838016274736,
Bolivia,BOL,2018.0,2.73,4206.8552936661,69.4133879813999,
Bolivia,BOL,2019.0,2.688,4203.15492855788,69.7334986708387,
Bolivia,BOL,2020.0,2.651,3580.96761778303,70.0442635528254,
Bolivia,BOL,2021.0,2.618,4010.76053686204,70.3450412826165,
Bolivia,BOL,2022.0,2.584,4219.46113742445,70.6352598708131,
Bolivia,BOL,2023.0,2.547,4274.70820547613,70.9151414044538,
Bolivia,BOL,2024.0,2.523,4421.16609889999,71.2361453773988,
Bosnia and Herzegovina,BIH,1990.0,1.786,1742.88262171767,39.3032366244323,
Bosnia and Herzegovina,BIH,1991.0,1.782,1373.37104472973,39.6238819113722,
Bosnia and Herzegovina,BIH,1992.0,1.758,1118.17569934079,39.9525534247335,
Bosnia and Herzegovina,BIH,1993.0,1.729,929.872118717018,40.2798708993447,
Bosnia and Herzegovina,BIH,1994.0,1.698,337.090896023259,40.6066230101592,
Bosnia and Herzegovina,BIH,1995.0,1.669,502.365980975339,40.9327870219153,
Bosnia and Herzegovina,BIH,1996.0,1.652,718.933797141505,41.2583401993513,
Bosnia and Herzegovina,BIH,1997.0,1.686,913.813399054859,41.5832598072054,
Bosnia and Herzegovina,BIH,1998.0,1.561,1006.70479669823,41.9075231102159,
Bosnia and Herzegovina,BIH,1999.0,1.366,1134.60298042083,42.231107373121,
Bosnia and Herzegovina,BIH,2000.0,1.282,1338.48059636261,42.5539898606589,
Bosnia and Herzegovina,BIH,2001.0,1.23,1387.89362942121,42.8761478375679,
Bosnia and Herzegovina,BIH,2002.0,1.231,1606.5467454132,43.1975585685863,
Bosnia and Herzegovina,BIH,2003.0,1.219,2033.94700935864,43.5181993184523,
Bosnia and Herzegovina,BIH,2004.0,1.221,2452.6860917386,43.8380473519042,
Bosnia and Herzegovina,BIH,2005.0,1.203,2739.61076866057,44.1570799336802,27.292
Bosnia and Herzegovina,BIH,2006.0,1.18,3166.12865344833,44.4752743285185,30.28
Bosnia and Herzegovina,BIH,2007.0,1.19,3931.48948737505,44.7926078011574,34.629
Bosnia and Herzegovina,BIH,2008.0,1.21,4841.69311934649,45.1090576163352,39.326
Bosnia and Herzegovina,BIH,2009.0,1.267,4539.91863774968,45.4246010387901,42.415
Bosnia and Herzegovina,BIH,2010.0,1.26,4506.47828548389,45.7392153332604,44.329
Bosnia and Herzegovina,BIH,2011.0,1.209,4982.69375768263,46.0528777644843,48.387
Bosnia and Herzegovina,BIH,2012.0,1.252,4693.78899115381,46.3655655972,51.665
Bosnia and Herzegovina,BIH,2013.0,1.278,5034.56634817068,46.6954224739896,59.517
Bosnia and Herzegovina,BIH,2014.0,1.262,5206.06573475132,47.130783484831,63.515
Bosnia and Herzegovina,BIH,2015.0,1.322,4662.25869219448,47.5711645087011,65.546
Bosnia and Herzegovina,BIH,2016.0,1.36,4928.5665903114,48.0248845752382,67.41
Bosnia and Herzegovina,BIH,2017.0,1.419,5345.01978766473,48.4918401819106,64.946
Bosnia and Herzegovina,BIH,2018.0,1.504,6047.84707207392,48.971927825824,59.65
Bosnia and Herzegovina,BIH,2019.0,1.509,6122.37541352353,49.4650440037758,57.172
Bosnia and Herzegovina,BIH,2020.0,1.515,6130.31187968266,49.9710852122997,54.121
Bosnia and Herzegovina,BIH,2021.0,1.49,7295.34378682258,50.4899479477034,56.159
Bosnia and Herzegovina,BIH,2022.0,1.481,7655.59421024383,51.0215287060993,57.545
Bosnia and Herzegovina,BIH,2023.0,1.486,8663.02326458629,51.5657239834305,57.652
Bosnia and Herzegovina,BIH,2024.0,1.492,9358.78768951134,52.1224302754935,
Botswana,BWA,1990.0,4.509,2903.15381562611,43.6455666126291,
Botswana,BWA,1991.0,4.365,2938.59442659608,45.5396336959653,3.555
Botswana,BWA,1992.0,4.255,3004.61263362306,46.7985294866841,
Botswana,BWA,1993.0,4.152,2929.43119022452,47.8662437145732,4.455
Botswana,BWA,1994.0,4.021,2917.25514197806,48.7932865701141,4.619
Botswana,BWA,1995.0,3.792,3156.18194514079,49.6118603364468,4.903
Botswana,BWA,1996.0,3.573,3156.26865681161,50.354167296711,5.236
Botswana,BWA,1997.0,3.431,3194.18106145858,51.0524097340465,
Botswana,BWA,1998.0,3.362,2981.19639702109,51.7387899315932,5.551
Botswana,BWA,1999.0,3.313,3339.99596033431,52.4455101724909,5.876
Botswana,BWA,2000.0,3.294,3450.81180622992,53.2047727398794,6.557
Botswana,BWA,2001.0,3.248,3206.07123689853,54.0489894446035,6.996
Botswana,BWA,2002.0,3.175,3117.25087183011,55.0142988603802,7.58
Botswana,BWA,2003.0,3.106,4230.12326909926,56.0979233496432,8.838
Botswana,BWA,2004.0,3.063,4956.69287735214,57.2582489329358,8.781
Botswana,BWA,2005.0,3.082,5391.07076619634,58.4535554684584,8.477
Botswana,BWA,2006.0,3.114,5291.58379144849,59.6421228144112,8.875
Botswana,BWA,2007.0,3.127,5529.12574632532,60.7822308289942,
Botswana,BWA,2008.0,3.131,5503.07395314313,61.8321593704079,
Botswana,BWA,2009.0,3.133,5082.93388332404,62.7501882968523,
Botswana,BWA,2010.0,3.135,6215.73216077919,63.4945974665277,
Botswana,BWA,2011.0,3.103,7287.38295334919,64.0187810722889,
Botswana,BWA,2012.0,3.07,6595.53845015424,64.3993247826904,
Botswana,BWA,2013.0,3.045,6666.91219583487,64.7579735458393,
Botswana,BWA,2014.0,3.027,7122.36423421503,65.0965122400825,27.517
Botswana,BWA,2015.0,3.008,6141.20394726616,65.4103584313295,31.02
Botswana,BWA,2016.0,2.99,6749.05994339013,65.6949296854899,26.721
Botswana,BWA,2017.0,2.969,7104.96401088027,65.9456435684731,25.38
Botswana,BWA,2018.0,2.941,7407.95940141786,66.1579176461888,
Botswana,BWA,2019.0,2.906,7172.08956480028,66.3271694845464,25.606
Botswana,BWA,2020.0,2.861,6323.2974967659,66.4488166494554,27.309
Botswana,BWA,2021.0,2.827,7807.88794570471,66.5182767068255,25.834
Botswana,BWA,2022.0,2.785,8328.7090572666,66.5889787170477,25.694
Botswana,BWA,2023.0,2.732,7826.35376483298,67.0212655349864,25.398
Botswana,BWA,2024.0,2.703,7695.75319445165,67.4623537838418,26.592
Brazil,BRA,1990.0,2.896,2619.80141064047,74.8699006951598,
Brazil,BRA,1991.0,2.805,2258.10454027063,75.4934501058885,
Brazil,BRA,1992.0,2.71,2127.29083011489,76.0910875240585,
Brazil,BRA,1993.0,2.66,2348.90635436384,76.6406402906957,
Brazil,BRA,1994.0,2.603,3298.71491891786,77.1710338911115,
Brazil,BRA,1995.0,2.567,4756.75013552302,77.7144999942454,
Brazil,BRA,1996.0,2.511,5179.13052009976,78.3021415455398,
Brazil,BRA,1997.0,2.468,5299.39794248133,79.0008493879259,
Brazil,BRA,1998.0,2.418,5105.89246192003,79.789068166086,
Brazil,BRA,1999.0,2.335,3493.57192043228,80.5466061325216,
Brazil,BRA,2000.0,2.247,3766.54786339835,81.1484365423806,
Brazil,BRA,2001.0,2.162,3176.28975052524,81.5960450621957,
Brazil,BRA,2002.0,2.081,2855.94017137049,81.9943491502673,
Brazil,BRA,2003.0,2.006,3090.6068907839,82.3540335841671,
Brazil,BRA,2004.0,1.973,3663.82262497811,82.6816824814559,
Brazil,BRA,2005.0,1.942,4827.78165890291,82.9838799596945,
Brazil,BRA,2006.0,1.896,5934.14561857454,83.2672101364439,
Brazil,BRA,2007.0,1.854,7409.69003822861,83.5382571292649,
Brazil,BRA,2008.0,1.815,8908.33338467948,83.8036050557184,
Brazil,BRA,2009.0,1.799,8678.6584730653,84.0698380333651,
Brazil,BRA,2010.0,1.786,11403.2840038694,84.343846036308,
Brazil,BRA,2011.0,1.777,13396.6263158041,84.6225758599683,
Brazil,BRA,2012.0,1.766,12521.7238454434,84.8973874181312,49.716
Brazil,BRA,2013.0,1.761,12458.8903396625,85.1676585442726,51.045
Brazil,BRA,2014.0,1.775,12274.9941630213,85.4331367898168,54.402
Brazil,BRA,2015.0,1.777,8936.1955889444,85.6935697061881,55.41
Brazil,BRA,2016.0,1.727,8836.28546025694,85.9487048448108,55.725
Brazil,BRA,2017.0,1.74,10080.5078722821,86.1982897571091,57.372
Brazil,BRA,2018.0,1.744,9300.66072904004,86.4420719945072,59.101
Brazil,BRA,2019.0,1.705,9029.83304401079,86.6797991084296,60.992
Brazil,BRA,2020.0,1.653,7074.19407495707,86.9112186503004,64.554
Brazil,BRA,2021.0,1.638,7972.53696080695,87.1360781715439,67.81
Brazil,BRA,2022.0,1.629,9281.33282136864,87.349556243881,71.928
Brazil,BRA,2023.0,1.619,10377.5897719195,87.6159710235763,
Brazil,BRA,2024.0,1.614,10310.5488778166,87.8958549533146,
British Virgin Islands,VGB,1990.0,1.779,,38.599297780711,
British Virgin Islands,VGB,1991.0,1.843,,39.2972450256348,
British Virgin Islands,VGB,1992.0,1.878,,39.7457566056898,
British Virgin Islands,VGB,1993.0,1.81,,40.1694979266964,
British Virgin Islands,VGB,1994.0,1.659,,40.5629845301817,
British Virgin Islands,VGB,1995.0,1.777,,40.9207319576729,
British Virgin Islands,VGB,1996.0,1.894,,41.2372557506969,
British Virgin Islands,VGB,1997.0,2.009,,41.507071450781,
British Virgin Islands,VGB,1998.0,1.523,,41.7246945994523,
British Virgin Islands,VGB,1999.0,1.786,,41.8846407382378,82.711
British Virgin Islands,VGB,2000.0,1.839,,41.9814254086647,73.171
British Virgin Islands,VGB,2001.0,1.517,,42.0235454180552,56.702
British Virgin Islands,VGB,2002.0,1.247,,42.4409178875828,67.137
British Virgin Islands,VGB,2003.0,1.309,,42.8526082333374,
British Virgin Islands,VGB,2004.0,1.5,,43.2860433292828,89.354
British Virgin Islands,VGB,2005.0,1.34,,43.741214134139,
British Virgin Islands,VGB,2006.0,1.234,,44.2181116035727,
British Virgin Islands,VGB,2007.0,1.312,,44.7167266908574,
British Virgin Islands,VGB,2008.0,1.272,,45.2370503473687,
British Virgin Islands,VGB,2009.0,1.23,,45.7790735229619,85.95
British Virgin Islands,VGB,2010.0,1.183,,46.3427871662626,
British Virgin Islands,VGB,2011.0,1.268,,46.9281822248936,
British Virgin Islands,VGB,2012.0,1.103,,47.5352496456526,
British Virgin Islands,VGB,2013.0,1.086,,48.1639803746541,
British Virgin Islands,VGB,2014.0,1.235,,48.8143653574427,
British Virgin Islands,VGB,2015.0,1.186,,49.4863955390847,48.897
British Virgin Islands,VGB,2016.0,0.987,,50.1800618642422,44.894
British Virgin Islands,VGB,2017.0,0.873,,50.8953552772346,
British Virgin Islands,VGB,2018.0,0.905,,51.6322667220883,21.98
British Virgin Islands,VGB,2019.0,0.941,,52.3907871425786,30.383
British Virgin Islands,VGB,2020.0,0.975,,53.1709074822645,37.831
British Virgin Islands,VGB,2021.0,0.999,,53.972618684518,37.258
British Virgin Islands,VGB,2022.0,1.025,,54.795911692548,35.105
British Virgin Islands,VGB,2023.0,1.045,,55.6407774494219,32.215
British Virgin Islands,VGB,2024.0,1.048,,56.5072068980827,36.244
Brunei Darussalam,BRN,1990.0,3.29,23658.7166330381,65.7496054461515,
Brunei Darussalam,BRN,1991.0,3.206,23932.1897281583,66.5029745122162,
Brunei Darussalam,BRN,1992.0,3.111,23450.8964055243,67.1218123459373,6.695
Brunei Darussalam,BRN,1993.0,3.007,22397.0737447404,67.7094708825572,7.144
Brunei Darussalam,BRN,1994.0,2.901,22766.587177075,68.272763683326,7.6
Brunei Darussalam,BRN,1995.0,2.787,26443.2564746713,68.8131879002755,
Brunei Darussalam,BRN,1996.0,2.681,25692.2357348562,69.3322406854373,
Brunei Darussalam,BRN,1997.0,2.6,25522.3975038009,69.8314191908431,
Brunei Darussalam,BRN,1998.0,2.533,17769.2463451942,70.3122205685247,14.725
Brunei Darussalam,BRN,1999.0,2.461,19752.2013255542,70.7761419705137,18.455
Brunei Darussalam,BRN,2000.0,2.398,20130.2572346624,71.2246805488418,18.801
Brunei Darussalam,BRN,2001.0,2.337,18287.8272281914,71.657883335906,19.904
Brunei Darussalam,BRN,2002.0,2.264,18621.2922577525,72.1021556496525,19.146
Brunei Darussalam,BRN,2003.0,2.185,20677.9001143188,72.577635652792,19.755
Brunei Darussalam,BRN,2004.0,2.104,24423.0946995548,73.0675067339261,21.383
Brunei Darussalam,BRN,2005.0,2.024,29386.2703822862,73.552870858133,21.591
Brunei Darussalam,BRN,2006.0,1.969,34674.7995236452,74.0148299904911,21.409
Brunei Darussalam,BRN,2007.0,1.933,36217.3290706015,74.4344860960786,21.365
Brunei Darussalam,BRN,2008.0,1.918,42156.5685838672,74.7929411399737,22.232
Brunei Darussalam,BRN,2009.0,1.921,30946.4673773828,75.0712970872547,22.376
Brunei Darussalam,BRN,2010.0,1.937,34937.5555357155,75.2506559029998,20.925
Brunei Darussalam,BRN,2011.0,1.957,46382.8274255349,75.312125504778,23.157
Brunei Darussalam,BRN,2012.0,1.973,46968.5971164922,75.2714233503027,29.358
Brunei Darussalam,BRN,2013.0,1.978,44003.0644273461,75.1756915148608,31.864
Brunei Darussalam,BRN,2014.0,1.969,41026.5084247957,75.0572639801502,39.938
Brunei Darussalam,BRN,2015.0,1.947,30625.1287744656,74.9484620568562,37.93
Brunei Darussalam,BRN,2016.0,1.915,26663.2972950602,74.8816070556641,37.607
Brunei Darussalam,BRN,2017.0,1.881,28024.3824580252,74.8476440654983,40.939
Brunei Darussalam,BRN,2018.0,1.848,30988.1190267227,74.8172471714305,36.271
Brunei Darussalam,BRN,2019.0,1.819,30426.5730656528,74.7923311783673,36.271
Brunei Darussalam,BRN,2020.0,1.796,26834.3592233943,74.7748108912151,37.474
Brunei Darussalam,BRN,2021.0,1.778,31006.9636289785,74.7667316936175,35.292
Brunei Darussalam,BRN,2022.0,1.764,36632.9280952155,74.7772642014221,39.863
Brunei Darussalam,BRN,2023.0,1.747,32890.5491812019,74.8199193881365,44.522
Brunei Darussalam,BRN,2024.0,1.731,33153.4738913513,74.8983133873697,
Bulgaria,BGR,1990.0,1.82,2366.52982128614,67.0388031005859,
Bulgaria,BGR,1991.0,1.66,883.736578319325,67.0880279541016,
Bulgaria,BGR,1992.0,1.55,1007.34454544881,67.1506882200337,
Bulgaria,BGR,1993.0,1.46,1278.52511370319,67.4275283813477,
Bulgaria,BGR,1994.0,1.37,1149.89464008734,67.7225112915039,
Bulgaria,BGR,1995.0,1.23,2259.25922555221,67.8335418701172,
Bulgaria,BGR,1996.0,1.23,1470.19259250682,67.6981964111328,
Bulgaria,BGR,1997.0,1.09,1361.40938439884,67.6594467163086,
Bulgaria,BGR,1998.0,1.11,1820.44866449942,67.8654022216797,
Bulgaria,BGR,1999.0,1.23,1660.9089125393,68.0479965209961,
Bulgaria,BGR,2000.0,1.26,1621.26210738992,68.2631454467773,49.741
Bulgaria,BGR,2001.0,1.21,1770.90704918691,69.196711983564,47.456
Bulgaria,BGR,2002.0,1.23,2092.98288625558,69.4859161376953,46.044
Bulgaria,BGR,2003.0,1.26,2719.49436859287,69.7808456420898,46.685
Bulgaria,BGR,2004.0,1.33,3389.68743360274,69.9193344116211,47.404
Bulgaria,BGR,2005.0,1.37,3899.82596332878,70.0869598388672,49.813
Bulgaria,BGR,2006.0,1.44,4523.1465578805,70.5075225830078,52.824
Bulgaria,BGR,2007.0,1.49,5888.57081403932,70.6844177246094,56.821
Bulgaria,BGR,2008.0,1.56,7271.30338858025,70.902099609375,60.182
Bulgaria,BGR,2009.0,1.66,6988.27316296465,71.3017349243164,63.05
Bulgaria,BGR,2010.0,1.57,6853.94805511171,71.5149307250977,66.726
Bulgaria,BGR,2011.0,1.51,7849.58061302818,72.6101653885532,67.909
Bulgaria,BGR,2012.0,1.5,7431.95789508871,72.7684860229492,69.987
Bulgaria,BGR,2013.0,1.54,7795.98092108928,72.9632821572019,76.881
Bulgaria,BGR,2014.0,1.62,8069.60005667684,73.0844879150391,81.661
Bulgaria,BGR,2015.0,1.64,7268.65445473873,73.1030578613281,88.11
Bulgaria,BGR,2016.0,1.67,7822.49923292968,73.1750030517578,89.525
Bulgaria,BGR,2017.0,1.71,8696.68930427924,73.3904571533203,89.935
Bulgaria,BGR,2018.0,1.73,9849.38397225174,73.600212097168,91.729
Bulgaria,BGR,2019.0,1.79,10353.7204584127,73.7162322998047,93.989
Bulgaria,BGR,2020.0,1.77,10760.211975413,73.3239898681641,94.776
Bulgaria,BGR,2021.0,1.8,12966.1457543396,73.346765618041,95.32
Bulgaria,BGR,2022.0,1.78,13999.1949530956,73.4799164005224,95.517
Bulgaria,BGR,2023.0,1.81,15853.208636704,73.7322671584613,91.768
Bulgaria,BGR,2024.0,1.72,17596.0173663521,73.9499356882481,
Burkina Faso,BFA,1990.0,7.009,338.593759055128,13.2346053469232,0.34
Burkina Faso,BFA,1991.0,6.973,333.70605512636,13.5364314611772,0.319
Burkina Faso,BFA,1992.0,6.936,348.592443894547,13.8437126999438,0.416
Burkina Faso,BFA,1993.0,6.889,324.111576707435,14.1660760040858,0.491
Burkina Faso,BFA,1994.0,6.843,187.21142372606,14.5131483144658,0.507
Burkina Faso,BFA,1995.0,6.814,229.092294496817,14.8945565719465,0.482
Burkina Faso,BFA,1996.0,6.779,242.733171352672,15.3191448028844,0.506
Burkina Faso,BFA,1997.0,6.724,223.853958525611,15.8141283865811,0.437
Burkina Faso,BFA,1998.0,6.661,249.53173292493,16.4430937418116,
Burkina Faso,BFA,1999.0,6.586,292.836958697313,17.1834171163423,0.447
Burkina Faso,BFA,2000.0,6.519,248.908526921752,18.0003503329444,
Burkina Faso,BFA,2001.0,6.431,259.485223380436,18.8591452143893,
Burkina Faso,BFA,2002.0,6.339,285.654087637533,19.725053583448,0.685
Burkina Faso,BFA,2003.0,6.28,362.373899996953,20.563327262892,0.68
Burkina Faso,BFA,2004.0,6.216,403.81283743461,21.3392180754924,
Burkina Faso,BFA,2005.0,6.182,441.164148016012,22.0179778440204,1.333
Burkina Faso,BFA,2006.0,6.17,455.513655620024,22.5528306908743,1.418
Burkina Faso,BFA,2007.0,6.11,514.684451177238,22.9741760828193,1.506
Burkina Faso,BFA,2008.0,6.05,619.437533256264,23.3633747838557,1.936
Burkina Faso,BFA,2009.0,5.992,601.569520671859,23.7452325601116,2.121
Burkina Faso,BFA,2010.0,5.936,624.957252224766,24.115092498158,2.155
Burkina Faso,BFA,2011.0,5.869,725.024767725475,24.4682976845657,2.577
Burkina Faso,BFA,2012.0,5.793,731.470138867833,24.8001912059054,2.846
Burkina Faso,BFA,2013.0,5.697,759.762065168498,25.106116148748,2.986
Burkina Faso,BFA,2014.0,5.595,764.861675106225,25.3814155996643,3.163
Burkina Faso,BFA,2015.0,5.478,630.124750752312,25.621432645225,3.326
Burkina Faso,BFA,2016.0,5.331,663.742364842886,25.821510372001,3.615
Burkina Faso,BFA,2017.0,5.17,709.091535894695,25.9769918665632,3.949
Burkina Faso,BFA,2018.0,4.921,777.465618514048,26.0832202154822,4.596
Burkina Faso,BFA,2019.0,4.681,764.853077774946,26.1187254401157,4.91
Burkina Faso,BFA,2020.0,4.44,825.237038782475,26.3578373628627,5.379
Burkina Faso,BFA,2021.0,4.361,895.535288442991,26.8114307743017,6.876
Burkina Faso,BFA,2022.0,4.275,827.330843486661,27.2791369742712,7.41
Burkina Faso,BFA,2023.0,4.186,873.482589651003,27.7872478365158,8.134
Burkina Faso,BFA,2024.0,4.11,981.992649769081,28.3352514896662,8.529
Burundi,BDI,1990.0,7.365,202.629446176297,6.26688751370564,0.403
Burundi,BDI,1991.0,7.336,204.668258398817,6.46281419953055,0.402
Burundi,BDI,1992.0,7.301,184.868970456447,6.64880538600158,0.415
Burundi,BDI,1993.0,7.272,165.344120319403,6.82684917355131,0.438
Burundi,BDI,1994.0,7.23,161.892584261635,6.99924539529555,
Burundi,BDI,1995.0,7.184,164.915311679326,7.16829388435013,
Burundi,BDI,1996.0,7.123,143.156741187159,7.33629447383088,
Burundi,BDI,1997.0,7.04,160.278342046962,7.50554699685361,
Burundi,BDI,1998.0,6.958,144.456948255536,7.67835128653415,0.502
Burundi,BDI,1999.0,6.897,127.51419578119,7.85700717598833,0.541
Burundi,BDI,2000.0,6.872,134.537861752389,8.04381449833197,0.564
Burundi,BDI,2001.0,6.849,132.159554541932,8.24107308668089,0.56
Burundi,BDI,2002.0,6.819,120.952308575468,8.45108277415092,0.971
Burundi,BDI,2003.0,6.785,111.406682804391,8.67614339385788,
Burundi,BDI,2004.0,6.746,125.194965184533,8.9185547789176,1.159
Burundi,BDI,2005.0,6.708,147.234619294225,9.1806167624459,1.175
Burundi,BDI,2006.0,6.659,161.892755640319,9.4646291775586,1.316
Burundi,BDI,2007.0,6.588,166.162744906755,9.77289185737152,
Burundi,BDI,2008.0,6.515,189.502074570768,10.1064353383035,
Burundi,BDI,2009.0,6.409,198.431524048225,10.4979900434482,
Burundi,BDI,2010.0,6.26,216.727705301976,10.9843097335487,2.151
Burundi,BDI,2011.0,6.108,230.069761381132,11.5616652230006,
Burundi,BDI,2012.0,5.991,231.098787811507,12.2244596804615,1.849
Burundi,BDI,2013.0,5.889,234.844770150871,12.9670962745892,2.428
Burundi,BDI,2014.0,5.794,250.544492155185,13.7839781740413,2.765
Burundi,BDI,2015.0,5.695,254.402585226788,14.6695085474754,2.616
Burundi,BDI,2016.0,5.587,232.937812100153,15.6180905635494,2.631
Burundi,BDI,2017.0,5.481,246.060725714184,16.6241273909209,2.988
Burundi,BDI,2018.0,5.38,245.661678332009,17.6820221982475,3.463
Burundi,BDI,2019.0,5.271,234.31061590725,18.786178154187,
Burundi,BDI,2020.0,5.177,255.8324539389,19.9309984273971,
Burundi,BDI,2021.0,5.078,264.980379269655,21.1108861865354,
Burundi,BDI,2022.0,4.98,302.992505263552,22.3202446002597,
Burundi,BDI,2023.0,4.878,250.627253097255,23.5534768372276,5.269
Burundi,BDI,2024.0,4.789,219.424830882698,24.8302838651025,
Cabo Verde,CPV,1990.0,5.36,817.442925539738,44.1279427641346,
Cabo Verde,CPV,1991.0,5.262,831.61388764249,45.3967306887148,
Cabo Verde,CPV,1992.0,5.123,907.847909529157,46.5644771731675,
Cabo Verde,CPV,1993.0,4.953,1220.04997868613,47.6439492545935,
Cabo Verde,CPV,1994.0,4.723,991.108974352157,48.6494973094647,
Cabo Verde,CPV,1995.0,4.494,1165.13832331934,49.5954717142527,
Cabo Verde,CPV,1996.0,4.257,1179.51522705182,50.4962228454294,
Cabo Verde,CPV,1997.0,4.052,1133.57422614008,51.3661010794665,
Cabo Verde,CPV,1998.0,3.898,1186.74294773086,52.2194567928358,
Cabo Verde,CPV,1999.0,3.727,1326.74466945164,53.070640362009,
Cabo Verde,CPV,2000.0,3.545,1189.51479345891,53.9332149202283,1.839
Cabo Verde,CPV,2001.0,3.366,1223.33055331575,54.7762172320995,1.606
Cabo Verde,CPV,2002.0,3.192,1328.57874270666,55.5703407979481,3.939
Cabo Verde,CPV,2003.0,3.033,1717.97565369655,56.3297071979641,4.856
Cabo Verde,CPV,2004.0,2.9,1929.49081468781,57.0677167011018,6.42
Cabo Verde,CPV,2005.0,2.726,2004.14680417563,57.7977695763157,7.787
Cabo Verde,CPV,2006.0,2.555,2256.99666191075,58.5332660925599,9.067
Cabo Verde,CPV,2007.0,2.409,3324.57675212498,59.287606518789,10.773
Cabo Verde,CPV,2008.0,2.298,3908.64885822576,60.0741911239572,13.528
Cabo Verde,CPV,2009.0,2.246,3659.72046361628,60.906420177019,17.165
Cabo Verde,CPV,2010.0,2.329,3579.46006137809,61.7974262732302,19.884
Cabo Verde,CPV,2011.0,2.329,4002.01386888785,62.7419929036884,23.399
Cabo Verde,CPV,2012.0,2.153,3736.81517011087,63.7260454520996,23.576
Cabo Verde,CPV,2013.0,2.067,3960.97596791345,64.7486207521826,26.854
Cabo Verde,CPV,2014.0,2.031,3985.60706548134,65.8085112712742,28.147
Cabo Verde,CPV,2015.0,1.968,3415.06266730931,66.9045094767116,27.229
Cabo Verde,CPV,2016.0,1.966,3608.96605234906,68.0354078358316,29.032
Cabo Verde,CPV,2017.0,1.93,3893.09571382506,69.1999988159713,30.151
Cabo Verde,CPV,2018.0,1.804,4294.96510035729,70.3970748844677,29.956
Cabo Verde,CPV,2019.0,1.698,4380.78117331128,71.6254285086577,
Cabo Verde,CPV,2020.0,1.591,3539.22661248299,72.8838521558784,
Cabo Verde,CPV,2021.0,1.554,3971.44409203423,74.1607930892827,
Cabo Verde,CPV,2022.0,1.533,4323.31362032709,75.033738060849,
Cabo Verde,CPV,2023.0,1.522,4794.90121917259,75.9064245753376,
Cabo Verde,CPV,2024.0,1.511,5192.48157325878,76.7721471004354,
Cambodia,KHM,1990.0,5.642,190.181470036159,15.7157497390038,
Cambodia,KHM,1991.0,5.588,267.336306726982,16.0597496099039,
Cambodia,KHM,1992.0,5.486,307.094922385136,16.4097495102946,
Cambodia,KHM,1993.0,5.433,294.059372727558,16.7657494060925,0.447
Cambodia,KHM,1994.0,5.281,302.1307854832,17.1276884970302,0.509
Cambodia,KHM,1995.0,5.076,343.485224671585,17.4962488002108,0.474
Cambodia,KHM,1996.0,4.867,324.655870983004,17.8834321201168,0.549
Cambodia,KHM,1997.0,4.395,297.59041960803,18.1846372155166,0.374
Cambodia,KHM,1998.0,4.13,258.780953189377,18.3715559169572,
Cambodia,KHM,1999.0,3.933,286.753596443196,18.5111858410878,
Cambodia,KHM,2000.0,3.794,296.426687526334,18.6242216655572,0.903
Cambodia,KHM,2001.0,3.687,327.500984314444,18.7186818716995,1.051
Cambodia,KHM,2002.0,3.57,350.147276634294,18.803641734126,1.318
Cambodia,KHM,2003.0,3.429,386.691123931778,18.8881765274479,
Cambodia,KHM,2004.0,3.307,444.199067529081,18.9813615262763,1.91
Cambodia,KHM,2005.0,3.238,525.797325120926,19.0922720052225,2.374
Cambodia,KHM,2006.0,3.175,612.252648550727,19.2299832388976,3.953
Cambodia,KHM,2007.0,3.13,731.692295125426,19.4035705019128,5.029
Cambodia,KHM,2008.0,3.048,866.283999789749,19.6574509865325,6.01
Cambodia,KHM,2009.0,2.971,875.748936193569,20.1979728726519,7.668
Cambodia,KHM,2010.0,2.859,952.274616324008,21.1232251168762,9.131
Cambodia,KHM,2011.0,2.782,1088.98152823081,22.3824788531276,9.238
Cambodia,KHM,2012.0,2.751,1192.80263041673,23.9411047582349,
Cambodia,KHM,2013.0,2.742,1305.6600972686,25.7644735090271,
Cambodia,KHM,2014.0,2.734,1431.56396469993,27.8179557823331,
Cambodia,KHM,2015.0,2.729,1547.32010444393,30.0669222549819,12.015
Cambodia,KHM,2016.0,2.725,1675.19555711109,32.4767436038024,
Cambodia,KHM,2017.0,2.719,1826.35391688754,35.0127905056235,12.134
Cambodia,KHM,2018.0,2.724,2036.67377566578,37.6404336372742,13.16
Cambodia,KHM,2019.0,2.725,2225.87705485686,39.5830241256026,14.515
Cambodia,KHM,2020.0,2.699,2081.73914242939,39.832658030922,14.794
Cambodia,KHM,2021.0,2.664,2167.40324198499,40.1091858128847,13.656
Cambodia,KHM,2022.0,2.616,2325.03050040841,40.374616187368,13.763
Cambodia,KHM,2023.0,2.579,2429.74853452838,40.6290788072508,18.786
Cambodia,KHM,2024.0,2.548,2627.87969756224,40.8727033252729,22.693
Cameroon,CMR,1990.0,6.362,1086.71700937081,40.0887363273593,
Cameroon,CMR,1991.0,6.324,1014.82897292999,40.770166213607,
Cameroon,CMR,1992.0,6.256,1005.44897647465,41.4395077111738,
Cameroon,CMR,1993.0,6.155,1309.93629975506,42.0958101970685,
Cameroon,CMR,1994.0,6.043,700.70950185009,42.7381230483001,
Cameroon,CMR,1995.0,5.919,832.006674487689,43.3654956418773,
Cameroon,CMR,1996.0,5.795,826.965322327363,43.9769773548092,
Cameroon,CMR,1997.0,5.706,783.251601945462,44.5716175641045,
Cameroon,CMR,1998.0,5.656,798.745621406677,45.1484656467721,
Cameroon,CMR,1999.0,5.604,796.262649784591,45.7065709798209,
Cameroon,CMR,2000.0,5.514,708.565731625965,46.2449829402599,
Cameroon,CMR,2001.0,5.441,715.470296470585,46.7627509050978,
Cameroon,CMR,2002.0,5.435,789.623811072554,47.2589242513436,4.005
Cameroon,CMR,2003.0,5.432,988.241276791846,47.7325523560061,4.056
Cameroon,CMR,2004.0,5.436,1133.39326749673,48.1826845960942,4.062
Cameroon,CMR,2005.0,5.421,1142.62466252106,48.5837852394685,4.78
Cameroon,CMR,2006.0,5.369,1191.45458990968,49.2044173412861,5.924
Cameroon,CMR,2007.0,5.343,1325.67248215933,49.7027028593758,6.659
Cameroon,CMR,2008.0,5.294,1492.14269801453,50.0858325268669,7.249
Cameroon,CMR,2009.0,5.236,1461.38999232337,50.4714131335678,8.28
Cameroon,CMR,2010.0,5.154,1398.58702025047,50.8505075371362,10.364
Cameroon,CMR,2011.0,5.052,1513.96056994878,51.2229843034125,10.578
Cameroon,CMR,2012.0,4.982,1449.09874362279,51.5887119982861,11.778
Cameroon,CMR,2013.0,4.905,1575.92882118897,51.9475591877024,13.732
Cameroon,CMR,2014.0,4.844,1649.4433905949,52.2993944376709,14.641
Cameroon,CMR,2015.0,4.841,1415.00009710569,52.6440863142742,15.368
Cameroon,CMR,2016.0,4.842,1441.7201725688,52.9815033836792,11.869
Cameroon,CMR,2017.0,4.804,1496.08951771242,53.3115142121504,11.609
Cameroon,CMR,2018.0,4.74,1610.69641591017,53.6339873660653,13.621
Cameroon,CMR,2019.0,4.651,1555.22660476477,53.9487914119331,13.992
Cameroon,CMR,2020.0,4.557,1555.60370660749,54.2557949164174,13.794
Cameroon,CMR,2021.0,4.468,1672.32657340872,54.5548664463635,15.177
Cameroon,CMR,2022.0,4.397,1604.87726954895,54.8458745688318,14.66
Cameroon,CMR,2023.0,4.322,1720.47510154506,55.1286878511388,14.537
Cameroon,CMR,2024.0,4.261,1830.00833684727,55.4031748609078,16.363
Canada,CAN,1990.0,1.83,21525.8611387148,76.5564437077021,
Canada,CAN,1991.0,1.72,21846.7930471354,76.5953841315163,
Canada,CAN,1992.0,1.71,20950.3305287651,76.7352832428064,
Canada,CAN,1993.0,1.69,20186.7988782965,76.9965686255912,
Canada,CAN,1994.0,1.69,19997.6237373354,77.3171285420943,
Canada,CAN,1995.0,1.67,20679.634792669,77.6356482587498,
Canada,CAN,1996.0,1.63,21296.9723536904,77.8924633929695,
Canada,CAN,1997.0,1.57,21901.5628548392,78.0903398790871,
Canada,CAN,1998.0,1.56,21024.5850687045,78.2693823081821,
Canada,CAN,1999.0,1.55,22315.2466731545,78.4439309329358,
Canada,CAN,2000.0,1.51,24271.0020563821,78.6292995508947,67.271
Canada,CAN,2001.0,1.54,23822.096210932,78.8414764949736,
Canada,CAN,2002.0,1.52,24256.0192337185,79.0990234802234,67.591
Canada,CAN,2003.0,1.55,28301.8645937428,79.391380674239,
Canada,CAN,2004.0,1.56,32145.5412620217,79.6923063348315,
Canada,CAN,2005.0,1.58,36383.6600068095,79.9760615882965,
Canada,CAN,2006.0,1.63,40504.0370977806,80.219066099279,
Canada,CAN,2007.0,1.67,44660.0838892281,80.4425615136782,74.264
Canada,CAN,2008.0,1.7,46710.2526864484,80.6628944916604,74.745
Canada,CAN,2009.0,1.69,40874.8831932903,80.8591838893921,73.944
Canada,CAN,2010.0,1.65,47560.6666009406,81.0120892252937,71.326
Canada,CAN,2011.0,1.63,52223.8588398531,81.1031425434213,72.517
Canada,CAN,2012.0,1.63,52670.3447335415,81.1513483248791,73.06
Canada,CAN,2013.0,1.61,52638.1187235237,81.183439957458,75.963
Canada,CAN,2014.0,1.61,50960.8431174661,81.211183161556,78.04
Canada,CAN,2015.0,1.6,43594.1941045394,81.2465670276699,78.512
Canada,CAN,2016.0,1.59,42314.0615817218,81.3023011093703,80.764
Canada,CAN,2017.0,1.55,45129.628116623,81.4018945832226,81.954
Canada,CAN,2018.0,1.51,46539.1761570405,81.5500341646653,80.765
Canada,CAN,2019.0,1.47,46352.8693445211,81.7363672047941,84.594
Canada,CAN,2020.0,1.41,43537.839298904,81.9509888710566,87.021
Canada,CAN,2021.0,1.44,52886.6616372703,82.1779279079275,92.927
Canada,CAN,2022.0,1.34,56256.8007264015,82.3500897353968,92.297
Canada,CAN,2023.0,1.27,54220.3285039875,82.5250564408346,88.594
Canada,CAN,2024.0,1.25,54340.3477224733,82.7002565766633,
Cayman Islands,CYM,1990.0,1.783,,100.0,
Cayman Islands,CYM,1991.0,1.846,,100.0,
Cayman Islands,CYM,1992.0,1.726,,100.0,
Cayman Islands,CYM,1993.0,1.669,,100.0,
Cayman Islands,CYM,1994.0,1.66,,100.0,
Cayman Islands,CYM,1995.0,1.674,,100.0,
Cayman Islands,CYM,1996.0,1.691,,100.0,
Cayman Islands,CYM,1997.0,1.701,,100.0,
Cayman Islands,CYM,1998.0,1.702,,100.0,
Cayman Islands,CYM,1999.0,1.708,,100.0,
Cayman Islands,CYM,2000.0,1.707,,100.0,
Cayman Islands,CYM,2001.0,1.697,,100.0,
Cayman Islands,CYM,2002.0,1.681,,100.0,
Cayman Islands,CYM,2003.0,1.672,,100.0,
Cayman Islands,CYM,2004.0,1.671,,100.0,
Cayman Islands,CYM,2005.0,1.665,,100.0,
Cayman Islands,CYM,2006.0,1.665,87085.0945866141,100.0,26.852
Cayman Islands,CYM,2007.0,1.681,89888.2611264853,100.0,29.755
Cayman Islands,CYM,2008.0,1.703,89655.1185574521,100.0,43.702
Cayman Islands,CYM,2009.0,1.723,81373.5721242232,100.0,
Cayman Islands,CYM,2010.0,1.694,76837.6710064442,100.0,
Cayman Islands,CYM,2011.0,1.637,75280.9617699986,100.0,
Cayman Islands,CYM,2012.0,1.531,75101.5906883232,100.0,
Cayman Islands,CYM,2013.0,1.445,75113.7342282813,100.0,
Cayman Islands,CYM,2014.0,1.334,75845.3055572577,100.0,
Cayman Islands,CYM,2015.0,1.269,76379.2098777987,100.0,
Cayman Islands,CYM,2016.0,1.231,77802.2535658023,100.0,
Cayman Islands,CYM,2017.0,1.222,80053.9442657031,100.0,
Cayman Islands,CYM,2018.0,1.277,83865.5540393356,100.0,
Cayman Islands,CYM,2019.0,1.508,88254.2902486867,100.0,
Cayman Islands,CYM,2020.0,1.554,82338.7977439023,100.0,
Cayman Islands,CYM,2021.0,1.551,86449.6749037302,100.0,
Cayman Islands,CYM,2022.0,1.541,93030.7051447803,100.0,
Cayman Islands,CYM,2023.0,1.531,99143.5180243123,100.0,
Cayman Islands,CYM,2024.0,1.525,,100.0,
Central African Republic,CAF,1990.0,6.049,501.656200636394,37.2008008942142,0.415
Central African Republic,CAF,1991.0,6.03,464.828283626364,37.2682293278798,0.37
Central African Republic,CAF,1992.0,5.964,461.587303490896,37.3280641352245,0.389
Central African Republic,CAF,1993.0,5.926,404.954546941526,37.3817062823325,
Central African Republic,CAF,1994.0,5.919,261.260397409459,37.4305567352881,
Central African Republic,CAF,1995.0,5.943,333.145863233895,37.4760164601754,
Central African Republic,CAF,1996.0,5.963,293.306575328658,37.5194864230787,
Central African Republic,CAF,1997.0,5.924,265.5212823896,37.5623675900822,
Central African Republic,CAF,1998.0,5.889,266.570544600384,37.6060609272702,
Central African Republic,CAF,1999.0,5.875,267.995954011083,37.6519674007269,0.653
Central African Republic,CAF,2000.0,5.851,239.154133726071,37.7014879765364,0.637
Central African Republic,CAF,2001.0,5.807,237.951702544735,37.7560236207831,
Central African Republic,CAF,2002.0,5.785,248.639290978403,37.8169752995511,
Central African Republic,CAF,2003.0,5.799,278.403992150941,37.8863171931924,
Central African Republic,CAF,2004.0,5.784,303.461321152782,37.9626889392062,
Central African Republic,CAF,2005.0,5.812,311.950023138687,38.0448510426866,
Central African Republic,CAF,2006.0,5.84,333.942519903031,38.134433681123,0.491
Central African Republic,CAF,2007.0,5.867,380.887048839475,38.2343339436079,
Central African Republic,CAF,2008.0,5.902,437.24827472489,38.3474489192338,1.151
Central African Republic,CAF,2009.0,5.936,456.471673898404,38.476675697093,1.419
Central African Republic,CAF,2010.0,5.963,476.873786950728,38.6244963104203,1.2
Central African Republic,CAF,2011.0,6.009,534.057281471636,38.8030669465007,
Central African Republic,CAF,2012.0,6.047,544.395849142785,39.0301696038517,1.453
Central African Republic,CAF,2013.0,6.075,364.36696260838,39.3042963482777,
Central African Republic,CAF,2014.0,6.099,409.8504859647,39.6226521868738,
Central African Republic,CAF,2015.0,6.126,366.322853938121,39.9824421267351,
Central African Republic,CAF,2016.0,6.126,387.176203444318,40.3808711749566,
Central African Republic,CAF,2017.0,6.127,432.324025684263,40.8151443386334,
Central African Republic,CAF,2018.0,6.108,455.243962859534,41.2824666248606,
Central African Republic,CAF,2019.0,6.09,449.228467602439,41.7800430407332,
Central African Republic,CAF,2020.0,6.059,462.879071294011,42.3050785933463,
Central African Republic,CAF,2021.0,6.052,492.263142830507,42.8547782897949,
Central African Republic,CAF,2022.0,6.023,467.359825026238,43.2751967457285,
Central African Republic,CAF,2023.0,6.012,495.978897288721,43.6983692134165,
Central African Republic,CAF,2024.0,5.954,516.160999996036,44.1243555638904,
Chad,TCD,1990.0,7.219,290.599045262191,21.2010604645485,
Chad,TCD,1991.0,7.261,302.487268390603,21.2916453921005,
Chad,TCD,1992.0,7.296,290.648286132566,21.3609354143699,
Chad,TCD,1993.0,7.337,220.729964903293,21.4101199820059,
Chad,TCD,1994.0,7.31,173.928895064035,21.4507061631048,
Chad,TCD,1995.0,7.29,203.964852705041,21.4898472014251,
Chad,TCD,1996.0,7.292,216.912541056484,21.5269357382438,0.131
Chad,TCD,1997.0,7.274,201.384076969355,21.5618719838381,0.158
Chad,TCD,1998.0,7.266,219.779530915601,21.5945561484855,0.185
Chad,TCD,1999.0,7.262,186.638531146223,21.6248884424631,
Chad,TCD,2000.0,7.249,163.121663683369,21.6527690760484,0.237
Chad,TCD,2001.0,7.231,194.32295331156,21.6780982595188,0.244
Chad,TCD,2002.0,7.201,219.061391951349,21.7007762031515,
Chad,TCD,2003.0,7.179,289.087621122168,21.7207031172239,0.192
Chad,TCD,2004.0,7.16,445.850767157087,21.7377792120134,0.303
Chad,TCD,2005.0,7.134,838.092107712557,21.7519046977973,0.17
Chad,TCD,2006.0,7.118,906.897260572747,21.7629797848529,
Chad,TCD,2007.0,7.092,980.483531485103,21.7709046834576,
Chad,TCD,2008.0,7.063,1166.36883453841,21.7755796038887,0.497
Chad,TCD,2009.0,7.021,1035.63719694254,21.7784396568755,0.593
Chad,TCD,2010.0,6.99,1141.80069268412,21.8472378191095,0.621
Chad,TCD,2011.0,6.948,1308.1421872538,21.9558736797638,0.852
Chad,TCD,2012.0,6.905,1354.34344701937,22.1061904148178,
Chad,TCD,2013.0,6.839,1304.88742971475,22.2975929852391,
Chad,TCD,2014.0,6.781,1278.78981422494,22.5294513486009,1.119
Chad,TCD,2015.0,6.706,993.990730610869,22.8011258828974,1.457
Chad,TCD,2016.0,6.623,861.831767630746,23.1119734707179,
Chad,TCD,2017.0,6.537,854.46120040098,23.461349471105,
Chad,TCD,2018.0,6.464,948.656629871231,23.8486084924975,
Chad,TCD,2019.0,6.412,893.336441643325,24.2731047386633,
Chad,TCD,2020.0,6.346,866.947814890409,24.7341921795416,2.476
Chad,TCD,2021.0,6.255,946.358500208374,25.2312246423075,
Chad,TCD,2022.0,6.215,966.036468278568,25.7635558629694,
Chad,TCD,2023.0,6.12,949.333453674592,26.3305395171046,
Chad,TCD,2024.0,6.028,961.55975562506,26.9315292389497,
Chile,CHL,1990.0,2.579,2487.76829657299,83.1911973199111,
Chile,CHL,1991.0,2.558,2798.34262413795,83.3267865158432,
Chile,CHL,1992.0,2.478,3351.84108855522,83.4959351320883,
Chile,CHL,1993.0,2.43,3540.91377313015,83.7341884954788,
Chile,CHL,1994.0,2.377,4012.10159912285,84.0491405833779,
Chile,CHL,1995.0,2.353,5081.4682771561,84.4167268897386,
Chile,CHL,1996.0,2.284,5333.50438729711,84.8148594016272,
Chile,CHL,1997.0,2.202,5741.95842989596,85.2214501061097,
Chile,CHL,1998.0,2.149,5419.82417297191,85.6144109902521,
Chile,CHL,1999.0,2.074,4933.55581516755,85.9716540411206,
Chile,CHL,2000.0,2.046,5052.99245766325,86.2710912457813,33.867
Chile,CHL,2001.0,2.007,4563.5952986689,86.4906345913002,
Chile,CHL,2002.0,1.934,4430.84741157984,86.6114115090282,38.811
Chile,CHL,2003.0,1.885,4773.40177520754,86.6792973033246,42.248
Chile,CHL,2004.0,1.844,6120.59152055344,86.7336754490112,43.183
Chile,CHL,2005.0,1.825,7480.32330998636,86.7768244484887,49.145
Chile,CHL,2006.0,1.798,9318.65655296121,86.8125123390851,49.237
Chile,CHL,2007.0,1.826,10346.4138184533,86.8445071581285,54.935
Chile,CHL,2008.0,1.85,10683.2188772511,86.8765769429469,57.588
Chile,CHL,2009.0,1.855,10098.8017167286,86.9124897308683,61.815
Chile,CHL,2010.0,1.844,12632.8704724192,86.9560135592209,68.755
Chile,CHL,2011.0,1.823,14487.3927832032,87.0109164653326,74.249
Chile,CHL,2012.0,1.798,15241.9069981119,87.0824943735696,79.36
Chile,CHL,2013.0,1.786,15683.5486369155,87.1827777654221,84.186
Chile,CHL,2014.0,1.774,14529.6767206336,87.3133701497978,88.345
Chile,CHL,2015.0,1.737,13433.9202987032,87.4653320342387,91.162
Chile,CHL,2016.0,1.686,13649.8520452803,87.6306290578181,94.351
Chile,CHL,2017.0,1.563,14879.9086227187,87.8000295757281,96.291
Chile,CHL,2018.0,1.543,15659.4808675628,87.9620493753008,98.304
Chile,CHL,2019.0,1.43,14495.716721687,88.1273685623538,99.342
Chile,CHL,2020.0,1.307,13114.815470545,88.2953490438375,96.771
Chile,CHL,2021.0,1.176,16206.8325493421,88.4660511664452,105.963
Chile,CHL,2022.0,1.255,15405.6165774073,88.6395352768685,108.698
Chile,CHL,2023.0,1.167,17067.0364799154,88.8158617217972,114.004
Chile,CHL,2024.0,1.14,16709.8893972307,88.9950908479196,
China,CHN,1990.0,2.514,318.50335359039,26.1957015991211,
China,CHN,1991.0,1.934,334.130288119078,26.9402465820312,
China,CHN,1992.0,1.776,367.822651903542,27.4598693847656,
China,CHN,1993.0,1.691,378.939353053314,27.9900760650635,
China,CHN,1994.0,1.628,475.677874448369,28.5098037719727,2.576
China,CHN,1995.0,1.588,612.680277898627,29.0403804779053,
China,CHN,1996.0,1.554,713.337387811657,30.4798641204834,
China,CHN,1997.0,1.527,786.743548510999,31.9099540710449,
China,CHN,1998.0,1.522,835.095348597432,33.3501663208008,
China,CHN,1999.0,1.53,881.146614068925,34.7797050476074,
China,CHN,2000.0,1.628,969.199513696287,36.4320234662299,
China,CHN,2001.0,1.563,1065.40597574519,37.6597442626953,
China,CHN,2002.0,1.566,1163.55957673426,39.0897827148438,
China,CHN,2003.0,1.57,1306.97245408557,40.5302314758301,13.146
China,CHN,2004.0,1.605,1530.92726215723,41.7600135803223,15.919
China,CHN,2005.0,1.624,1777.64496828464,42.9899978637695,17.791
China,CHN,2006.0,1.644,2129.25696999613,44.3430099487305,20.12
China,CHN,2007.0,1.666,2734.72709877693,45.8892440795898,21.429
China,CHN,2008.0,1.701,3523.44302065213,46.9895057678223,22.299
China,CHN,2009.0,1.714,3898.24459158811,48.3417053222656,24.039
China,CHN,2010.0,1.687,4629.24551710077,49.2340270628041,26.425
China,CHN,2011.0,1.668,5703.76027973346,51.8300285339355,28.337
China,CHN,2012.0,1.798,6405.0574241349,53.1003112792969,31.237
China,CHN,2013.0,1.714,7147.03518622344,54.4900016784668,35.224
China,CHN,2014.0,1.769,7781.06597484974,55.7502555847168,47.591
China,CHN,2015.0,1.67,8175.33285077393,57.3297843933105,51.825
China,CHN,2016.0,1.772,8254.86859320357,58.8399238586426,54.686
China,CHN,2017.0,1.795,8979.67652709856,60.2402687072754,56.781
China,CHN,2018.0,1.539,10085.6638148819,61.5001983642578,59.663
China,CHN,2019.0,1.496,10342.9009524335,62.7099151611328,63.374
China,CHN,2020.0,1.236,10627.4637989619,63.5234230266258,68.24
China,CHN,2021.0,1.117,12887.4357242941,64.721076965332,73.319
China,CHN,2022.0,1.034,12970.6056414327,65.2176361083984,77.681
China,CHN,2023.0,0.999,12951.1782397043,65.5301448035523,80.779
China,CHN,2024.0,1.013,13303.1481543868,65.8946980998325,83.066
Colombia,COL,1990.0,2.995,1474.8455285342,69.4907571843537,
Colombia,COL,1991.0,2.982,1485.73971889208,69.9576034637361,
Colombia,COL,1992.0,2.983,1730.39091795329,70.4190206034906,
Colombia,COL,1993.0,2.978,1929.26721811738,70.8733475069429,
Colombia,COL,1994.0,2.937,2325.91872973374,71.3349044726196,
Colombia,COL,1995.0,2.85,2583.66576349858,71.8237121859285,
Colombia,COL,1996.0,2.768,2664.64056059983,72.3326212825811,
Colombia,COL,1997.0,2.743,2873.2814350993,72.8506360383423,
Colombia,COL,1998.0,2.717,2604.87166959518,73.3667607289768,
Colombia,COL,1999.0,2.637,2241.22911801216,73.8699996302493,
Colombia,COL,2000.0,2.574,2555.00751039968,74.3493570179247,26.187
Colombia,COL,2001.0,2.522,2472.99084035833,74.7938371677676,27.219
Colombia,COL,2002.0,2.489,2428.92969771584,75.192444355543,27.188
Colombia,COL,2003.0,2.45,2311.94218760291,75.5341828570154,
Colombia,COL,2004.0,2.384,2818.57195413044,75.8080569479496,30.223
Colombia,COL,2005.0,2.309,3456.06610874512,76.004938901378,33.098
Colombia,COL,2006.0,2.241,3789.85361217027,76.1619191918164,35.406
Colombia,COL,2007.0,2.195,4769.926147194,76.3144038775849,36.635
Colombia,COL,2008.0,2.155,5541.83629665898,76.4596761810047,37.379
Colombia,COL,2009.0,2.096,5250.97292433518,76.5964145836792,40.101
Colombia,COL,2010.0,2.01,6398.2958447102,76.7232975672119,43.084
Colombia,COL,2011.0,1.938,7400.9940695669,76.839003613206,47.056
Colombia,COL,2012.0,1.899,8108.59838244229,76.942211203265,50.054
Colombia,COL,2013.0,1.86,8279.10255642981,77.0315988189922,53.959
Colombia,COL,2014.0,1.822,8187.20824890084,77.1058449419909,56.81
Colombia,COL,2015.0,1.771,6248.51490534512,77.1636280538646,58.803
Colombia,COL,2016.0,1.719,5959.84250367574,77.2036266362166,61.305
Colombia,COL,2017.0,1.717,6479.53231292429,77.2245191706503,62.734
Colombia,COL,2018.0,1.715,6816.96818309544,77.2804816598084,61.542
Colombia,COL,2019.0,1.71,6472.54544924705,77.4595528518377,60.514
Colombia,COL,2020.0,1.694,5339.68711357943,77.6382533537045,59.842
Colombia,COL,2021.0,1.68,6222.62164397614,77.8339570326128,63.163
Colombia,COL,2022.0,1.663,6680.44506854481,78.0464633137335,64.322
Colombia,COL,2023.0,1.645,7000.83660501046,78.275571579544,
Colombia,COL,2024.0,1.634,7919.20886825345,78.5210811866115,
Comoros,COM,1990.0,6.505,903.20430581841,28.3481619901639,0.173
Comoros,COM,1991.0,6.354,879.348889291867,28.4669403072928,
Comoros,COM,1992.0,6.186,938.595399659213,28.4656667857423,0.3
Comoros,COM,1993.0,6.022,903.033729112507,28.4403314078112,
Comoros,COM,1994.0,5.864,652.898017688557,28.3994895148917,
Comoros,COM,1995.0,5.73,800.623567802959,28.3468419976372,
Comoros,COM,1996.0,5.627,786.380773511866,28.286089746701,
Comoros,COM,1997.0,5.513,714.519968676115,28.2209336527364,
Comoros,COM,1998.0,5.392,704.479817408486,28.1550746063967,
Comoros,COM,1999.0,5.28,707.228776682623,28.0922134983353,1.216
Comoros,COM,2000.0,5.227,633.309032776244,28.0360512192055,1.268
Comoros,COM,2001.0,5.195,681.163857619963,27.9902886596605,
Comoros,COM,2002.0,5.155,764.61349832543,27.9586267103537,
Comoros,COM,2003.0,5.115,959.691049354812,27.9448864609618,2.821
Comoros,COM,2004.0,5.065,1072.28409029621,27.9596300229124,
Comoros,COM,2005.0,5.012,1105.78796866788,28.016895208368,
Comoros,COM,2006.0,4.934,1138.47908404345,28.1143215973031,
Comoros,COM,2007.0,4.859,1289.73631056361,28.2493321448949,
Comoros,COM,2008.0,4.805,1455.02768595586,28.4193498063202,
Comoros,COM,2009.0,4.778,1410.30516959473,28.6217975367563,4.891
Comoros,COM,2010.0,4.755,1386.5742428453,28.8540982913801,4.975
Comoros,COM,2011.0,4.722,1531.43789372951,29.1136750253686,8.533
Comoros,COM,2012.0,4.652,1490.31511351281,29.397950693899,9.506
Comoros,COM,2013.0,4.572,1603.32797107303,29.7043482521482,8.43
Comoros,COM,2014.0,4.489,1615.71723662012,30.0302906552932,8.468
Comoros,COM,2015.0,4.42,1329.37048235986,30.3732008585112,
Comoros,COM,2016.0,4.348,1365.48403444497,30.7305018169792,
Comoros,COM,2017.0,4.278,1423.9248027797,31.0996559689293,18.293
Comoros,COM,2018.0,4.208,1527.40527125285,31.4073645195839,
Comoros,COM,2019.0,4.138,1510.23218151592,31.7287584068243,
Comoros,COM,2020.0,4.071,1519.34665556206,32.0638072194881,
Comoros,COM,2021.0,3.999,1554.97289190153,32.4124444313246,
Comoros,COM,2022.0,3.935,1465.479642862,32.7746035528748,
Comoros,COM,2023.0,3.878,1560.27378476855,33.1502180946901,
Comoros,COM,2024.0,3.822,1662.75663312504,33.5392215673301,
"Congo, Dem. Rep.",COD,1990.0,6.649,254.872656292509,30.2744748770515,
"Congo, Dem. Rep.",COD,1991.0,6.645,253.79642770809,30.6864874331592,
"Congo, Dem. Rep.",COD,1992.0,6.639,209.726548794417,31.1112109993961,
"Congo, Dem. Rep.",COD,1993.0,6.641,263.335582841074,31.5480979038271,
"Congo, Dem. Rep.",COD,1994.0,6.643,136.542547670676,31.9966004745173,
"Congo, Dem. Rep.",COD,1995.0,6.676,127.008078734668,32.4561710395319,
"Congo, Dem. Rep.",COD,1996.0,6.672,127.416132828292,32.9262619269359,
"Congo, Dem. Rep.",COD,1997.0,6.69,132.323520768553,33.4063254647945,
"Congo, Dem. Rep.",COD,1998.0,6.7,131.461338858019,33.8958139811728,
"Congo, Dem. Rep.",COD,1999.0,6.692,96.3192243479286,34.3941798041357,
"Congo, Dem. Rep.",COD,2000.0,6.702,377.925421481395,34.9008752617485,
"Congo, Dem. Rep.",COD,2001.0,6.663,142.678142604412,35.4153526820763,
"Congo, Dem. Rep.",COD,2002.0,6.606,162.38052907429,35.937064393184,
"Congo, Dem. Rep.",COD,2003.0,6.549,161.491553524396,36.4654627231369,
"Congo, Dem. Rep.",COD,2004.0,6.53,180.664764963633,37.0,
"Congo, Dem. Rep.",COD,2005.0,6.526,214.539740473519,37.4018738621901,
"Congo, Dem. Rep.",COD,2006.0,6.547,255.445229568751,37.8024827128113,
"Congo, Dem. Rep.",COD,2007.0,6.559,294.101615124419,38.201781337298,2.174
"Congo, Dem. Rep.",COD,2008.0,6.58,352.900363371995,38.5997245210844,2.758
"Congo, Dem. Rep.",COD,2009.0,6.591,280.178991035792,38.9962670496049,2.956
"Congo, Dem. Rep.",COD,2010.0,6.587,352.400398754692,39.391363708294,
"Congo, Dem. Rep.",COD,2011.0,6.582,372.514273875789,39.7849692825859,4.65
"Congo, Dem. Rep.",COD,2012.0,6.559,409.931424783784,40.1770385579151,5.412
"Congo, Dem. Rep.",COD,2013.0,6.527,460.370334930107,40.5675263197158,3.969
"Congo, Dem. Rep.",COD,2014.0,6.483,489.175952097319,40.9563873534225,
"Congo, Dem. Rep.",COD,2015.0,6.437,495.826633014883,41.3435764444694,
"Congo, Dem. Rep.",COD,2016.0,6.392,459.765036590388,41.7290483782911,4.214
"Congo, Dem. Rep.",COD,2017.0,6.349,431.052559128788,42.1127579403217,
"Congo, Dem. Rep.",COD,2018.0,6.302,518.169626875371,42.4946599159958,
"Congo, Dem. Rep.",COD,2019.0,6.253,504.00419142286,42.8747090907476,
"Congo, Dem. Rep.",COD,2020.0,6.206,486.425572682256,43.2528602500115,4.748
"Congo, Dem. Rep.",COD,2021.0,6.156,595.743074403567,43.6290681792218,
"Congo, Dem. Rep.",COD,2022.0,6.106,687.738587554685,44.003287663813,
"Congo, Dem. Rep.",COD,2023.0,6.051,660.21205238997,44.3754734892194,
"Congo, Dem. Rep.",COD,2024.0,5.981,649.383338556725,44.7455804408753,
"Congo, Rep.",COG,1990.0,5.266,1175.66709098428,54.5804255249375,1.489
"Congo, Rep.",COG,1991.0,5.221,1112.53521242945,54.9410425424093,1.597
"Congo, Rep.",COG,1992.0,5.177,1164.22442980292,55.2939906807182,1.852
"Congo, Rep.",COG,1993.0,5.134,1034.37200809816,55.6492692925447,
"Congo, Rep.",COG,1994.0,5.103,661.904273689712,56.0168777305696,
"Congo, Rep.",COG,1995.0,5.068,769.606794842829,56.4068153474735,
"Congo, Rep.",COG,1996.0,5.033,898.794050151577,56.8293178931295,
"Congo, Rep.",COG,1997.0,4.997,804.304050086499,57.2976513812709,
"Congo, Rep.",COG,1998.0,4.909,660.379775085784,57.8079287900723,
"Congo, Rep.",COG,1999.0,4.805,776.416349733937,58.345204994721,1.554
"Congo, Rep.",COG,2000.0,4.724,1024.30159109181,58.8947380255871,2.516
"Congo, Rep.",COG,2001.0,4.67,854.598314408095,59.4417859130405,1.012
"Congo, Rep.",COG,2002.0,4.697,905.538135544704,59.9716066874511,1.203
"Congo, Rep.",COG,2003.0,4.696,1016.82363412143,60.4694583791889,2.192
"Congo, Rep.",COG,2004.0,4.69,1306.10136324599,60.9205990186239,
"Congo, Rep.",COG,2005.0,4.669,1799.05158366154,61.310286636126,
"Congo, Rep.",COG,2006.0,4.651,2103.5821381211,61.6237792620651,
"Congo, Rep.",COG,2007.0,4.649,2206.47101863414,61.8502563370293,
"Congo, Rep.",COG,2008.0,4.726,2832.09177777643,62.0354815675203,
"Congo, Rep.",COG,2009.0,4.808,2271.15219175966,62.2172294650265,2.041
"Congo, Rep.",COG,2010.0,4.851,2946.55798067708,62.3922871058739,
"Congo, Rep.",COG,2011.0,4.826,3396.16505817952,62.5597508130231,5.86
"Congo, Rep.",COG,2012.0,4.785,3732.32737320389,62.7187169094345,7.006
"Congo, Rep.",COG,2013.0,4.731,3697.41705884249,62.8682817180686,7.343
"Congo, Rep.",COG,2014.0,4.665,3601.2365808718,63.0075415618859,
"Congo, Rep.",COG,2015.0,4.607,2439.35189403696,63.135592763847,
"Congo, Rep.",COG,2016.0,4.546,2093.10728558843,63.2515316469123,
"Congo, Rep.",COG,2017.0,4.496,2211.63309874797,63.3544545340423,9.737
"Congo, Rep.",COG,2018.0,4.442,2694.43413191427,63.4434577481975,
"Congo, Rep.",COG,2019.0,4.38,2488.42466724916,63.5176376123385,
"Congo, Rep.",COG,2020.0,4.329,1993.586671931,63.5760904494257,
"Congo, Rep.",COG,2021.0,4.28,2516.16255145432,63.6179125824196,
"Congo, Rep.",COG,2022.0,4.215,2620.83804267402,63.6422003342807,
"Congo, Rep.",COG,2023.0,4.157,2477.97845544866,63.6626757615625,8.316
"Congo, Rep.",COG,2024.0,4.109,2482.2489948456,63.8866111699904,
Costa Rica,CRI,1990.0,3.167,1829.6687089559,48.5798206865317,
Costa Rica,CRI,1991.0,3.075,2253.38191508071,49.5061254880439,
Costa Rica,CRI,1992.0,3.001,2612.38756453737,50.4777876082162,
Costa Rica,CRI,1993.0,2.928,2840.38706479397,51.4878248016624,
Costa Rica,CRI,1994.0,2.857,3039.56328550633,52.529254822996,
Costa Rica,CRI,1995.0,2.779,3275.25256447416,53.5950954268308,
Costa Rica,CRI,1996.0,2.681,3226.96395598625,54.6783643677805,
Costa Rica,CRI,1997.0,2.589,3407.776128985,55.7720794004588,
Costa Rica,CRI,1998.0,2.527,3617.45756666726,56.8692582794794,
Costa Rica,CRI,1999.0,2.481,3690.96154778297,57.962918759456,
Costa Rica,CRI,2000.0,2.413,3812.75388284924,59.0462378975394,
Costa Rica,CRI,2001.0,2.312,3985.12984506207,60.1427600448608,
Costa Rica,CRI,2002.0,2.162,4067.71851429092,61.2787633575946,
Costa Rica,CRI,2003.0,2.084,4173.14856415514,62.4518059303802,
Costa Rica,CRI,2004.0,2.028,4431.0117207843,63.6596013546005,28.386
Costa Rica,CRI,2005.0,2.038,4703.00721784778,64.8998632216384,
Costa Rica,CRI,2006.0,1.937,5256.59640859159,66.1703051228767,
Costa Rica,CRI,2007.0,1.954,6137.71199925542,67.4686406496983,
Costa Rica,CRI,2008.0,1.98,6937.24261596055,68.7925833934861,
Costa Rica,CRI,2009.0,1.953,6832.69829924138,70.1398469456228,
Costa Rica,CRI,2010.0,1.827,8265.78820275582,71.5081448974915,
Costa Rica,CRI,2011.0,1.877,9276.39107511347,72.8426586679914,49.876
Costa Rica,CRI,2012.0,1.851,10126.9991024177,73.3895020668217,51.97
Costa Rica,CRI,2013.0,1.779,10803.2401962173,73.9431776192863,52.282
Costa Rica,CRI,2014.0,1.8,10911.497878334,74.4866963181212,55.71
Costa Rica,CRI,2015.0,1.797,11714.7105980732,75.0198195767549,58.108
Costa Rica,CRI,2016.0,1.746,12091.0301606154,75.5423088085047,57.066
Costa Rica,CRI,2017.0,1.714,12317.0902771304,76.0539254265608,60.712
Costa Rica,CRI,2018.0,1.706,12590.2493781614,76.5544308439668,57.674
Costa Rica,CRI,2019.0,1.6,12884.6859951989,77.0435864735963,60.473
Costa Rica,CRI,2020.0,1.448,12394.0493969492,77.5211537281257,
Costa Rica,CRI,2021.0,1.353,12838.1185358931,77.9868940200009,
Costa Rica,CRI,2022.0,1.335,13625.9008491328,78.4405687613972,
Costa Rica,CRI,2023.0,1.33,16942.0268119375,78.8819393641702,
Costa Rica,CRI,2024.0,1.318,18587.1532203482,79.3107672397967,
Cote d'Ivoire,CIV,1990.0,6.719,885.647842214928,39.6845429703483,
Cote d'Ivoire,CIV,1991.0,6.585,827.241889166985,39.9873817237167,
Cote d'Ivoire,CIV,1992.0,6.426,844.902223806738,40.3003187081632,
Cote d'Ivoire,CIV,1993.0,6.27,804.149657211252,40.6225907203425,
Cote d'Ivoire,CIV,1994.0,6.128,581.888468577405,40.9534345569096,1.667
Cote d'Ivoire,CIV,1995.0,6.038,740.4730999133,41.2920870145192,1.737
Cote d'Ivoire,CIV,1996.0,5.954,1170.23622049666,41.6377848898263,
Cote d'Ivoire,CIV,1997.0,5.902,1124.65674867927,41.9897649794856,2.837
Cote d'Ivoire,CIV,1998.0,5.854,1177.37133815342,42.3472061187643,
Cote d'Ivoire,CIV,1999.0,5.805,1096.13520587572,42.710690759617,2.853
Cote d'Ivoire,CIV,2000.0,5.773,936.636541348798,43.0840065011913,
Cote d'Ivoire,CIV,2001.0,5.704,924.727294962066,43.4670149035012,
Cote d'Ivoire,CIV,2002.0,5.641,967.815864415991,43.859032147728,
Cote d'Ivoire,CIV,2003.0,5.572,1111.17135087887,44.2593744150531,
Cote d'Ivoire,CIV,2004.0,5.527,1199.82524528546,44.667357886658,
Cote d'Ivoire,CIV,2005.0,5.499,1197.74616979415,45.082298743724,
Cote d'Ivoire,CIV,2006.0,5.448,1230.43056838584,45.5035131674326,
Cote d'Ivoire,CIV,2007.0,5.403,1367.53817722326,45.930317338965,5.282
Cote d'Ivoire,CIV,2008.0,5.357,1583.97066701372,46.3620274395029,5.274
Cote d'Ivoire,CIV,2009.0,5.332,1540.45393569596,46.7979596502274,4.919
Cote d'Ivoire,CIV,2010.0,5.292,1553.54887048143,47.2374301523201,4.378
Cote d'Ivoire,CIV,2011.0,5.244,1596.62826565998,47.6797551269623,2.311
Cote d'Ivoire,CIV,2012.0,5.19,1546.9460184731,48.1242507553354,
Cote d'Ivoire,CIV,2013.0,5.135,1786.15862031324,48.5702332186208,5.493
Cote d'Ivoire,CIV,2014.0,5.071,1991.36539423404,49.0173144557368,5.545
Cote d'Ivoire,CIV,2015.0,4.97,1814.71855088017,49.4694894689553,6.574
Cote d'Ivoire,CIV,2016.0,4.873,1862.59597081287,49.929991034032,7.174
Cote d'Ivoire,CIV,2017.0,4.757,1964.29930338343,50.3977309654344,7.821
Cote d'Ivoire,CIV,2018.0,4.596,2130.86619381144,50.8718477756395,
Cote d'Ivoire,CIV,2019.0,4.523,2141.76836170115,51.3514799771241,9.089
Cote d'Ivoire,CIV,2020.0,4.461,2179.72934832935,51.8357660823651,9.389
Cote d'Ivoire,CIV,2021.0,4.411,2455.98127641148,52.3183461956059,9.938
Cote d'Ivoire,CIV,2022.0,4.349,2333.37128301259,52.8492549676673,10.259
Cote d'Ivoire,CIV,2023.0,4.283,2591.9659048119,53.4075201638704,11.165
Cote d'Ivoire,CIV,2024.0,4.23,2727.8935220697,53.9733113940142,
Croatia,HRV,1990.0,1.63,5369.10978590681,54.0680161889492,
Croatia,HRV,1991.0,1.53,4000.91677428625,54.347540899497,
Croatia,HRV,1992.0,1.48,2321.15204123035,54.5675850528016,
Croatia,HRV,1993.0,1.52,2447.50319141761,54.7798436680054,
Croatia,HRV,1994.0,1.47,3237.92646315285,54.9772628749087,
Croatia,HRV,1995.0,1.58,4929.05772183424,55.1568369839241,
Croatia,HRV,1996.0,1.67,5299.6410536193,55.3155603054641,
Croatia,HRV,1997.0,1.69,5331.02343858808,55.4504271499415,
Croatia,HRV,1998.0,1.45,5712.58985659548,55.5584318277687,
Croatia,HRV,1999.0,1.38,5269.03394637289,55.6365686493584,
Croatia,HRV,2000.0,1.39,4953.65158789022,55.6818319251231,
Croatia,HRV,2001.0,1.46,5364.83824691607,55.6913829056559,39.17
Croatia,HRV,2002.0,1.42,6219.58164143945,55.6745468592554,42.141
Croatia,HRV,2003.0,1.41,8190.11135193887,55.6386960202113,46.185
Croatia,HRV,2004.0,1.43,9718.97322801967,55.5890878734365,48.457
Croatia,HRV,2005.0,1.5,10443.5278353294,55.5307217475444,51.989
Croatia,HRV,2006.0,1.47,11501.2099669894,55.4685969711483,53.673
Croatia,HRV,2007.0,1.48,13755.8321073292,55.4077128728613,55.75
Croatia,HRV,2008.0,1.47,15888.0606949392,55.3530687812969,58.461
Croatia,HRV,2009.0,1.5,14474.6519774194,55.3096640250682,58.419
Croatia,HRV,2010.0,1.46,13729.7654965022,55.2824979327886,65.665
Croatia,HRV,2011.0,1.41,14691.558296292,55.2773793281248,69.602
Croatia,HRV,2012.0,1.52,13507.7805260991,55.3042888624873,71.986
Croatia,HRV,2013.0,1.46,14134.9474982889,55.3659479687433,76.903
Croatia,HRV,2014.0,1.46,14186.7295493276,55.4591834926844,79.208
Croatia,HRV,2015.0,1.41,12283.7840620053,55.5812594509004,78.409
Croatia,HRV,2016.0,1.43,12820.1653893008,55.7294398599808,80.101
Croatia,HRV,2017.0,1.42,13901.7878144679,55.9009887365155,81.8
Croatia,HRV,2018.0,1.47,15460.3669595491,56.093170097094,83.74
Croatia,HRV,2019.0,1.47,15563.5987295029,56.303247958306,86.055
Croatia,HRV,2020.0,1.48,14807.5608543265,56.5284863367411,87.511
Croatia,HRV,2021.0,1.62,17788.7865816658,56.7683502560171,91.677
Croatia,HRV,2022.0,1.53,18465.5414420364,56.9977571733605,95.909
Croatia,HRV,2023.0,1.46,22184.2279304842,57.2431560672198,97.715
Croatia,HRV,2024.0,1.46,24050.4397933135,57.5158981711443,
Cuba,CUB,1990.0,1.806,2694.31697957692,73.7279891967773,24.493
Cuba,CUB,1991.0,1.663,2268.83493247194,74.1448516845703,24.672
Cuba,CUB,1992.0,1.562,2047.67900346421,74.4140930175781,23.562
Cuba,CUB,1993.0,1.489,2063.20366253587,74.4948654174805,21.304
Cuba,CUB,1994.0,1.467,2613.28971869122,74.5084381103516,19.515
Cuba,CUB,1995.0,1.481,2785.24442954103,74.5832290649414,17.086
Cuba,CUB,1996.0,1.457,2282.18809324202,74.784049987793,16.415
Cuba,CUB,1997.0,1.59,2306.42483397336,75.0676345825195,16.433
Cuba,CUB,1998.0,1.617,2332.30656133119,75.3100128173828,16.821
Cuba,CUB,1999.0,1.64,2561.77980406838,75.3816833496094,23.181
Cuba,CUB,2000.0,1.608,2751.3817714814,75.635383605957,25.372
Cuba,CUB,2001.0,1.595,2842.96704310394,75.887565612793,28.056
Cuba,CUB,2002.0,1.645,3005.21104247868,75.8514891112497,30.764
Cuba,CUB,2003.0,1.627,3202.78109865637,75.8636638735113,37.684
Cuba,CUB,2004.0,1.546,3399.21962893402,75.917681659226,67.228
Cuba,CUB,2005.0,1.486,3786.33799225291,76.0033319545493,76.776
Cuba,CUB,2006.0,1.402,4329.98265964383,76.1121531072403,105.896
Cuba,CUB,2007.0,1.436,4807.43888960684,76.2356834650585,137.26
Cuba,CUB,2008.0,1.576,4986.12436479175,76.365461375763,147.848
Cuba,CUB,2009.0,1.678,5089.23519757167,76.4930251871133,143.36
Cuba,CUB,2010.0,1.673,5272.26755824835,76.6099132468685,117.295
Cuba,CUB,2011.0,1.734,6104.46105236166,76.707663902788,98.249
Cuba,CUB,2012.0,1.668,6470.83673392653,76.7776920066844,74.681
Cuba,CUB,2013.0,1.678,6828.36428245396,76.81640625,60.223
Cuba,CUB,2014.0,1.655,7146.70459051328,76.8442459106445,49.953
Cuba,CUB,2015.0,1.685,7727.91997207998,76.8702850341797,42.863
Cuba,CUB,2016.0,1.6,8110.55874283616,76.9115829467773,40.842
Cuba,CUB,2017.0,1.585,8610.60829605429,76.9603271484375,51.756
Cuba,CUB,2018.0,1.607,8911.46205998726,77.0156326293945,52.052
Cuba,CUB,2019.0,1.54,9232.26115935183,77.0728225708008,56.092
Cuba,CUB,2020.0,1.489,9605.27914559614,77.1080322265625,60.704
Cuba,CUB,2021.0,1.427,,77.0987701416016,67.713
Cuba,CUB,2022.0,1.412,,77.1056060791016,
Cuba,CUB,2023.0,1.439,,77.1259872296321,65.249
Cuba,CUB,2024.0,1.445,,77.1664929228275,57.644
Curacao,CUW,1990.0,2.303,,84.2490939031968,
Curacao,CUW,1991.0,2.372,,84.6608397890751,
Curacao,CUW,1992.0,2.433,,85.0998746479707,
Curacao,CUW,1993.0,2.438,,85.6585187944984,
Curacao,CUW,1994.0,2.43,,86.3868003016417,
Curacao,CUW,1995.0,2.419,,87.2231241478651,
Curacao,CUW,1996.0,2.403,,88.1058856503431,
Curacao,CUW,1997.0,2.367,,88.9734801262502,
Curacao,CUW,1998.0,2.315,,89.7643028927608,
Curacao,CUW,1999.0,2.285,,90.4167492670495,
Curacao,CUW,2000.0,2.342,15841.2612359949,90.8692145662905,
Curacao,CUW,2001.0,2.405,16609.8454536485,91.060147058155,
Curacao,CUW,2002.0,2.3,16723.6925253468,91.0970316517813,
Curacao,CUW,2003.0,2.191,16695.7351137757,91.1278267399674,
Curacao,CUW,2004.0,2.099,16671.3403391655,91.1534053060108,
Curacao,CUW,2005.0,2.037,17032.3356620744,91.1746923604573,
Curacao,CUW,2006.0,2.1,17400.1637780186,91.1926129138527,
Curacao,CUW,2007.0,2.0,18005.7165850772,91.2080919767428,
Curacao,CUW,2008.0,2.2,19423.3352430175,91.2220545596735,
Curacao,CUW,2009.0,2.1,19540.2476579348,91.2354256731905,
Curacao,CUW,2010.0,2.2,19847.2310127979,91.2491303278397,
Curacao,CUW,2011.0,2.1,19426.3264002202,91.2639416184104,
Curacao,CUW,2012.0,2.2,19809.8223170482,91.2791300612311,
Curacao,CUW,2013.0,2.1,19721.292182955,91.2938785868797,32.469
Curacao,CUW,2014.0,2.0,19623.0300713664,91.3082030810948,
Curacao,CUW,2015.0,1.9,19361.8129630226,91.3220471649755,
Curacao,CUW,2016.0,1.7,18944.0962772875,91.3353544596205,
Curacao,CUW,2017.0,1.5,18938.2440965187,91.3480685861287,
Curacao,CUW,2018.0,1.7,19119.1244887029,91.3601331655991,
Curacao,CUW,2019.0,1.6,19220.6865793075,91.3714918191305,
Curacao,CUW,2020.0,1.4,16299.8134349902,91.3820881678218,
Curacao,CUW,2021.0,1.4,17795.5826616182,91.391865832772,
Curacao,CUW,2022.0,1.4,20057.1404747175,91.4007684350799,
Curacao,CUW,2023.0,1.3,21217.8110321785,91.4080929292235,
Curacao,CUW,2024.0,1.4,22832.8953958667,91.4321812441765,
Cyprus,CYP,1990.0,2.402,9641.5751953125,67.1368426608878,
Cyprus,CYP,1991.0,2.34,9696.099609375,67.3910893187537,
Cyprus,CYP,1992.0,2.459,11310.072265625,67.6074573603626,
Cyprus,CYP,1993.0,2.247,10526.1416015625,67.802111495789,
Cyprus,CYP,1994.0,2.163,11617.6923828125,67.9900353030289,
Cyprus,CYP,1995.0,2.032,15261.4169921875,68.1691720632769,
Cyprus,CYP,1996.0,1.953,15139.220703125,68.3349402485415,
Cyprus,CYP,1997.0,1.86,14234.2412109375,68.4827583308314,
Cyprus,CYP,1998.0,1.761,15092.828125,68.6080447821551,
Cyprus,CYP,1999.0,1.672,15287.91796875,68.706218074521,
Cyprus,CYP,2000.0,1.638,14388.3525390625,68.7726966799379,22.202
Cyprus,CYP,2001.0,1.566,14821.44921875,68.8024068077544,24.925
Cyprus,CYP,2002.0,1.497,16093.2158203125,68.7863589370716,28.035
Cyprus,CYP,2003.0,1.505,20252.24609375,68.7120973207373,32.342
Cyprus,CYP,2004.0,1.512,23792.619140625,68.5908141437316,35.397
Cyprus,CYP,2005.0,1.479,24959.26171875,68.4340674211981,36.341
Cyprus,CYP,2006.0,1.509,26729.28125,68.2534151682801,35.647
Cyprus,CYP,2007.0,1.449,31244.87890625,68.0604154001212,37.081
Cyprus,CYP,2008.0,1.479,35397.296875,67.8666261318649,41.133
Cyprus,CYP,2009.0,1.475,32236.44921875,67.6836053786548,45.654
Cyprus,CYP,2010.0,1.434,31105.02734375,67.5229111556342,45.63
Cyprus,CYP,2011.0,1.36,32485.798828125,67.3979892758544,47.299
Cyprus,CYP,2012.0,1.382,28991.935546875,67.3010289148738,49.718
Cyprus,CYP,2013.0,1.304,27764.73046875,67.2102333625375,53.692
Cyprus,CYP,2014.0,1.312,26993.103515625,67.1230558819804,62.599
Cyprus,CYP,2015.0,1.323,23088.44140625,67.0402477918073,69.395
Cyprus,CYP,2016.0,1.357,24280.056640625,66.9625604106231,73.412
Cyprus,CYP,2017.0,1.323,26247.44921875,66.8907450570326,82.354
Cyprus,CYP,2018.0,1.319,29120.375,66.8255530496405,84.495
Cyprus,CYP,2019.0,1.33,29227.173828125,66.7677357070518,91.1
Cyprus,CYP,2020.0,1.361,28130.341796875,66.7180443478713,98.123
Cyprus,CYP,2021.0,1.392,32937.83984375,66.6718365394971,108.371
Cyprus,CYP,2022.0,1.393,33231.04296875,66.6694829407584,117.474
Cyprus,CYP,2023.0,1.389,36623.69140625,66.6739477522639,116.082
Cyprus,CYP,2024.0,1.38,38674.29296875,66.6824259192483,
Czechia,CZE,1990.0,1.9,3969.36733543794,75.218790827643,
Czechia,CZE,1991.0,1.86,2917.08655474323,75.1662908993883,
Czechia,CZE,1992.0,1.71,3396.70972430469,75.0901441347259,
Czechia,CZE,1993.0,1.67,3984.1463439879,74.9830160311069,
Czechia,CZE,1994.0,1.44,4663.28665345469,74.8537367272699,
Czechia,CZE,1995.0,1.28,5865.29460556726,74.7092872936794,
Czechia,CZE,1996.0,1.18,6573.19643136362,74.5566488007996,
Czechia,CZE,1997.0,1.17,6069.38762357837,74.4028023190951,
Czechia,CZE,1998.0,1.16,6526.59635780951,74.2547289190302,
Czechia,CZE,1999.0,1.13,6377.6211077224,74.1194096710694,
Czechia,CZE,2000.0,1.15,6062.92152842793,74.0038256456769,30.282
Czechia,CZE,2001.0,1.15,6669.07494847497,73.9131752504002,32.801
Czechia,CZE,2002.0,1.17,8101.26018588111,73.8360067578753,38.59
Czechia,CZE,2003.0,1.18,9852.45677945801,73.7649150201353,40.59
Czechia,CZE,2004.0,1.23,11782.5546676117,73.6991647167017,47.574
Czechia,CZE,2005.0,1.29,13442.4916284309,73.6375545423198,52.747
Czechia,CZE,2006.0,1.34,15259.0788162004,73.578883191735,54.833
Czechia,CZE,2007.0,1.45,18452.6532812196,73.5219493596925,60.628
Czechia,CZE,2008.0,1.51,22774.7045076205,73.4655517409377,65.921
Czechia,CZE,2009.0,1.51,19817.4215836554,73.4084890302159,71.341
Czechia,CZE,2010.0,1.51,20160.4355077059,73.3495599222723,75.717
Czechia,CZE,2011.0,1.43,22049.1080788682,73.2878338394746,78.234
Czechia,CZE,2012.0,1.45,20014.0354015165,73.2249239592898,78.36
Czechia,CZE,2013.0,1.46,20260.4954999375,73.1622186934979,77.866
Czechia,CZE,2014.0,1.53,20038.4163180257,73.0995921041469,78.832
Czechia,CZE,2015.0,1.57,17931.5987670768,73.0370442874355,78.899
Czechia,CZE,2016.0,1.63,18753.9686718096,72.9745753395623,79.165
Czechia,CZE,2017.0,1.69,20913.197632212,72.9121853567256,79.458
Czechia,CZE,2018.0,1.71,23705.9329811299,72.8498744351241,78.067
Czechia,CZE,2019.0,1.71,24062.7190013343,72.7876426709563,78.205
Czechia,CZE,2020.0,1.74,23472.8915454417,72.7254901604208,78.78
Czechia,CZE,2021.0,1.83,27696.4619527544,72.6810594374316,81.555
Czechia,CZE,2022.0,1.64,28282.2236715857,72.6967638379524,83.293
Czechia,CZE,2023.0,1.46,31761.5944102491,72.7352388396817,76.856
Czechia,CZE,2024.0,1.36,31823.3078290564,72.7947984592185,
Denmark,DNK,1990.0,1.67,26885.6994188191,84.8358814278461,
Denmark,DNK,1991.0,1.68,27002.8057705804,84.8537114843465,
Denmark,DNK,1992.0,1.76,29579.4913648682,84.8829479724314,
Denmark,DNK,1993.0,1.75,27581.7241097459,84.9196035564477,
Denmark,DNK,1994.0,1.81,29967.8303903163,84.960190029235,
Denmark,DNK,1995.0,1.8,35321.0980773087,85.0012191836328,
Denmark,DNK,1996.0,1.75,35621.9878051732,85.0392028124808,
Denmark,DNK,1997.0,1.75,32779.879045297,85.0706527086185,
Denmark,DNK,1998.0,1.72,33346.4884298957,85.0920806648854,
Denmark,DNK,1999.0,1.73,33426.2381077405,85.0999984741211,
Denmark,DNK,2000.0,1.77,30722.0251837567,85.0999984741211,67.535
Denmark,DNK,2001.0,1.74,30768.4775471112,85.188307882087,70.143
Denmark,DNK,2002.0,1.72,33257.1622586509,85.3000030517578,74.676
Denmark,DNK,2003.0,1.76,40519.0974905924,85.4199981689453,79.857
Denmark,DNK,2004.0,1.78,46625.050098011,85.7130276911593,87.905
Denmark,DNK,2005.0,1.8,48925.8076698784,86.0059706832865,94.26
Denmark,DNK,2006.0,1.85,52119.1787984282,86.2501288149818,91.76
Denmark,DNK,2007.0,1.84,58631.6566433635,86.4251464366349,91.861
Denmark,DNK,2008.0,1.89,64616.6657583663,86.583137512207,88.731
Denmark,DNK,2009.0,1.84,58412.7472358513,86.7617653139929,87.083
Denmark,DNK,2010.0,1.87,58104.5445594981,86.8652420043945,86.102
Denmark,DNK,2011.0,1.75,61809.737898222,87.1567653955846,89.383
Denmark,DNK,2012.0,1.73,58443.7747103968,87.2336196899414,91.047
Denmark,DNK,2013.0,1.67,61377.5940590412,87.5436524760432,93.418
Denmark,DNK,2014.0,1.69,62520.4509747011,87.6823985731907,95.125
Denmark,DNK,2015.0,1.71,53094.0133607574,87.7254056577329,97.285
Denmark,DNK,2016.0,1.79,54500.9260410217,87.6999969482422,94.956
Denmark,DNK,2017.0,1.75,57521.5514992225,88.0161943799509,94.048
Denmark,DNK,2018.0,1.73,61324.7665045565,88.1059762310689,93.877
Denmark,DNK,2019.0,1.7,59404.2663247723,88.2096490810669,94.874
Denmark,DNK,2020.0,1.68,60985.4885601514,88.2394485473632,96.132
Denmark,DNK,2021.0,1.72,69340.7334922138,88.2616449318149,97.541
Denmark,DNK,2022.0,1.55,67781.0940939514,88.3880239837703,98.932
Denmark,DNK,2023.0,1.5,68043.5466971243,88.552638542867,94.859
Denmark,DNK,2024.0,1.47,71026.4832271897,88.6960552688405,
Djibouti,DJI,1990.0,5.931,780.497719360725,76.0667021310371,
Djibouti,DJI,1991.0,5.856,732.733101553782,76.099997794303,0.0
Djibouti,DJI,1992.0,5.751,763.659214503152,76.0505618940741,0.052
Djibouti,DJI,1993.0,5.638,758.733842733535,75.9104671311523,0.118
Djibouti,DJI,1994.0,5.507,784.556207408331,75.691109845553,0.126
Djibouti,DJI,1995.0,5.331,786.201866748458,75.4038861624412,
Djibouti,DJI,1996.0,5.149,761.943659476655,75.060192206982,0.197
Djibouti,DJI,1997.0,4.966,748.232840194914,74.6714241043403,0.221
Djibouti,DJI,1998.0,4.795,735.349107889529,74.2489779796812,
Djibouti,DJI,1999.0,4.687,740.21930978973,73.8042499581697,0.249
Djibouti,DJI,2000.0,4.601,737.612183644052,73.3486361649708,0.241
Djibouti,DJI,2001.0,4.518,742.133791107063,72.8935327252495,0.546
Djibouti,DJI,2002.0,4.41,743.013270420348,72.4503357641707,0.831
Djibouti,DJI,2003.0,4.296,764.634465224597,72.0304414068997,0.934
Djibouti,DJI,2004.0,4.162,806.261652944964,71.6452457786012,1.287
Djibouti,DJI,2005.0,4.035,844.4483573908,71.3061450044404,1.801
Djibouti,DJI,2006.0,3.899,898.464628136774,71.0245352095823,1.956
Djibouti,DJI,2007.0,3.756,969.573220191902,70.8118125191918,2.198
Djibouti,DJI,2008.0,3.621,1119.15233346969,70.6793730584341,2.33
Djibouti,DJI,2009.0,3.521,1150.9375857489,70.6383251554484,2.971
Djibouti,DJI,2010.0,3.431,1213.23352553429,70.6486554782903,2.942
Djibouti,DJI,2011.0,3.341,1306.34552844977,70.6776532458676,4.142
Djibouti,DJI,2012.0,3.255,1400.19357858954,70.7266311335377,
Djibouti,DJI,2013.0,3.187,2075.94498424748,70.7969331287484,
Djibouti,DJI,2014.0,3.116,2214.62084142432,70.8899032189478,
Djibouti,DJI,2015.0,3.041,2376.12554719873,71.0068853915837,
Djibouti,DJI,2016.0,2.969,2510.4300076241,71.1492236341041,
Djibouti,DJI,2017.0,2.916,2618.95521147369,71.318261933957,
Djibouti,DJI,2018.0,2.858,2718.08338799203,71.5153442785902,
Djibouti,DJI,2019.0,2.798,2837.16902340932,71.7418146554518,
Djibouti,DJI,2020.0,2.745,2844.88810647853,71.9990170519895,
Djibouti,DJI,2021.0,2.699,3025.91126413549,72.2882954556515,
Djibouti,DJI,2022.0,2.653,3133.25779772463,72.6109938538856,
Djibouti,DJI,2023.0,2.609,3381.29779710722,72.8408245988921,
Djibouti,DJI,2024.0,2.618,3552.72335079222,72.9052635052978,
Dominica,DMA,1990.0,3.092,2892.9815966454,64.0690628432256,
Dominica,DMA,1991.0,3.145,3171.36577815405,64.4977994208783,4.784
Dominica,DMA,1992.0,3.177,3376.26050139573,64.6328384371474,10.117
Dominica,DMA,1993.0,3.201,3536.15609185727,64.7417175067339,6.639
Dominica,DMA,1994.0,2.964,3805.20278759984,64.8258587618353,
Dominica,DMA,1995.0,2.708,3951.72267086358,64.8928347425124,
Dominica,DMA,1996.0,2.546,4210.99532034556,64.9502179888262,
Dominica,DMA,1997.0,2.406,4372.19712966838,65.0055810408374,
Dominica,DMA,1998.0,2.315,4664.24268142919,65.0664964386069,
Dominica,DMA,1999.0,2.458,4817.18105502046,65.1405367221955,
Dominica,DMA,2000.0,2.346,4867.39896323759,65.2352744316641,
Dominica,DMA,2001.0,2.399,5527.51527300496,65.3586067945228,
Dominica,DMA,2002.0,2.16,5488.02784969357,65.5209250395792,
Dominica,DMA,2003.0,2.075,5447.44011496284,65.7244163144059,
Dominica,DMA,2004.0,2.023,5778.83306546506,65.9653093849432,
Dominica,DMA,2005.0,1.998,5695.22442394675,66.2400724917823,
Dominica,DMA,2006.0,2.074,6055.78109574854,66.5451738755145,
Dominica,DMA,2007.0,2.022,6459.03503689609,66.877081776731,
Dominica,DMA,2008.0,1.968,6971.32633839289,67.232264436023,
Dominica,DMA,2009.0,1.918,7487.49010395154,67.6071900939817,
Dominica,DMA,2010.0,1.887,7549.61964680375,67.9983269911984,
Dominica,DMA,2011.0,1.861,7705.40717248319,68.3978165602727,
Dominica,DMA,2012.0,1.827,7528.51001990155,68.754609337094,
Dominica,DMA,2013.0,1.778,7822.21797211398,69.119704197722,
Dominica,DMA,2014.0,1.713,8131.74876096735,69.4907847110252,
Dominica,DMA,2015.0,1.648,8282.59874702141,69.8679153463528,
Dominica,DMA,2016.0,1.581,8802.56172041363,70.2511605730541,
Dominica,DMA,2017.0,1.54,8224.64896571414,70.6405848604787,
Dominica,DMA,2018.0,1.517,9215.3085405645,71.0362526779762,
Dominica,DMA,2019.0,1.504,9491.14995962374,71.4382284948964,
Dominica,DMA,2020.0,1.495,7827.74842680426,71.846576780589,
Dominica,DMA,2021.0,1.484,8376.40414141113,72.2613620044042,
Dominica,DMA,2022.0,1.482,9323.66089490562,72.682648635692,
Dominica,DMA,2023.0,1.484,9912.96212766668,73.1105011438027,
Dominica,DMA,2024.0,1.48,10405.2787777582,73.5449839980866,
Dominican Republic,DOM,1990.0,3.411,989.163941207659,54.9618770701908,
Dominican Republic,DOM,1991.0,3.349,1345.84673690623,55.2641317491819,
Dominican Republic,DOM,1992.0,3.287,1558.29782071075,55.6153197882278,
Dominican Republic,DOM,1993.0,3.226,1722.41995993981,56.0297239121388,
Dominican Republic,DOM,1994.0,3.163,1891.67055679,56.5282357577084,
Dominican Republic,DOM,1995.0,3.101,2109.16940728689,57.1317099454393,
Dominican Republic,DOM,1996.0,3.04,2270.86558687203,57.8287488204273,
Dominican Republic,DOM,1997.0,2.922,2448.89393535363,58.6073675691044,
Dominican Republic,DOM,1998.0,2.835,2607.85457321405,59.4555813779028,
Dominican Republic,DOM,1999.0,2.846,2620.8896817272,60.3614054332546,
Dominican Republic,DOM,2000.0,2.869,2831.45883638033,61.3128549215919,
Dominican Republic,DOM,2001.0,2.827,2935.89367312668,62.2979450293469,
Dominican Republic,DOM,2002.0,2.764,3065.60329524196,63.2914022524877,
Dominican Republic,DOM,2003.0,2.703,2383.26171780393,64.426197134766,41.175
Dominican Republic,DOM,2004.0,2.641,2451.69161616569,65.8914085229291,
Dominican Republic,DOM,2005.0,2.574,3878.31206735244,67.5759180469321,
Dominican Republic,DOM,2006.0,2.508,4055.14270347371,69.333853706035,
Dominican Republic,DOM,2007.0,2.51,4649.64558875814,71.0193434994977,
Dominican Republic,DOM,2008.0,2.546,5023.58513403515,72.4865154265802,
Dominican Republic,DOM,2009.0,2.574,4973.95186999952,73.5894974865426,
Dominican Republic,DOM,2010.0,2.556,5478.62470398954,74.1642773174177,
Dominican Republic,DOM,2011.0,2.527,5826.51014109195,74.2440389501301,
Dominican Republic,DOM,2012.0,2.497,6013.81965002603,74.2398679969568,59.829
Dominican Republic,DOM,2013.0,2.474,6136.59429329301,74.2251359951216,
Dominican Republic,DOM,2014.0,2.451,6496.45166971142,74.1931533822153,60.912
Dominican Republic,DOM,2015.0,2.43,6800.95309395474,74.1372305958285,66.989
Dominican Republic,DOM,2016.0,2.41,7160.44200982307,74.0506780735522,69.959
Dominican Republic,DOM,2017.0,2.398,7412.71571571512,73.926806252977,77.012
Dominican Republic,DOM,2018.0,2.397,7882.98221584944,73.7589255716938,
Dominican Republic,DOM,2019.0,2.366,8183.01623600375,73.5403464672933,
Dominican Republic,DOM,2020.0,2.329,7135.22273255899,73.2643793773663,76.273
Dominican Republic,DOM,2021.0,2.294,8527.0754858205,72.9243347395035,74.796
Dominican Republic,DOM,2022.0,2.267,10104.2449349081,72.4203155643711,72.906
Dominican Republic,DOM,2023.0,2.243,10630.431743829,72.3577991823338,77.182
Dominican Republic,DOM,2024.0,2.222,10875.6618443092,72.4121874752151,76.587
Ecuador,ECU,1990.0,3.68,1455.00748510871,55.0896733142119,
Ecuador,ECU,1991.0,3.633,1587.36049996672,55.7280698971372,
Ecuador,ECU,1992.0,3.575,1655.44613192632,56.3627931231524,
Ecuador,ECU,1993.0,3.491,1697.88884141445,56.99457981186,
Ecuador,ECU,1994.0,3.42,1996.85894789444,57.6157113551947,
Ecuador,ECU,1995.0,3.381,2108.00698245316,58.218469145091,
Ecuador,ECU,1996.0,3.351,2135.8479374308,58.7951345734834,
Ecuador,ECU,1997.0,3.288,2340.76600026857,59.3379890323065,
Ecuador,ECU,1998.0,3.228,2284.01572847769,59.8393139134949,
Ecuador,ECU,1999.0,3.166,1575.30234730971,60.2913906089831,
Ecuador,ECU,2000.0,3.102,1382.23421759909,60.6865005107058,
Ecuador,ECU,2001.0,3.037,1791.30359685037,61.0123544006659,
Ecuador,ECU,2002.0,2.972,2059.1585535974,61.2871268050958,
Ecuador,ECU,2003.0,2.911,2315.62215223014,61.5418469886978,
Ecuador,ECU,2004.0,2.853,2586.20914663347,61.7829573274038,
Ecuador,ECU,2005.0,2.8,2909.02606014388,62.0068704145716,
Ecuador,ECU,2006.0,2.753,3243.67010359339,62.2099988435587,
Ecuador,ECU,2007.0,2.704,3478.92488770671,62.3887552077227,
Ecuador,ECU,2008.0,2.688,4194.75750661981,62.5395521004212,40.94
Ecuador,ECU,2009.0,2.678,4053.36331139298,62.6588021150118,
Ecuador,ECU,2010.0,2.615,4520.30959039763,62.7405258611644,
Ecuador,ECU,2011.0,2.605,5153.6916424375,62.7949053547691,
Ecuador,ECU,2012.0,2.509,5634.08393191094,62.8408732819135,44.608
Ecuador,ECU,2013.0,2.362,6109.29031510341,62.8837286624122,
Ecuador,ECU,2014.0,2.274,6405.79979300441,62.9232432195799,
Ecuador,ECU,2015.0,2.209,5976.1596805651,62.959188676731,47.899
Ecuador,ECU,2016.0,2.122,5917.63771271481,62.9913367571804,
Ecuador,ECU,2017.0,2.128,6233.32244797718,63.0194591842425,
Ecuador,ECU,2018.0,2.111,6303.91886658338,63.0433276812321,50.571
Ecuador,ECU,2019.0,2.035,6205.05765246766,63.0627139714638,50.894
Ecuador,ECU,2020.0,1.967,5463.64515348598,63.0773897782521,63.178
Ecuador,ECU,2021.0,1.909,6061.32350181711,63.0871268249117,
Ecuador,ECU,2022.0,1.861,6515.58528418336,63.0901835932266,66.818
Ecuador,ECU,2023.0,1.823,6737.84748379638,63.1307729554263,76.074
Ecuador,ECU,2024.0,1.806,6874.705739766,63.2376932397602,
"Egypt, Arab Rep.",EGY,1990.0,4.512,735.982935028025,43.5688827270165,9.537
"Egypt, Arab Rep.",EGY,1991.0,4.315,622.829605007867,43.3758077989551,8.409
"Egypt, Arab Rep.",EGY,1992.0,4.149,680.79923864551,43.1765905116707,
"Egypt, Arab Rep.",EGY,1993.0,3.993,740.334217356418,42.9872125093605,
"Egypt, Arab Rep.",EGY,1994.0,3.865,807.303537230487,42.823655436222,
"Egypt, Arab Rep.",EGY,1995.0,3.764,916.326617700876,42.7019009364527,
"Egypt, Arab Rep.",EGY,1996.0,3.7,1008.97637629447,42.6396966117235,
"Egypt, Arab Rep.",EGY,1997.0,3.682,1146.20172117634,42.6357980293511,
"Egypt, Arab Rep.",EGY,1998.0,3.681,1212.82259820477,42.6559554142127,
"Egypt, Arab Rep.",EGY,1999.0,3.599,1268.30949160496,42.6900387539957,
"Egypt, Arab Rep.",EGY,2000.0,3.505,1366.09274372613,42.7339398932519,
"Egypt, Arab Rep.",EGY,2001.0,3.46,1295.1374184163,42.7835506765333,24.701
"Egypt, Arab Rep.",EGY,2002.0,3.412,1116.82884626213,42.8347629483917,26.072
"Egypt, Arab Rep.",EGY,2003.0,3.352,1031.27556291284,42.8834685533792,24.239
"Egypt, Arab Rep.",EGY,2004.0,3.283,991.255689145253,42.9255593360476,24.41
"Egypt, Arab Rep.",EGY,2005.0,3.254,1105.53920713903,42.9569271409488,25.973
"Egypt, Arab Rep.",EGY,2006.0,3.223,1298.97900203124,42.9729991680104,26.546
"Egypt, Arab Rep.",EGY,2007.0,3.237,1547.74170735909,42.9729666344509,24.916
"Egypt, Arab Rep.",EGY,2008.0,3.238,1896.21594269779,42.9608989120873,27.689
"Egypt, Arab Rep.",EGY,2009.0,3.259,2161.63964573927,42.9383470624904,27.7
"Egypt, Arab Rep.",EGY,2010.0,3.296,2455.08194645282,42.9057175520154,28.782
"Egypt, Arab Rep.",EGY,2011.0,3.311,2590.64384891965,42.8634168470177,24.421
"Egypt, Arab Rep.",EGY,2012.0,3.4,2996.0677072015,42.8118514138525,24.859
"Egypt, Arab Rep.",EGY,2013.0,3.49,3025.52563552448,42.7514277188751,26.891
"Egypt, Arab Rep.",EGY,2014.0,3.49,3133.39102265541,42.6825522284408,27.672
"Egypt, Arab Rep.",EGY,2015.0,3.5,3306.98159414141,42.6056314089048,32.467
"Egypt, Arab Rep.",EGY,2016.0,3.35,3270.6287768197,42.5210717266225,32.411
"Egypt, Arab Rep.",EGY,2017.0,3.31,2395.10333299491,42.4486008687179,32.54
"Egypt, Arab Rep.",EGY,2018.0,3.02,2484.70315630508,42.4577177449969,37.011
"Egypt, Arab Rep.",EGY,2019.0,2.87,2962.98892023003,42.4812027332648,34.248
"Egypt, Arab Rep.",EGY,2020.0,2.85,3511.11381026379,42.5181534630674,38.474
"Egypt, Arab Rep.",EGY,2021.0,2.75,3827.35415374308,42.5686062621468,35.407
"Egypt, Arab Rep.",EGY,2022.0,2.75,4233.30783744856,42.6325129008032,36.639
"Egypt, Arab Rep.",EGY,2023.0,2.75,3456.78968456253,42.7098115041919,37.957
"Egypt, Arab Rep.",EGY,2024.0,2.735,3338.47371395895,42.8004363938404,37.479
El Salvador,SLV,1990.0,3.964,892.18271519703,48.9832556080127,
El Salvador,SLV,1991.0,3.889,955.826897421092,49.6386716440595,
El Salvador,SLV,1992.0,3.802,1040.78164082019,50.2872835534805,
El Salvador,SLV,1993.0,3.691,1180.26854267621,50.9483930098203,
El Salvador,SLV,1994.0,3.613,1343.9290572544,51.6517549528294,19.202
El Salvador,SLV,1995.0,3.568,1548.3763038362,52.3961349506028,20.69
El Salvador,SLV,1996.0,3.482,1651.31016800895,53.1766916094294,19.738
El Salvador,SLV,1997.0,3.377,1748.92111971129,53.9885835355981,
El Salvador,SLV,1998.0,3.342,1859.73085887742,54.8269693353978,22.131
El Salvador,SLV,1999.0,3.217,1908.0804545224,55.6870076151174,22.044
El Salvador,SLV,2000.0,3.076,1982.87093542615,56.5638569810457,20.866
El Salvador,SLV,2001.0,2.93,2058.04459070452,57.4526760394716,19.93
El Salvador,SLV,2002.0,2.775,2115.41187355626,58.3486233966841,20.664
El Salvador,SLV,2003.0,2.636,2207.83089518069,59.2468576589718,21.357
El Salvador,SLV,2004.0,2.516,2285.68907438892,60.1425374326239,22.624
El Salvador,SLV,2005.0,2.44,2447.39140845394,61.0308213239291,23.544
El Salvador,SLV,2006.0,2.395,2665.61807194853,61.9068679391763,24.35
El Salvador,SLV,2007.0,2.354,2830.65693770733,62.7676878093683,25.999
El Salvador,SLV,2008.0,2.291,2983.24829577976,63.6372503452723,26.938
El Salvador,SLV,2009.0,2.261,2910.18651752011,64.5299047495248,27.473
El Salvador,SLV,2010.0,2.239,3040.07300952878,65.4327927543162,28.06
El Salvador,SLV,2011.0,2.224,3330.60049486653,66.334413642034,29.111
El Salvador,SLV,2012.0,2.187,3497.91256915509,67.2232666950659,29.993
El Salvador,SLV,2013.0,2.154,3582.26694005169,68.0878511957995,30.43
El Salvador,SLV,2014.0,2.126,3666.01248913873,68.9166664266223,29.846
El Salvador,SLV,2015.0,2.067,3790.34089108162,69.6982116699219,29.827
El Salvador,SLV,2016.0,1.965,3901.34014965811,70.3990173339844,29.735
El Salvador,SLV,2017.0,1.896,4020.12671373919,71.0856704711914,30.186
El Salvador,SLV,2018.0,1.849,4183.54620971358,71.7577209472656,30.941
El Salvador,SLV,2019.0,1.838,4320.11671534627,72.4148941040039,31.449
El Salvador,SLV,2020.0,1.819,3997.19279583709,73.0570220947266,34.204
El Salvador,SLV,2021.0,1.803,4642.60743101342,73.6838531494141,34.236
El Salvador,SLV,2022.0,1.785,5074.60210221806,74.1465021298679,36.176
El Salvador,SLV,2023.0,1.775,5365.44491399171,74.6080675149903,37.275
El Salvador,SLV,2024.0,1.768,5579.65969165029,75.0674905102199,37.899
Equatorial Guinea,GNQ,1990.0,5.987,236.402188376265,35.0420578472365,
Equatorial Guinea,GNQ,1991.0,5.985,225.319378519763,36.5100855493731,0.348
Equatorial Guinea,GNQ,1992.0,5.984,263.733547088944,37.6998947248541,
Equatorial Guinea,GNQ,1993.0,5.981,256.683023652574,38.500270629153,
Equatorial Guinea,GNQ,1994.0,5.978,183.239482711964,38.799943915078,
Equatorial Guinea,GNQ,1995.0,5.971,248.314896208855,38.8041524265093,
Equatorial Guinea,GNQ,1996.0,5.96,391.686868235732,38.8068320483764,
Equatorial Guinea,GNQ,1997.0,5.941,717.041481576821,38.808691785582,
Equatorial Guinea,GNQ,1998.0,5.914,577.868525342745,38.810342340543,
Equatorial Guinea,GNQ,1999.0,5.878,930.912549299779,38.8123944156763,
Equatorial Guinea,GNQ,2000.0,5.834,1487.3165506701,38.8154587133988,1.152
Equatorial Guinea,GNQ,2001.0,5.785,1948.61145907844,38.8638365386531,
Equatorial Guinea,GNQ,2002.0,5.731,2264.21065580365,39.1969150391705,
Equatorial Guinea,GNQ,2003.0,5.675,2930.60183743733,39.895902485648,
Equatorial Guinea,GNQ,2004.0,5.618,4901.30127408119,40.9304009672368,
Equatorial Guinea,GNQ,2005.0,5.559,8673.9026086535,42.2814597171299,
Equatorial Guinea,GNQ,2006.0,5.498,10184.8841248541,43.9301279685204,
Equatorial Guinea,GNQ,2007.0,5.433,12616.9532942011,45.8574549546013,
Equatorial Guinea,GNQ,2008.0,5.363,18210.5552970599,48.0444899085658,
Equatorial Guinea,GNQ,2009.0,5.288,13232.5019378102,50.4722820636069,
Equatorial Guinea,GNQ,2010.0,5.209,13720.1658723222,53.1218806529176,
Equatorial Guinea,GNQ,2011.0,5.126,17198.2136668275,55.9743349096911,
Equatorial Guinea,GNQ,2012.0,5.04,17308.5723924575,59.0106940671203,
Equatorial Guinea,GNQ,2013.0,4.952,16304.0713196418,62.2120073583984,
Equatorial Guinea,GNQ,2014.0,4.863,15548.6624656619,65.5593240167184,
Equatorial Guinea,GNQ,2015.0,4.774,9068.91003238645,68.951270615355,
Equatorial Guinea,GNQ,2016.0,4.686,7453.19797948517,69.253269853051,
Equatorial Guinea,GNQ,2017.0,4.599,7809.10465655488,69.5516019132985,
Equatorial Guinea,GNQ,2018.0,4.513,8102.47084834031,69.8396623666175,
Equatorial Guinea,GNQ,2019.0,4.429,6804.14923073888,70.1175419547293,
Equatorial Guinea,GNQ,2020.0,4.346,5764.05502912947,70.3853314193247,
Equatorial Guinea,GNQ,2021.0,4.266,6945.63069794539,70.6431215020592,
Equatorial Guinea,GNQ,2022.0,4.17,7589.29964909381,70.8910029445467,
Equatorial Guinea,GNQ,2023.0,4.081,6677.793435386,71.1290664883517,
Equatorial Guinea,GNQ,2024.0,4.116,6745.40013244916,71.3574028749806,
Eritrea,ERI,1990.0,6.338,,18.5684947967529,
Eritrea,ERI,1991.0,6.242,,19.8300696376343,
Eritrea,ERI,1992.0,6.156,265.240962963337,21.4315344055512,
Eritrea,ERI,1993.0,6.069,252.085777069472,23.2697147008939,
Eritrea,ERI,1994.0,6.005,277.801423620334,25.2414361240526,
Eritrea,ERI,1995.0,5.939,285.402184008331,27.2435242754175,0.464
Eritrea,ERI,1996.0,5.841,325.838705371605,29.1728047553789,0.327
Eritrea,ERI,1997.0,5.743,318.980960831984,30.9261031643271,
Eritrea,ERI,1998.0,5.633,341.91736400208,32.4002451026521,0.394
Eritrea,ERI,1999.0,5.516,311.336209255125,33.4920561707444,0.523
Eritrea,ERI,2000.0,5.397,314.357396753501,34.0983619689941,0.565
Eritrea,ERI,2001.0,5.306,325.409161513593,34.3253211975098,0.712
Eritrea,ERI,2002.0,5.233,304.775756465092,34.5420799255371,0.674
Eritrea,ERI,2003.0,5.143,348.950327077742,34.7451286315918,
Eritrea,ERI,2004.0,5.036,426.840947887032,34.9324645996094,0.512
Eritrea,ERI,2005.0,4.934,412.753079199423,35.1022033691406,
Eritrea,ERI,2006.0,4.881,447.997404727201,35.2525177001953,
Eritrea,ERI,2007.0,4.812,480.44762365456,35.3820953369141,
Eritrea,ERI,2008.0,4.737,490.066956003333,35.4897117614746,
Eritrea,ERI,2009.0,4.656,642.92572288007,35.5742034912109,1.797
Eritrea,ERI,2010.0,4.571,539.699512069686,35.6346549987793,2.382
Eritrea,ERI,2011.0,4.486,688.68165957684,35.6706275939941,
Eritrea,ERI,2012.0,4.407,,35.6824264526367,
Eritrea,ERI,2013.0,4.335,,35.6713333129883,
Eritrea,ERI,2014.0,4.273,,35.639720916748,2.72
Eritrea,ERI,2015.0,4.217,,35.591007232666,2.759
Eritrea,ERI,2016.0,4.164,,35.5254287719727,2.644
Eritrea,ERI,2017.0,4.112,,35.4427146911621,
Eritrea,ERI,2018.0,4.056,,35.3451042175293,
Eritrea,ERI,2019.0,3.997,,35.2352333068848,
Eritrea,ERI,2020.0,3.933,,35.116138458252,
Eritrea,ERI,2021.0,3.867,,34.9871139526367,
Eritrea,ERI,2022.0,3.786,,34.8469276428223,
Eritrea,ERI,2023.0,3.713,,34.696403503418,
Eritrea,ERI,2024.0,3.68,,34.5365524291992,
Estonia,EST,1990.0,2.05,,71.2695807435219,
Estonia,EST,1991.0,1.8,,70.9558713666771,
Estonia,EST,1992.0,1.71,,70.5333354332329,
Estonia,EST,1993.0,1.49,2685.90889287357,70.0366053397264,
Estonia,EST,1994.0,1.42,2819.12612100926,69.500313482695,
Estonia,EST,1995.0,1.38,3134.38975345407,68.959092258676,
Estonia,EST,1996.0,1.37,3380.92630243199,68.4475740642067,
Estonia,EST,1997.0,1.32,3682.95230146695,68.0003912958243,
Estonia,EST,1998.0,1.28,4093.39247738765,67.6521763500664,
Estonia,EST,1999.0,1.3,4140.93660232167,67.43756162347,
Estonia,EST,2000.0,1.36,4070.60902410208,67.385529072627,65.454
Estonia,EST,2001.0,1.32,4502.66614992392,67.3926456349791,72.832
Estonia,EST,2002.0,1.36,5343.18310760735,67.4090870965661,78.099
Estonia,EST,2003.0,1.37,7205.40703313243,67.4341760348669,81.365
Estonia,EST,2004.0,1.47,8916.0728274602,67.467351453949,83.453
Estonia,EST,2005.0,1.52,10414.6381183565,67.5080523578799,85.861
Estonia,EST,2006.0,1.58,12641.4800976473,67.5557177507269,86.958
Estonia,EST,2007.0,1.69,16745.4308011148,67.6097866365576,86.464
Estonia,EST,2008.0,1.72,18205.9064113446,67.6696980194394,86.077
Estonia,EST,2009.0,1.7,14712.4494217916,67.7348909034398,86.68
Estonia,EST,2010.0,1.72,14663.7041018705,67.8048042926262,86.597
Estonia,EST,2011.0,1.61,17555.5455239426,67.8775556334506,87.673
Estonia,EST,2012.0,1.56,17568.2137969714,67.9629593320316,89.152
Estonia,EST,2013.0,1.52,19310.3874900757,68.0923458296768,91.311
Estonia,EST,2014.0,1.54,20581.7898991695,68.2668382808032,92.334
Estonia,EST,2015.0,1.58,17722.1557669523,68.4796609690553,89.857
Estonia,EST,2016.0,1.6,18666.3736521706,68.724038178078,87.763
Estonia,EST,2017.0,1.59,20851.5223496861,68.9931941915158,86.86
Estonia,EST,2018.0,1.67,23618.1361254581,69.2803532930133,86.455
Estonia,EST,2019.0,1.66,24021.2501413306,69.5787397662154,87.284
Estonia,EST,2020.0,1.58,23933.9939421065,69.8815778947665,87.176
Estonia,EST,2021.0,1.61,27951.1659277744,70.1777274135822,88.895
Estonia,EST,2022.0,1.41,28340.3826549406,70.4892333736738,86.791
Estonia,EST,2023.0,1.31,30264.0064885057,70.6770085523126,81.378
Estonia,EST,2024.0,1.18,31428.3547816104,70.6981161541961,
Eswatini,SWZ,1990.0,5.295,1277.69173005665,22.9347990696928,3.277
Eswatini,SWZ,1991.0,5.132,1273.01224518903,22.9691824211569,3.445
Eswatini,SWZ,1992.0,4.981,1361.8169795148,22.9983764952968,2.793
Eswatini,SWZ,1993.0,4.815,1397.26593317978,23.0223015331371,3.912
Eswatini,SWZ,1994.0,4.662,1461.36400128736,23.0408777757025,
Eswatini,SWZ,1995.0,4.523,1750.75400773784,23.0540254640177,
Eswatini,SWZ,1996.0,4.378,1619.19119707662,23.0616648391073,6.152
Eswatini,SWZ,1997.0,4.235,1705.39874942229,23.0630430265279,
Eswatini,SWZ,1998.0,4.125,1546.51519325373,23.0294921563872,
Eswatini,SWZ,1999.0,4.089,1501.66426653189,22.9514828473263,4.3
Eswatini,SWZ,2000.0,4.03,1629.67038842815,22.8409330761997,4.062
Eswatini,SWZ,2001.0,3.944,1429.85630359447,22.7095619136459,
Eswatini,SWZ,2002.0,3.854,1315.73634647994,22.5690884303038,4.654
Eswatini,SWZ,2003.0,3.796,2015.21743065251,22.4312316968119,
Eswatini,SWZ,2004.0,3.76,2525.5640452625,22.3077107838089,5.355
Eswatini,SWZ,2005.0,3.704,2871.06877437449,22.2102447619336,4.662
Eswatini,SWZ,2006.0,3.632,2964.95865200682,22.1505527018245,4.264
Eswatini,SWZ,2007.0,3.58,3109.11097608864,22.139989967508,
Eswatini,SWZ,2008.0,3.567,2946.8606613746,22.1692008829856,
Eswatini,SWZ,2009.0,3.504,3189.79679956637,22.2343865624794,
Eswatini,SWZ,2010.0,3.375,3922.74039390733,22.3330792067471,
Eswatini,SWZ,2011.0,3.317,4225.06049411911,22.4634753665393,6.87
Eswatini,SWZ,2012.0,3.266,4224.54789174487,22.6237715926065,
Eswatini,SWZ,2013.0,3.237,3949.94310039907,22.8121644356992,6.396
Eswatini,SWZ,2014.0,3.181,3771.07228381938,23.026850446568,
Eswatini,SWZ,2015.0,3.122,3419.82276559528,23.2660261759632,
Eswatini,SWZ,2016.0,3.068,3238.17611961364,23.5278881746356,
Eswatini,SWZ,2017.0,3.018,3853.09956569679,23.8052004963161,
Eswatini,SWZ,2018.0,2.971,3972.65450620357,24.0579295404227,
Eswatini,SWZ,2019.0,2.925,3913.14577547336,24.3459549517751,
Eswatini,SWZ,2020.0,2.888,3466.56936278145,24.6652798922192,
Eswatini,SWZ,2021.0,2.841,3984.00229174306,25.0156180525173,
Eswatini,SWZ,2022.0,2.801,3894.1620089869,25.396682918542,
Eswatini,SWZ,2023.0,2.753,3755.52111232464,25.8081878500755,
Eswatini,SWZ,2024.0,2.718,3909.55892378182,26.2498461258639,
Ethiopia,ETH,1990.0,7.196,262.108971053707,12.7641346261628,0.28
Ethiopia,ETH,1991.0,7.161,277.565910365091,13.0289528923177,0.272
Ethiopia,ETH,1992.0,7.125,207.406400863847,13.2797353575599,
Ethiopia,ETH,1993.0,7.088,168.520401400989,13.5107604305191,
Ethiopia,ETH,1994.0,7.051,127.685923459033,13.7172676452417,0.256
Ethiopia,ETH,1995.0,6.998,136.523619088963,13.8825578689575,0.261
Ethiopia,ETH,1996.0,6.928,147.327458851964,14.102746963501,0.259
Ethiopia,ETH,1997.0,6.869,143.369531498844,14.3073453903198,0.322
Ethiopia,ETH,1998.0,6.792,126.465095781244,14.5135431289673,0.32
Ethiopia,ETH,1999.0,6.721,120.734631499865,14.713321685791,0.35
Ethiopia,ETH,2000.0,6.654,122.269202606069,14.9193096160889,0.513
Ethiopia,ETH,2001.0,6.579,118.457204255261,15.1177673339844,0.639
Ethiopia,ETH,2002.0,6.499,109.593813612988,15.333233833313,0.902
Ethiopia,ETH,2003.0,6.4,116.800491132777,15.5438537597656,1.228
Ethiopia,ETH,2004.0,6.301,133.169812538096,15.7585906982422,1.396
Ethiopia,ETH,2005.0,6.194,158.243458082465,15.982967376709,1.457
Ethiopia,ETH,2006.0,6.047,189.345737521418,16.2148475646973,
Ethiopia,ETH,2007.0,5.887,237.146255996319,16.0948330261902,
Ethiopia,ETH,2008.0,5.695,316.410475118075,16.7936706542969,1.707
Ethiopia,ETH,2009.0,5.488,368.574712267445,17.1511001586914,3.168
Ethiopia,ETH,2010.0,5.282,330.619412798644,17.4937839508057,4.242
Ethiopia,ETH,2011.0,5.08,343.024942351887,17.863790512085,4.468
Ethiopia,ETH,2012.0,4.887,452.101031885754,18.2061367034912,4.873
Ethiopia,ETH,2013.0,4.708,484.039833104062,18.615514755249,
Ethiopia,ETH,2014.0,4.605,549.986577082588,19.0262870788574,3.557
Ethiopia,ETH,2015.0,4.529,597.912113218663,19.451566696167,
Ethiopia,ETH,2016.0,4.473,641.651523286233,19.8763618469238,
Ethiopia,ETH,2017.0,4.401,696.348429076216,20.3084850311279,
Ethiopia,ETH,2018.0,4.371,739.702022272086,20.7838096618652,
Ethiopia,ETH,2019.0,4.347,793.473247210264,21.2486705780029,
Ethiopia,ETH,2020.0,4.274,829.790982547947,21.6260051727295,
Ethiopia,ETH,2021.0,4.177,893.00983544905,22.1067085266113,
Ethiopia,ETH,2022.0,4.082,982.103161506992,22.7367687225342,
Ethiopia,ETH,2023.0,3.989,1055.81091592527,23.0586471557617,
Ethiopia,ETH,2024.0,3.909,1133.88279681719,23.6222839355469,
Faroe Islands,FRO,1990.0,2.8093,20125.7940710069,33.4792633056641,
Faroe Islands,FRO,1991.0,2.6341,19163.5554371421,33.7204170227051,
Faroe Islands,FRO,1992.0,2.5236,19300.6621973456,34.0233879089355,
Faroe Islands,FRO,1993.0,2.5136,16373.8260050275,34.2075805664062,
Faroe Islands,FRO,1994.0,2.39,16975.9297150055,33.9336471557617,
Faroe Islands,FRO,1995.0,2.4177,20669.2052425004,34.3788681030273,
Faroe Islands,FRO,1996.0,2.5692,22705.6954787426,34.8897514343262,
Faroe Islands,FRO,1997.0,2.4921,21158.4130199317,35.1851005554199,
Faroe Islands,FRO,1998.0,2.3163,24729.019906458,35.463436126709,
Faroe Islands,FRO,1999.0,2.3082,24978.6210817538,35.6715698242188,
Faroe Islands,FRO,2000.0,2.5604,23322.7593357515,35.6986770629883,
Faroe Islands,FRO,2001.0,2.297,24879.7729617864,35.9342155456543,
Faroe Islands,FRO,2002.0,2.5436,26937.6505602847,35.9365425109863,
Faroe Islands,FRO,2003.0,2.5267,31269.6031997217,36.1276473999023,
Faroe Islands,FRO,2004.0,2.5775,35647.5440400531,36.317985534668,
Faroe Islands,FRO,2005.0,2.6115,36389.081644098,36.3320579528809,
Faroe Islands,FRO,2006.0,2.4764,41743.6812847661,36.4584197998047,
Faroe Islands,FRO,2007.0,2.5395,48348.7393711011,36.2929878234863,
Faroe Islands,FRO,2008.0,2.5294,51287.8911081663,36.4679222106934,
Faroe Islands,FRO,2009.0,2.3435,47059.1947296738,36.8888092041016,
Faroe Islands,FRO,2010.0,2.5033,47923.1515374991,37.2536926269531,
Faroe Islands,FRO,2011.0,2.2832,51618.9907766392,37.2975959777832,
Faroe Islands,FRO,2012.0,2.5311,50261.9616267693,37.3244972229004,
Faroe Islands,FRO,2013.0,2.5099,55758.2083680611,37.7414817810059,
Faroe Islands,FRO,2014.0,2.5485,60172.0632541664,37.9093894958496,
Faroe Islands,FRO,2015.0,2.411,52637.1903526574,38.1431503295898,
Faroe Islands,FRO,2016.0,2.6078,56875.2803813296,38.3200225830078,
Faroe Islands,FRO,2017.0,2.4684,59387.353086482,38.3324699401855,
Faroe Islands,FRO,2018.0,2.5015,62526.4908515743,38.4058837890625,
Faroe Islands,FRO,2019.0,2.4187,63068.2872688483,38.3945655822754,
Faroe Islands,FRO,2020.0,2.3301,62243.1905561324,38.6689987182617,
Faroe Islands,FRO,2021.0,2.3109,69415.1853254579,38.8083763122559,
Faroe Islands,FRO,2022.0,2.0788,67058.2022648126,38.9959824546757,
Faroe Islands,FRO,2023.0,1.8676,72465.3769660215,39.1975270123645,
Faroe Islands,FRO,2024.0,1.9129,74119.6607553879,39.4132325882965,
Fiji,FJI,1990.0,3.386,1728.94076871199,41.1471304301944,
Fiji,FJI,1991.0,3.365,1774.99211138118,42.0722844651373,
Fiji,FJI,1992.0,3.331,1951.25592930351,43.0309863643019,
Fiji,FJI,1993.0,3.293,2070.04734110195,43.9781449323873,
Fiji,FJI,1994.0,3.258,2297.18005884304,44.8686689740928,
Fiji,FJI,1995.0,3.251,2466.74347815903,45.6574672941176,
Fiji,FJI,1996.0,3.248,2648.32766264,46.295551139339,
Fiji,FJI,1997.0,3.188,2573.72338605678,46.8061521189816,
Fiji,FJI,1998.0,3.118,2010.49636073149,47.2625624522263,
Fiji,FJI,1999.0,3.051,2327.95720514091,47.6792097632103,
Fiji,FJI,2000.0,2.992,1995.72071163264,48.0649880871211,
Fiji,FJI,2001.0,2.973,1944.997414609,48.4287914591462,
Fiji,FJI,2002.0,2.968,2136.56794118683,48.7795139144731,
Fiji,FJI,2003.0,2.957,2655.58079586044,49.1260494882891,15.993
Fiji,FJI,2004.0,2.941,3097.19096651759,49.4772922157817,15.753
Fiji,FJI,2005.0,2.917,3377.69126953493,49.8421361321385,15.605
Fiji,FJI,2006.0,2.905,3455.10599907349,50.2294752725468,
Fiji,FJI,2007.0,2.872,3762.74692789299,50.6494569776975,
Fiji,FJI,2008.0,2.819,3899.92231512129,51.0979752573339,
Fiji,FJI,2009.0,2.76,3164.13275408169,51.5628013169579,
Fiji,FJI,2010.0,2.696,3449.14452883369,52.0415147785104,
Fiji,FJI,2011.0,2.631,4139.60288609702,52.5335449475105,
Fiji,FJI,2012.0,2.612,4341.40338748749,53.0383211294771,
Fiji,FJI,2013.0,2.604,4572.44377544245,53.5552726299291,
Fiji,FJI,2014.0,2.591,5293.35676680464,54.0838287543856,72.659
Fiji,FJI,2015.0,2.567,5097.53106864695,54.6234188083653,73.038
Fiji,FJI,2016.0,2.518,5363.79026679243,55.1734720973874,79.728
Fiji,FJI,2017.0,2.461,5826.84814459328,55.7408343449609,84.848
Fiji,FJI,2018.0,2.419,6085.41979485376,56.2328347385698,85.088
Fiji,FJI,2019.0,2.385,5842.07344577597,56.70989552257,85.824
Fiji,FJI,2020.0,2.357,4620.6457238014,57.186684691874,94.031
Fiji,FJI,2021.0,2.332,4536.73312110335,57.6618364761928,86.813
Fiji,FJI,2022.0,2.305,5414.12092119088,58.1352701465266,80.542
Fiji,FJI,2023.0,2.281,5926.20586394763,58.6069049738768,70.939
Fiji,FJI,2024.0,2.27,6425.74151715712,59.0766602292457,84.337
Finland,FIN,1990.0,1.78,28366.204276071,63.8772201538086,
Finland,FIN,1991.0,1.79,25488.8450525604,63.9701843261719,
Finland,FIN,1992.0,1.85,22320.1124695857,64.0954742431641,
Finland,FIN,1993.0,1.81,17588.6781715509,64.2520294189453,
Finland,FIN,1994.0,1.85,20278.29109854,64.4893951416016,
Finland,FIN,1995.0,1.81,26246.2743214462,64.8059387207031,
Finland,FIN,1996.0,1.78,25756.6777073618,65.2098222301322,
Finland,FIN,1997.0,1.75,24682.29083271,65.6793976054672,
Finland,FIN,1998.0,1.7,25999.9861694953,66.1787142075127,
Finland,FIN,1999.0,1.73,26180.4128562349,66.6718213970733,
Finland,FIN,2000.0,1.73,24335.9225082659,67.1227685349539,90.649
Finland,FIN,2001.0,1.73,24965.202996776,67.4982392821958,94.554
Finland,FIN,2002.0,1.72,26989.389260959,67.7951641569199,96.085
Finland,FIN,2003.0,1.76,32920.0857192568,68.0425549126858,96.612
Finland,FIN,2004.0,1.8,37768.1334202029,68.2766596767133,98.51
Finland,FIN,2005.0,1.8,39049.8703780223,68.5140529517604,100.717
Finland,FIN,2006.0,1.84,41214.0187765069,68.7588279849327,103.105
Finland,FIN,2007.0,1.83,48473.0240091455,69.0200377316963,105.09
Finland,FIN,2008.0,1.85,53769.4726240385,69.2943672196361,106.329
Finland,FIN,2009.0,1.86,47478.3495310999,69.546259966947,101.732
Finland,FIN,2010.0,1.87,46506.2919016566,69.7855798796947,102.747
Finland,FIN,2011.0,1.83,51060.3242589767,70.0583261874252,103.084
Finland,FIN,2012.0,1.8,47551.6740841369,70.3661363168712,100.574
Finland,FIN,2013.0,1.75,49691.0145200739,70.6742118159277,100.172
Finland,FIN,2014.0,1.71,50073.7760815871,70.9879168940753,98.678
Finland,FIN,2015.0,1.65,42560.3456767103,71.3054930040604,98.187
Finland,FIN,2016.0,1.57,43451.2562442158,71.6158383428171,97.442
Finland,FIN,2017.0,1.49,46085.0174739036,71.9563038312956,98.743
Finland,FIN,2018.0,1.41,49654.2497035329,72.3423467740343,100.646
Finland,FIN,2019.0,1.35,48358.1807773701,72.7431214358314,103.754
Finland,FIN,2020.0,1.37,48828.6846862799,73.0849439791673,107.34
Finland,FIN,2021.0,1.46,53099.1351400148,73.3710215780329,112.643
Finland,FIN,2022.0,1.32,50440.560224974,73.6967597835949,118.473
Finland,FIN,2023.0,1.26,52834.2916752703,74.0062548602828,123.141
Finland,FIN,2024.0,1.25,53149.7671934051,74.2637190463636,
France,FRA,1990.0,1.77,21586.4674617483,74.0675966432025,
France,FRA,1991.0,1.75,21500.7778366233,74.2197862924166,
France,FRA,1992.0,1.74,23615.0168565483,74.4051122960444,
France,FRA,1993.0,1.73,22238.8250618434,74.6168782336776,
France,FRA,1994.0,1.73,23359.8985104774,74.8499283532348,
France,FRA,1995.0,1.74,26791.8151982369,75.0991069026347,
France,FRA,1996.0,1.75,26757.6351494145,75.3592581297959,
France,FRA,1997.0,1.77,24169.4008102822,75.6252262826369,
France,FRA,1998.0,1.78,24869.4030795939,75.8918556090764,
France,FRA,1999.0,1.81,24576.3152254528,76.1682703613968,
France,FRA,2000.0,1.89,22340.5939516217,76.5143983146093,55.567
France,FRA,2001.0,1.9,22331.7948343036,76.9074413607811,55.161
France,FRA,2002.0,1.88,24144.5727019529,77.2543866607525,55.5
France,FRA,2003.0,1.89,29479.5222101175,77.4691216035138,57.947
France,FRA,2004.0,1.92,33644.9282220364,77.4900500011961,59.241
France,FRA,2005.0,1.94,34696.3718316971,77.4363315105438,59.997
France,FRA,2006.0,2.0,36431.5658906555,77.3467240068648,60.264
France,FRA,2007.0,1.98,41486.1907828787,77.2457976606157,59.312
France,FRA,2008.0,2.01,45464.8181385158,77.1561901569367,58.714
France,FRA,2009.0,2.0,41728.0884164132,77.1005391809676,59.162
France,FRA,2010.0,2.03,40694.8211697025,77.0962844808803,61.246
France,FRA,2011.0,2.01,43929.7840873812,77.1182717387509,61.977
France,FRA,2012.0,2.01,40863.5814412333,77.1669464919916,64.597
France,FRA,2013.0,1.99,42669.1795111893,77.2440721470918,66.508
France,FRA,2014.0,2.0,43148.0459288416,77.3524296788613,68.306
France,FRA,2015.0,1.96,36702.4323733379,77.7610919150066,69.72
France,FRA,2016.0,1.92,37024.2157133669,78.5999114705779,71.732
France,FRA,2017.0,1.89,38687.1626407164,78.6467804026368,73.04
France,FRA,2018.0,1.87,41418.1766484844,78.6714432536599,75.181
France,FRA,2019.0,1.86,40408.2848574751,78.6890784549356,75.642
France,FRA,2020.0,1.82,39169.8606000707,78.7119131765249,77.648
France,FRA,2021.0,1.83,43725.0999521245,78.7364603392338,79.152
France,FRA,2022.0,1.78,40988.6396406579,78.7591921123356,81.477
France,FRA,2023.0,1.66,44700.1384177544,78.7804323126547,80.534
France,FRA,2024.0,1.61,46103.0840855884,78.7999750964116,
French Polynesia,PYF,1990.0,3.434,16293.1823294474,57.9148122108867,
French Polynesia,PYF,1991.0,3.259,16414.8132696888,57.6407935962462,
French Polynesia,PYF,1992.0,3.15,17554.3737937032,57.3455797495631,1.481
French Polynesia,PYF,1993.0,3.084,16469.7751983669,57.0501302730509,
French Polynesia,PYF,1994.0,2.942,16806.0592491122,56.7754047689228,
French Polynesia,PYF,1995.0,2.781,18850.3149185956,56.5423628393921,
French Polynesia,PYF,1996.0,2.716,18475.7253329475,56.3745197204973,
French Polynesia,PYF,1997.0,2.59,16423.0214308681,56.2537812085595,
French Polynesia,PYF,1998.0,2.49,16759.7141702526,56.1410902357594,
French Polynesia,PYF,1999.0,2.581,16532.9022343754,56.0390680212033,
French Polynesia,PYF,2000.0,2.596,14978.324104668,55.954253994428,
French Polynesia,PYF,2001.0,2.523,14640.9360062298,55.8931875849702,
French Polynesia,PYF,2002.0,2.425,16004.0583292112,55.8631794440685,
French Polynesia,PYF,2003.0,2.26,19582.8936395312,55.9283550220738,
French Polynesia,PYF,2004.0,2.198,21764.2203208782,56.2729949941787,
French Polynesia,PYF,2005.0,2.181,21984.1936230719,56.8472850820701,
French Polynesia,PYF,2006.0,2.217,22330.8676659055,57.5825834325129,
French Polynesia,PYF,2007.0,2.122,24888.1781337361,58.4102481922721,
French Polynesia,PYF,2008.0,2.195,26592.0262835732,59.2616375081129,
French Polynesia,PYF,2009.0,2.148,24434.2197555208,60.0681095268001,
French Polynesia,PYF,2010.0,2.165,22494.806706186,60.7610223950988,
French Polynesia,PYF,2011.0,2.061,22831.5185348524,61.2717342597741,
French Polynesia,PYF,2012.0,2.026,20846.5457478364,61.5286539604592,
French Polynesia,PYF,2013.0,1.937,21955.6329264095,61.6130486661995,
French Polynesia,PYF,2014.0,1.957,22258.6321384251,61.6824807401268,
French Polynesia,PYF,2015.0,1.872,19166.9594761931,61.7374742154907,
French Polynesia,PYF,2016.0,1.763,19690.0775734589,61.7744381369651,
French Polynesia,PYF,2017.0,1.669,20826.9312492172,61.7896941062846,
French Polynesia,PYF,2018.0,1.645,21925.616043938,61.7888025236875,
French Polynesia,PYF,2019.0,1.567,21582.5892046801,61.7824142427508,
French Polynesia,PYF,2020.0,1.57,19966.4838503859,61.7673100921,
French Polynesia,PYF,2021.0,1.532,21426.3854449835,61.7399813226008,
French Polynesia,PYF,2022.0,1.515,20053.9569369322,61.6913806937112,
French Polynesia,PYF,2023.0,1.501,21832.2831795569,61.6967135028569,
French Polynesia,PYF,2024.0,1.491,22439.8838746025,61.7191984724331,
Gabon,GAB,1990.0,5.459,6050.71468999523,69.2781718586779,3.043
Gabon,GAB,1991.0,5.373,5345.0965303052,70.6696353906172,
Gabon,GAB,1992.0,5.289,5385.68811745078,71.9462586445569,
Gabon,GAB,1993.0,5.186,4105.98701339331,73.045618801257,
Gabon,GAB,1994.0,5.044,3828.21118114454,74.024363723863,
Gabon,GAB,1995.0,4.884,4414.8755828572,74.9893550877512,
Gabon,GAB,1996.0,4.742,4942.67870027615,75.9421043380347,
Gabon,GAB,1997.0,4.657,4508.75340541142,76.8793794878098,
Gabon,GAB,1998.0,4.576,3699.99513906504,77.7979485501723,
Gabon,GAB,1999.0,4.502,3751.35318950625,78.6945795382183,4.761
Gabon,GAB,2000.0,4.469,3982.906200928,79.5660404650438,
Gabon,GAB,2001.0,4.417,3835.75718279727,80.4090993437448,5.999
Gabon,GAB,2002.0,4.36,3966.48001864663,81.2205241874174,
Gabon,GAB,2003.0,4.299,4710.74862768151,81.9970830091574,5.598
Gabon,GAB,2004.0,4.252,5465.79193590708,82.7355438220611,
Gabon,GAB,2005.0,4.21,6547.87613955186,83.4326746392243,
Gabon,GAB,2006.0,4.17,6847.00985685394,84.0852434737431,
Gabon,GAB,2007.0,4.142,8003.54289696049,84.6900183387136,
Gabon,GAB,2008.0,4.118,9688.64519690633,85.2437672472316,
Gabon,GAB,2009.0,4.138,7290.57526093114,85.7432582123932,
Gabon,GAB,2010.0,4.153,8356.74662013345,86.1852592472945,
Gabon,GAB,2011.0,4.151,10219.1139339454,86.5665383650315,
Gabon,GAB,2012.0,4.086,9296.96587941088,86.8838635787001,
Gabon,GAB,2013.0,4.019,9197.70106323947,87.1482480671637,
Gabon,GAB,2014.0,3.953,9201.36276648105,87.6236017962969,
Gabon,GAB,2015.0,3.921,7047.12654634355,88.085308383892,
Gabon,GAB,2016.0,3.921,6677.07003901644,88.5445883406178,
Gabon,GAB,2017.0,3.913,6921.73373135624,89.0009733256896,
Gabon,GAB,2018.0,3.908,7624.2775233771,89.4539949981866,
Gabon,GAB,2019.0,3.884,7441.1786472281,89.9031850170394,
Gabon,GAB,2020.0,3.831,6605.80346077565,90.3480750410147,
Gabon,GAB,2021.0,3.776,8181.40914134656,90.7881967286967,
Gabon,GAB,2022.0,3.712,8409.2074145028,91.2243355459988,
Gabon,GAB,2023.0,3.647,7802.82433276138,91.6375962797313,
Gabon,GAB,2024.0,3.592,8230.04311451151,91.8632094677575,
"Gambia, The",GMB,1990.0,6.246,300.639895740381,35.1767478543638,
"Gambia, The",GMB,1991.0,6.191,627.578919318827,35.7874816626157,
"Gambia, The",GMB,1992.0,6.111,623.485927783598,36.4874748416791,
"Gambia, The",GMB,1993.0,6.034,635.3611677282,37.3130852637624,
"Gambia, The",GMB,1994.0,6.035,608.2774907808,38.3363887885843,
"Gambia, The",GMB,1995.0,5.994,621.681391269646,39.5666608739251,1.021
"Gambia, The",GMB,1996.0,5.925,651.784945724837,40.9481646518734,
"Gambia, The",GMB,1997.0,5.851,600.224023405754,42.4301869523111,
"Gambia, The",GMB,1998.0,5.818,610.234711461724,43.96201460512,
"Gambia, The",GMB,1999.0,5.772,575.459893151216,45.4929344401818,0.455
"Gambia, The",GMB,2000.0,5.716,538.054072348854,46.9722332873784,
"Gambia, The",GMB,2001.0,5.67,459.803068381399,48.3491979765917,
"Gambia, The",GMB,2002.0,5.656,376.531026962584,49.5731153377033,
"Gambia, The",GMB,2003.0,5.656,308.719123437587,50.6010077995371,
"Gambia, The",GMB,2004.0,5.683,593.285346326581,51.5062022597801,0.412
"Gambia, The",GMB,2005.0,5.708,616.483657865348,52.3582132660613,
"Gambia, The",GMB,2006.0,5.736,614.544307904464,53.1603285370566,
"Gambia, The",GMB,2007.0,5.685,724.726407242432,53.9196109423854,
"Gambia, The",GMB,2008.0,5.625,859.127671411226,54.6431233516671,
"Gambia, The",GMB,2009.0,5.574,774.888030908091,55.3379286345209,
"Gambia, The",GMB,2010.0,5.558,801.033372714536,56.0110896605662,1.489
"Gambia, The",GMB,2011.0,5.542,710.608411468152,56.6696692994225,2.148
"Gambia, The",GMB,2012.0,5.519,692.579361628102,57.3207304207091,0.71
"Gambia, The",GMB,2013.0,5.392,653.862713272743,57.970305611505,
"Gambia, The",GMB,2014.0,5.197,568.00453558864,58.6141799655551,
"Gambia, The",GMB,2015.0,5.003,619.536364296461,59.2458499408388,
"Gambia, The",GMB,2016.0,4.809,650.056501323611,59.8652472486563,
"Gambia, The",GMB,2017.0,4.614,642.522641296331,60.471712657237,
"Gambia, The",GMB,2018.0,4.42,696.219806960615,61.0645869348107,
"Gambia, The",GMB,2019.0,4.33,738.186751987483,61.643210849607,
"Gambia, The",GMB,2020.0,4.248,720.335143352133,62.2069251698555,
"Gambia, The",GMB,2021.0,4.165,781.890925169531,62.7550706637859,
"Gambia, The",GMB,2022.0,4.078,836.244875868476,63.2869880996278,
"Gambia, The",GMB,2023.0,4.006,883.024111719809,63.8020182456108,
"Gambia, The",GMB,2024.0,3.907,871.340291776294,64.2994103409645,23.141
Georgia,GEO,1990.0,2.306,1610.98027146868,55.13720103806,
Georgia,GEO,1991.0,2.208,1307.82342713006,54.9029370973093,34.033
Georgia,GEO,1992.0,2.045,757.223548505358,54.6303689947684,
Georgia,GEO,1993.0,1.912,550.015542609224,54.331352777181,
Georgia,GEO,1994.0,1.835,519.815578814965,54.0177444912905,
Georgia,GEO,1995.0,1.807,578.336923460866,53.7014001838407,50.648
Georgia,GEO,1996.0,1.759,689.034634153312,53.3941759015751,44.807
Georgia,GEO,1997.0,1.728,807.032285752352,53.1079276912372,46.888
Georgia,GEO,1998.0,1.703,851.515542450841,52.8545115995706,
Georgia,GEO,1999.0,1.643,673.537782887275,52.645783673319,39.075
Georgia,GEO,2000.0,1.609,749.908534993961,52.4935999592259,39.174
Georgia,GEO,2001.0,1.579,801.98383707929,52.4098165040349,40.076
Georgia,GEO,2002.0,1.571,853.526171868939,52.4127676027039,43.037
Georgia,GEO,2003.0,1.552,1010.03151630868,52.5144705663341,43.204
Georgia,GEO,2004.0,1.566,1305.04748557208,52.7173199317225,44.02
Georgia,GEO,2005.0,1.583,1642.78359414797,53.0036280624359,49.027
Georgia,GEO,2006.0,1.617,1996.02013272284,53.3593916521584,43.17
Georgia,GEO,2007.0,1.697,2635.36650276116,53.7706073945741,42.074
Georgia,GEO,2008.0,1.832,3324.7537205015,54.2232719833673,40.779
Georgia,GEO,2009.0,1.993,2822.68939668797,54.7033821122222,30.764
Georgia,GEO,2010.0,1.973,3281.72930937343,55.1969344748228,35.443
Georgia,GEO,2011.0,1.915,4119.66818307193,55.6899257648533,38.389
Georgia,GEO,2012.0,1.929,4530.69533409431,56.1683526759979,37.22
Georgia,GEO,2013.0,1.993,4712.00229382665,56.6182119019407,45.069
Georgia,GEO,2014.0,2.18,4830.33486170249,57.0237612994258,50.855
Georgia,GEO,2015.0,2.214,4086.6223465965,57.3803800455672,56.294
Georgia,GEO,2016.0,2.228,4143.40125686315,57.6984032005062,61.254
Georgia,GEO,2017.0,2.136,4418.75206546679,57.9996827205757,66.157
Georgia,GEO,2018.0,2.093,4804.0546040444,58.3038181862576,68.551
Georgia,GEO,2019.0,2.021,4741.2832715876,58.6304091780343,72.014
Georgia,GEO,2020.0,1.976,4300.85701291207,58.9990552763878,75.059
Georgia,GEO,2021.0,1.98,5083.60695484577,59.4293560618005,81.265
Georgia,GEO,2022.0,1.82,6729.84659930283,60.0101622679115,84.626
Georgia,GEO,2023.0,1.81,8283.66960652261,60.7523077799724,84.096
Georgia,GEO,2024.0,1.802,9241.49122313713,61.0789605093733,
Germany,DEU,1990.0,1.45,22385.6778250275,80.0133210327747,
Germany,DEU,1991.0,1.33,23443.3350818536,80.0196919828142,
Germany,DEU,1992.0,1.29,26559.8543879632,80.026055776091,
Germany,DEU,1993.0,1.28,25616.6508772405,80.0325583093694,
Germany,DEU,1994.0,1.24,27201.9593555204,80.0393454794137,
Germany,DEU,1995.0,1.25,31747.2449398447,80.0465631829882,
Germany,DEU,1996.0,1.3,30599.7891048363,80.0543573168571,
Germany,DEU,1997.0,1.35,27046.9565464237,80.0628737777848,
Germany,DEU,1998.0,1.36,27395.9440608051,80.0722584625357,
Germany,DEU,1999.0,1.36,26965.4922773722,80.0826572678738,
Germany,DEU,2000.0,1.38,23925.8559901991,80.0942160905637,
Germany,DEU,2001.0,1.35,23878.3641471651,80.1070808273695,
Germany,DEU,2002.0,1.34,25486.5942008748,80.1213973750556,
Germany,DEU,2003.0,1.34,30711.1022511331,80.1373116303862,
Germany,DEU,2004.0,1.36,34566.7359143735,80.1549694901257,
Germany,DEU,2005.0,1.34,35084.4363546269,80.1745168510383,
Germany,DEU,2006.0,1.33,36980.3349948954,80.1960996098884,
Germany,DEU,2007.0,1.37,42350.9217211489,80.2198636634402,
Germany,DEU,2008.0,1.38,46379.1647953479,80.2459549084581,
Germany,DEU,2009.0,1.36,42471.8868625226,80.2745192417062,
Germany,DEU,2010.0,1.39,42396.9665976293,80.305702559949,
Germany,DEU,2011.0,1.39,47630.9761883572,80.3405762928198,
Germany,DEU,2012.0,1.41,44718.0159214069,80.393447520218,
Germany,DEU,2013.0,1.42,47206.8353514242,80.4732318400362,58.693
Germany,DEU,2014.0,1.47,48959.5991203133,80.57574023743,63.363
Germany,DEU,2015.0,1.5,41929.7549110722,80.6974371632814,67.388
Germany,DEU,2016.0,1.6,42948.9381932694,80.8347870684725,68.863
Germany,DEU,2017.0,1.57,45553.9341495339,80.9842544038853,69.968
Germany,DEU,2018.0,1.57,48916.1686612154,81.1423036204018,71.143
Germany,DEU,2019.0,1.54,47656.199739747,81.3053991689039,74.197
Germany,DEU,2020.0,1.53,47394.8734504469,81.4700055002738,74.794
Germany,DEU,2021.0,1.58,52349.2459994422,81.6325870653934,78.786
Germany,DEU,2022.0,1.455,50506.5179638543,81.7867852780995,80.797
Germany,DEU,2023.0,1.39,54776.7668235491,81.9034366692129,82.199
Germany,DEU,2024.0,1.36,56103.7323182554,82.0211432579125,
Ghana,GHA,1990.0,5.737,382.54246368354,35.7432148671435,
Ghana,GHA,1991.0,5.63,418.254121349986,36.5466714503918,0.414
Ghana,GHA,1992.0,5.517,396.426407640517,37.3800591655132,0.488
Ghana,GHA,1993.0,5.414,359.800844097528,38.233449206358,0.485
Ghana,GHA,1994.0,5.254,320.50390343252,39.0969127667762,0.593
Ghana,GHA,1995.0,5.106,371.537243033836,39.960521040618,
Ghana,GHA,1996.0,4.959,389.271267898831,40.8143452217336,
Ghana,GHA,1997.0,4.884,377.841935501461,41.6484565039731,
Ghana,GHA,1998.0,4.829,400.366799508524,42.4529260811866,
Ghana,GHA,1999.0,4.822,403.037326127273,43.2178251472243,
Ghana,GHA,2000.0,4.827,253.746936203344,43.9373786640616,
Ghana,GHA,2001.0,4.768,263.542156494853,44.6410507317701,
Ghana,GHA,2002.0,4.687,297.46164468774,45.3484692124806,
Ghana,GHA,2003.0,4.597,358.39927142073,46.0547973581418,
Ghana,GHA,2004.0,4.504,406.132105329565,46.7572004525685,
Ghana,GHA,2005.0,4.496,478.611909191028,47.4528437795757,3.774
Ghana,GHA,2006.0,4.399,906.441027564887,48.1388926229785,3.246
Ghana,GHA,2007.0,4.288,1050.12461524926,48.8125122665918,4.098
Ghana,GHA,2008.0,4.217,1182.65761256016,49.4708679942306,4.812
Ghana,GHA,2009.0,4.179,1047.70430093586,50.1111250897099,6.249
Ghana,GHA,2010.0,4.181,1263.89251760539,50.7296926788704,
Ghana,GHA,2011.0,4.177,1507.43573198753,51.3304086646488,8.48
Ghana,GHA,2012.0,4.154,1543.77524235764,51.9197918381031,8.758
Ghana,GHA,2013.0,4.114,2294.79584693743,52.4985794475913,10.362
Ghana,GHA,2014.0,4.029,1949.90832923846,53.0663398797148,11.942
Ghana,GHA,2015.0,3.982,1722.77282833606,53.6226415210752,12.582
Ghana,GHA,2016.0,3.873,1912.47991339951,54.167052758274,12.849
Ghana,GHA,2017.0,3.715,2012.28662641265,54.6991419779128,13.399
Ghana,GHA,2018.0,3.65,2195.32166016377,55.218477566593,13.563
Ghana,GHA,2019.0,3.593,2186.65822682613,55.7246279109161,15.676
Ghana,GHA,2020.0,3.541,2195.45481659987,56.2171613974837,17.401
Ghana,GHA,2021.0,3.492,2445.18662529344,56.6952556826536,18.301
Ghana,GHA,2022.0,3.434,2229.89122647803,57.250609602871,19.813
Ghana,GHA,2023.0,3.397,2383.90410483418,57.8074737774654,21.676
Ghana,GHA,2024.0,3.344,2390.77237652715,58.3654868038581,
Gibraltar,GIB,1990.0,2.39,,100.0,
Gibraltar,GIB,1991.0,2.431,,100.0,
Gibraltar,GIB,1992.0,2.443,,100.0,
Gibraltar,GIB,1993.0,2.42,,100.0,
Gibraltar,GIB,1994.0,2.38,,100.0,
Gibraltar,GIB,1995.0,2.334,,100.0,
Gibraltar,GIB,1996.0,2.251,,100.0,
Gibraltar,GIB,1997.0,2.233,,100.0,
Gibraltar,GIB,1998.0,2.204,,100.0,
Gibraltar,GIB,1999.0,2.189,,100.0,
Gibraltar,GIB,2000.0,2.185,,100.0,
Gibraltar,GIB,2001.0,2.104,,100.0,
Gibraltar,GIB,2002.0,1.683,,100.0,
Gibraltar,GIB,2003.0,1.634,,100.0,
Gibraltar,GIB,2004.0,1.689,,100.0,
Gibraltar,GIB,2005.0,1.754,,100.0,
Gibraltar,GIB,2006.0,1.802,,100.0,
Gibraltar,GIB,2007.0,1.852,,100.0,
Gibraltar,GIB,2008.0,1.903,,100.0,
Gibraltar,GIB,2009.0,1.926,,100.0,
Gibraltar,GIB,2010.0,1.954,,100.0,
Gibraltar,GIB,2011.0,1.974,,100.0,
Gibraltar,GIB,2012.0,1.999,,100.0,
Gibraltar,GIB,2013.0,2.099,,100.0,
Gibraltar,GIB,2014.0,2.084,,100.0,
Gibraltar,GIB,2015.0,2.074,,100.0,
Gibraltar,GIB,2016.0,1.94,,100.0,
Gibraltar,GIB,2017.0,1.93,,100.0,
Gibraltar,GIB,2018.0,1.921,,100.0,
Gibraltar,GIB,2019.0,1.912,,100.0,
Gibraltar,GIB,2020.0,1.907,,100.0,
Gibraltar,GIB,2021.0,1.899,,100.0,
Gibraltar,GIB,2022.0,1.895,,100.0,
Gibraltar,GIB,2023.0,1.888,,100.0,
Gibraltar,GIB,2024.0,1.885,,100.0,
Greece,GRC,1990.0,1.39,9466.66238502174,71.4954907305534,
Greece,GRC,1991.0,1.37,10046.6663875475,71.6402415130464,
Greece,GRC,1992.0,1.36,11021.012224607,71.7712094830401,
Greece,GRC,1993.0,1.32,10257.3085789073,71.8845576676716,
Greece,GRC,1994.0,1.33,10937.0223808611,71.986767203146,
Greece,GRC,1995.0,1.28,12779.081491606,72.0831868417364,
Greece,GRC,1996.0,1.26,13432.5262183244,72.1791653357157,
Greece,GRC,1997.0,1.27,13015.9175046854,72.2800514373571,
Greece,GRC,1998.0,1.24,13022.9648774809,72.3911938989336,
Greece,GRC,1999.0,1.23,12742.5404388143,72.5179414727182,
Greece,GRC,2000.0,1.25,11638.2010697215,72.665642910984,51.138
Greece,GRC,2001.0,1.25,12156.9572824221,72.8460703788502,63.276
Greece,GRC,2002.0,1.28,13782.195640943,73.0977109642516,71.831
Greece,GRC,2003.0,1.29,18020.612039764,73.432268024093,78.051
Greece,GRC,2004.0,1.31,21449.2552764245,73.8267602923728,87.65
Greece,GRC,2005.0,1.34,22054.1315756886,74.2617376694311,97.206
Greece,GRC,2006.0,1.4,24416.0232970275,74.717750055608,101.391
Greece,GRC,2007.0,1.41,28440.7625328955,75.1753473512439,94.888
Greece,GRC,2008.0,1.5,31695.8331092209,75.615079456679,
Greece,GRC,2009.0,1.5,29425.4573200263,76.0174962722535,
Greece,GRC,2010.0,1.48,26653.0488008626,76.3631476983077,103.951
Greece,GRC,2011.0,1.4,25504.7866510124,76.6352609929407,107.028
Greece,GRC,2012.0,1.34,21624.346052551,76.8679797449322,110.714
Greece,GRC,2013.0,1.29,21573.3449762805,77.0951999650171,112.316
Greece,GRC,2014.0,1.3,21474.7257123892,77.3130486275866,118.363
Greece,GRC,2015.0,1.33,17980.7298238137,77.5194426317545,
Greece,GRC,2016.0,1.38,17919.2426377048,77.7122988766348,129.573
Greece,GRC,2017.0,1.35,18631.9930129293,77.8895342613411,134.556
Greece,GRC,2018.0,1.35,19873.4015238771,78.0490656849874,141.382
Greece,GRC,2019.0,1.34,19335.3602002969,78.1888100466875,147.886
Greece,GRC,2020.0,1.39,17886.733165236,78.3066842455552,149.35
Greece,GRC,2021.0,1.43,20654.7001960815,78.3884898647442,156.854
Greece,GRC,2022.0,1.32,20886.5243087629,78.5502190980809,171.99
Greece,GRC,2023.0,1.26,23343.7103964562,78.7746303842088,171.113
Greece,GRC,2024.0,1.24,24626.1481858973,78.9967856500534,
Greenland,GRL,1990.0,2.444,18326.9295023252,79.97265625,
Greenland,GRL,1991.0,2.421,18315.3165631906,80.1740493774414,
Greenland,GRL,1992.0,2.607,18768.8275325455,80.2990036010742,
Greenland,GRL,1993.0,2.578,16797.3578218828,80.467903137207,
Greenland,GRL,1994.0,2.524,18124.0998075763,80.7938690185547,
Greenland,GRL,1995.0,2.545,21665.8295173116,81.0566635131836,
Greenland,GRL,1996.0,2.521,21422.4609853672,81.0665817260742,
Greenland,GRL,1997.0,2.78,19145.614890096,81.072395324707,
Greenland,GRL,1998.0,2.491,20496.578783559,81.1202621459961,
Greenland,GRL,1999.0,2.475,20170.322763798,81.1649703979492,
Greenland,GRL,2000.0,2.406,19009.0774407515,81.4517822265625,
Greenland,GRL,2001.0,2.506,19265.5191468738,81.7906112670898,
Greenland,GRL,2002.0,2.613,20657.9506323097,82.0752868652344,
Greenland,GRL,2003.0,2.328,27466.6494525504,82.3485946655273,
Greenland,GRL,2004.0,2.442,32030.9987915109,82.5634307861328,
Greenland,GRL,2005.0,2.326,32489.7277309899,82.6899108886719,
Greenland,GRL,2006.0,2.28,35457.6297578214,82.8471984863281,
Greenland,GRL,2007.0,2.223,39780.9441368721,83.2039566040039,
Greenland,GRL,2008.0,2.249,44366.7858688175,83.621826171875,
Greenland,GRL,2009.0,2.344,44918.8413832155,83.8556137084961,
Greenland,GRL,2010.0,2.184,44277.1993400972,84.2784881591797,
Greenland,GRL,2011.0,2.097,47186.8759969388,84.5286026000977,
Greenland,GRL,2012.0,2.006,45936.9562817724,84.8864593505859,
Greenland,GRL,2013.0,2.069,47535.4883792376,85.3725891113281,
Greenland,GRL,2014.0,1.987,50485.2244135291,85.6772384643555,
Greenland,GRL,2015.0,2.116,44536.3549705377,86.046257019043,
Greenland,GRL,2016.0,2.066,48181.7453541266,86.2261047363281,
Greenland,GRL,2017.0,2.125,50765.7494665372,86.3915557861328,
Greenland,GRL,2018.0,2.024,54545.135857765,86.72509765625,
Greenland,GRL,2019.0,2.115,53309.2035905065,87.0217895507812,
Greenland,GRL,2020.0,2.109,54812.6661771023,87.2840881978115,
Greenland,GRL,2021.0,1.82,58135.9939910203,87.5452017613678,
Greenland,GRL,2022.0,1.818,55635.0006491223,87.8049405256832,
Greenland,GRL,2023.0,1.769,58498.9707973609,88.0631147749908,
Greenland,GRL,2024.0,1.706,,88.3195347935238,
Grenada,GRD,1990.0,3.058,2782.18396873619,33.4035322468443,
Grenada,GRD,1991.0,3.106,2983.91643158641,33.4838633944224,
Grenada,GRD,1992.0,2.97,3052.70018744163,33.6304612487265,
Grenada,GRD,1993.0,2.805,3026.04154231393,33.8645013126556,
Grenada,GRD,1994.0,2.794,3152.2020478855,34.1599790749802,
Grenada,GRD,1995.0,2.822,3294.26988339657,34.4927373890347,
Grenada,GRD,1996.0,2.848,3508.294236637,34.8386191081534,
Grenada,GRD,1997.0,2.803,3724.75466168304,35.1734670856707,
Grenada,GRD,1998.0,2.494,4206.28052894181,35.473124174921,
Grenada,GRD,1999.0,2.392,4516.28332446682,35.7134332292386,
Grenada,GRD,2000.0,2.441,4839.82811114248,35.8702371019579,
Grenada,GRD,2001.0,2.421,4819.50776653843,35.9199973947796,
Grenada,GRD,2002.0,2.378,4984.47405931447,35.9199179937357,
Grenada,GRD,2003.0,2.332,5427.96377252312,35.9194385233611,
Grenada,GRD,2004.0,2.285,5480.26117644588,35.9181958391436,
Grenada,GRD,2005.0,2.242,6338.56011405358,35.9158260786725,
Grenada,GRD,2006.0,2.195,6344.0383771432,35.9119653795374,
Grenada,GRD,2007.0,2.154,6864.54816771858,35.9062498793276,
Grenada,GRD,2008.0,2.116,7448.2040563865,35.8983157156326,
Grenada,GRD,2009.0,2.078,6932.56472176781,35.8877990260417,66.585
Grenada,GRD,2010.0,2.038,6909.60169568597,35.8743359481443,
Grenada,GRD,2011.0,2.006,6947.38136096464,35.8601091092326,
Grenada,GRD,2012.0,1.967,7092.71985352677,35.8652755773132,
Grenada,GRD,2013.0,1.913,7424.80212287327,35.8792242623778,
Grenada,GRD,2014.0,1.799,7986.33421210788,35.9014624346562,
Grenada,GRD,2015.0,1.715,8694.12438005692,35.9319491111708,105.624
Grenada,GRD,2016.0,1.616,9221.23461079424,35.9706014181883,110.199
Grenada,GRD,2017.0,1.438,9751.42661155932,36.0173296416579,110.46
Grenada,GRD,2018.0,1.53,10083.021279225,36.0720421424532,112.942
Grenada,GRD,2019.0,1.542,10462.7929159533,36.1346465679904,
Grenada,GRD,2020.0,1.532,8968.55890108484,36.2050502515788,
Grenada,GRD,2021.0,1.517,9617.28902905373,36.2831603706908,
Grenada,GRD,2022.0,1.502,10469.3867012856,36.3688840183487,
Grenada,GRD,2023.0,1.487,11414.4781691181,36.462128238584,
Grenada,GRD,2024.0,1.472,11705.0902976658,36.5628000454229,
Guam,GUM,1990.0,3.015,,90.7067343821472,
Guam,GUM,1991.0,3.028,,90.9393667531683,
Guam,GUM,1992.0,3.042,,91.1984367719938,
Guam,GUM,1993.0,3.054,,91.4732873968821,
Guam,GUM,1994.0,3.044,,91.7555535281099,
Guam,GUM,1995.0,3.04,,92.0368700659536,
Guam,GUM,1996.0,3.033,,92.3088719106896,
Guam,GUM,1997.0,3.023,,92.5631939625945,
Guam,GUM,1998.0,3.008,,92.7914711219447,
Guam,GUM,1999.0,2.969,,92.9853382890167,
Guam,GUM,2000.0,2.915,,93.1395316242857,
Guam,GUM,2001.0,2.817,,93.2781071591292,
Guam,GUM,2002.0,2.582,20909.9590302806,93.4166219465011,
Guam,GUM,2003.0,2.657,21877.3178371553,93.5502870629964,
Guam,GUM,2004.0,2.772,23618.8266894573,93.6758326459328,
Guam,GUM,2005.0,2.638,25631.9776108052,93.7899888326279,
Guam,GUM,2006.0,2.807,25709.9351488422,93.8894857603993,
Guam,GUM,2007.0,2.905,26605.4324214756,93.9710535665648,
Guam,GUM,2008.0,2.905,28112.2316573422,94.0314223884421,
Guam,GUM,2009.0,2.891,29054.0581201519,94.0673223633488,
Guam,GUM,2010.0,2.973,29719.7967836082,94.0765173267308,
Guam,GUM,2011.0,2.876,29926.2052442913,94.0771054436498,
Guam,GUM,2012.0,3.117,31653.7506538168,94.0777276704115,
Guam,GUM,2013.0,2.883,32530.7593121483,94.0782751403862,
Guam,GUM,2014.0,2.946,33900.1486530583,94.0787476782557,
Guam,GUM,2015.0,2.933,35165.7014644795,94.079145108702,
Guam,GUM,2016.0,3.171,35930.6594898711,94.079467256407,
Guam,GUM,2017.0,3.088,36779.0078903909,94.0797139460527,
Guam,GUM,2018.0,2.995,37195.9503070464,94.079885002321,
Guam,GUM,2019.0,2.938,39274.9431424899,94.0799802498939,
Guam,GUM,2020.0,2.895,36482.9363953675,94.0804991087801,
Guam,GUM,2021.0,2.856,38074.8793745801,94.0884327694075,
Guam,GUM,2022.0,2.819,41833.1517132825,94.1068261842046,
Guam,GUM,2023.0,2.781,,94.1349341638921,
Guam,GUM,2024.0,2.748,,94.1726346571831,
Guatemala,GTM,1990.0,5.48,847.688561830359,33.9012796561515,
Guatemala,GTM,1991.0,5.377,1014.40279682682,34.1565593261803,
Guatemala,GTM,1992.0,5.314,1096.45976992698,34.4334171300471,
Guatemala,GTM,1993.0,5.254,1165.67442716224,34.7310073212315,
Guatemala,GTM,1994.0,5.191,1292.67202750483,35.0756010770794,
Guatemala,GTM,1995.0,5.105,1421.06177809796,35.7556305117631,
Guatemala,GTM,1996.0,5.008,1481.05986750672,36.8833711270944,
Guatemala,GTM,1997.0,4.906,1638.46281851789,38.3195642319091,
Guatemala,GTM,1998.0,4.8,1741.20114182856,39.9406715289323,
Guatemala,GTM,1999.0,4.687,1603.64776144934,41.6231547208891,
Guatemala,GTM,2000.0,4.583,1648.96578971559,43.2434755105047,
Guatemala,GTM,2001.0,4.502,1537.68663578252,44.678095600504,
Guatemala,GTM,2002.0,4.371,1669.33517469705,45.7754731938848,8.216
Guatemala,GTM,2003.0,4.25,1722.54701910774,46.5865389722105,
Guatemala,GTM,2004.0,4.134,1840.91184884,47.326819486636,
Guatemala,GTM,2005.0,3.974,2046.46611650758,48.0557951573834,
Guatemala,GTM,2006.0,3.845,2225.1234753878,48.7676356188334,
Guatemala,GTM,2007.0,3.716,2458.81573919384,49.4565105053665,17.776
Guatemala,GTM,2008.0,3.571,2763.05988172926,50.1165894513633,
Guatemala,GTM,2009.0,3.465,2611.64632773352,50.7420420912045,15.601
Guatemala,GTM,2010.0,3.375,2805.25960237322,51.3270380592706,15.977
Guatemala,GTM,2011.0,3.292,3168.98370607705,51.8657469899423,16.553
Guatemala,GTM,2012.0,3.219,3286.61959336267,52.3523385176,17.088
Guatemala,GTM,2013.0,3.151,3444.15802275864,52.7809822766245,20.091
Guatemala,GTM,2014.0,3.088,3689.14510410202,53.1458479013964,19.299
Guatemala,GTM,2015.0,3.029,3893.50533299068,53.4411050262961,23.753
Guatemala,GTM,2016.0,2.973,4060.13784737643,53.6609232857043,
Guatemala,GTM,2017.0,2.857,4324.99768915601,53.7994723140017,
Guatemala,GTM,2018.0,2.743,4352.94593289707,53.845962303542,
Guatemala,GTM,2019.0,2.593,4511.99839552697,54.1882267267974,24.139
Guatemala,GTM,2020.0,2.47,4477.61785000665,54.5483167911628,
Guatemala,GTM,2021.0,2.388,4912.62240414681,54.9047071553758,
Guatemala,GTM,2022.0,2.343,5358.70156997677,55.2581228215265,
Guatemala,GTM,2023.0,2.311,5758.32760847852,55.6082319565539,30.526
Guatemala,GTM,2024.0,2.287,6150.02571438505,55.9547027274763,
Guinea,GIN,1990.0,6.515,604.304422702532,28.2150416426116,0.173
Guinea,GIN,1991.0,6.484,656.42373119518,28.4712516184031,0.119
Guinea,GIN,1992.0,6.453,692.647802662806,28.7249348395438,0.109
Guinea,GIN,1993.0,6.409,670.741778229959,28.9789113203538,0.164
Guinea,GIN,1994.0,6.358,671.576385058752,29.2360010751533,0.14
Guinea,GIN,1995.0,6.288,713.031460558683,29.4990241182623,
Guinea,GIN,1996.0,6.205,726.025442583799,29.7715516995972,0.2
Guinea,GIN,1997.0,6.123,695.58174225826,30.0528319349072,0.253
Guinea,GIN,1998.0,6.051,647.379920832778,30.3398459469057,0.287
Guinea,GIN,1999.0,5.985,610.614842942762,30.63021654503,
Guinea,GIN,2000.0,5.918,518.157066924026,30.9231105645224,
Guinea,GIN,2001.0,5.834,483.085120214741,31.2176948406254,
Guinea,GIN,2002.0,5.781,495.916073559269,31.5131362085814,
Guinea,GIN,2003.0,5.744,566.48540588068,31.8086015036327,
Guinea,GIN,2004.0,5.733,584.897740538081,32.1032575610216,0.71
Guinea,GIN,2005.0,5.727,463.17768685098,32.3962712159907,1.136
Guinea,GIN,2006.0,5.704,446.980554135013,32.6868093037822,2.269
Guinea,GIN,2007.0,5.664,650.148575304743,32.9740386596386,3.664
Guinea,GIN,2008.0,5.596,703.532825784369,33.2571261188022,4.521
Guinea,GIN,2009.0,5.528,662.185914665575,33.5352385165154,4.636
Guinea,GIN,2010.0,5.435,659.235326211315,33.8075426880206,5.165
Guinea,GIN,2011.0,5.337,636.694958747648,34.0732054685603,5.481
Guinea,GIN,2012.0,5.232,699.353377212197,34.3313936933767,5.338
Guinea,GIN,2013.0,5.151,748.455020824734,34.5812741977122,6.297
Guinea,GIN,2014.0,5.07,765.146999389279,34.8177920826682,6.637
Guinea,GIN,2015.0,5.002,747.356966759448,35.0373191833496,
Guinea,GIN,2016.0,4.915,711.996509782316,35.3100280761719,
Guinea,GIN,2017.0,4.793,833.598621691121,35.5827331542969,
Guinea,GIN,2018.0,4.669,933.273615633705,35.8554382324219,
Guinea,GIN,2019.0,4.576,1031.34146480732,36.1281547546387,
Guinea,GIN,2020.0,4.489,1053.66097696415,36.4802208060551,
Guinea,GIN,2021.0,4.399,1244.96550477914,36.8502178436256,
Guinea,GIN,2022.0,4.303,1416.59612011764,37.2384967469106,
Guinea,GIN,2023.0,4.217,1555.49375806861,37.6454083954705,
Guinea,GIN,2024.0,4.131,1694.95375862193,38.0713036688655,
Guinea-Bissau,GNB,1990.0,6.501,651.337640650994,31.8509832029524,
Guinea-Bissau,GNB,1991.0,6.474,672.07387884966,32.7516507277478,
Guinea-Bissau,GNB,1992.0,6.435,574.32110641811,33.4002994246409,
Guinea-Bissau,GNB,1993.0,6.369,581.612681813953,33.9519253078613,
Guinea-Bissau,GNB,1994.0,6.299,560.883422537973,34.4608840002895,
Guinea-Bissau,GNB,1995.0,6.223,589.487023081945,34.9311501499718,
Guinea-Bissau,GNB,1996.0,6.141,614.729892454585,35.3666984049549,
Guinea-Bissau,GNB,1997.0,6.06,598.953470198484,35.771503413285,
Guinea-Bissau,GNB,1998.0,5.97,497.724279563733,36.1495398230088,
Guinea-Bissau,GNB,1999.0,5.871,478.733190989909,36.5047822821727,
Guinea-Bissau,GNB,2000.0,5.786,316.945495037639,36.8412054388232,
Guinea-Bissau,GNB,2001.0,5.688,327.138431972397,37.1627839410066,
Guinea-Bissau,GNB,2002.0,5.634,362.034574570354,37.4734924367695,
Guinea-Bissau,GNB,2003.0,5.577,419.78486611807,37.7773055741583,
Guinea-Bissau,GNB,2004.0,5.5,431.376557669634,38.0781980012196,
Guinea-Bissau,GNB,2005.0,5.46,463.073962650452,38.3801443659997,
Guinea-Bissau,GNB,2006.0,5.406,448.513075469701,38.6871193165452,
Guinea-Bissau,GNB,2007.0,5.365,519.069789794741,39.0030975009025,
Guinea-Bissau,GNB,2008.0,5.266,640.210331101753,39.3320535671181,
Guinea-Bissau,GNB,2009.0,5.176,583.190020139094,39.6716434222135,
Guinea-Bissau,GNB,2010.0,5.111,600.194298540768,40.0095596313477,
Guinea-Bissau,GNB,2011.0,5.067,719.539573498937,40.4391136169434,
Guinea-Bissau,GNB,2012.0,5.003,635.461653303881,40.8686027526855,
Guinea-Bissau,GNB,2013.0,4.93,654.304534409417,41.2976379394531,
Guinea-Bissau,GNB,2014.0,4.79,652.022501029449,41.7271995544434,
Guinea-Bissau,GNB,2015.0,4.661,645.066837207039,42.1568145751953,
Guinea-Bissau,GNB,2016.0,4.519,679.665386626818,42.586109161377,
Guinea-Bissau,GNB,2017.0,4.347,783.123186602022,43.0155792236328,
Guinea-Bissau,GNB,2018.0,4.241,808.531613218504,43.4449081420898,
Guinea-Bissau,GNB,2019.0,4.153,811.216425885129,43.8745574951172,
Guinea-Bissau,GNB,2020.0,4.075,846.915855715971,44.3038330078125,
Guinea-Bissau,GNB,2021.0,3.998,926.780921081233,44.7334136962891,
Guinea-Bissau,GNB,2022.0,3.911,883.199131457831,45.1627159118652,
Guinea-Bissau,GNB,2023.0,3.836,988.087886357022,45.5923843383789,
Guinea-Bissau,GNB,2024.0,3.757,1007.74151728028,46.113204421822,
Guyana,GUY,1990.0,3.181,528.851095342994,29.5687809551164,4.748
Guyana,GUY,1991.0,3.183,466.039938988882,29.569626041612,
Guyana,GUY,1992.0,3.188,498.156636569954,29.5528652056286,
Guyana,GUY,1993.0,3.199,603.084316652805,29.5116033535051,
Guyana,GUY,1994.0,3.226,715.611525201717,29.4485829712731,8.575
Guyana,GUY,1995.0,3.238,819.668541584905,29.366438121652,8.493
Guyana,GUY,1996.0,3.23,927.523847211669,29.2678028673613,9.388
Guyana,GUY,1997.0,3.221,982.804753805587,29.1553112711205,11.909
Guyana,GUY,1998.0,3.182,939.685488169724,29.0315973956489,
Guyana,GUY,1999.0,3.125,908.790631391797,28.899295303666,
Guyana,GUY,2000.0,3.057,931.796651718955,28.7610390578913,
Guyana,GUY,2001.0,2.958,931.574723847673,28.6194627210441,
Guyana,GUY,2002.0,2.844,950.866932470993,28.4796776810692,
Guyana,GUY,2003.0,2.75,973.742598054188,28.3083472486662,
Guyana,GUY,2004.0,2.681,1033.31030902188,28.0668850172523,13.526
Guyana,GUY,2005.0,2.648,1084.06541388904,27.7758550706193,14.729
Guyana,GUY,2006.0,2.659,3135.60553528326,27.4604582346121,15.118
Guyana,GUY,2007.0,2.681,3608.28685240188,27.1458953350755,15.154
Guyana,GUY,2008.0,2.697,4008.9628671603,26.8573671978542,12.447
Guyana,GUY,2009.0,2.694,4209.13230624565,26.620074648793,13.529
Guyana,GUY,2010.0,2.684,4581.76179693492,26.4592185137368,15.461
Guyana,GUY,2011.0,2.694,4947.22170589917,26.3999996185303,15.599
Guyana,GUY,2012.0,2.701,5444.39751913913,26.3999996185303,15.589
Guyana,GUY,2013.0,2.711,5556.91231156932,26.4003891353669,
Guyana,GUY,2014.0,2.695,5472.68820452237,26.4018152016157,
Guyana,GUY,2015.0,2.667,5640.41560569466,26.4043918297579,
Guyana,GUY,2016.0,2.634,5870.87823759835,26.4080892882899,
Guyana,GUY,2017.0,2.593,6178.6650437298,26.412905546573,
Guyana,GUY,2018.0,2.553,6048.38697180418,26.4188378517884,
Guyana,GUY,2019.0,2.521,6405.82443444562,26.4258834773058,
Guyana,GUY,2020.0,2.491,6775.70939096303,26.4340397353676,
Guyana,GUY,2021.0,2.462,9860.87014834386,26.443303961947,
Guyana,GUY,2022.0,2.437,17913.4928066879,26.4536735068183,
Guyana,GUY,2023.0,2.412,20473.7002190617,26.4651457279878,35.274
Guyana,GUY,2024.0,2.395,29675.2443873316,26.477717988557,37.361
Haiti,HTI,1990.0,5.414,451.720249689216,24.4426368232261,
Haiti,HTI,1991.0,5.317,496.545987433864,25.3628715747079,
Haiti,HTI,1992.0,5.208,316.276513134354,26.3663573562854,
Haiti,HTI,1993.0,5.099,258.066372258817,27.4485072438076,
Haiti,HTI,1994.0,4.991,292.134224374091,28.6047343131232,
Haiti,HTI,1995.0,4.884,372.006104665125,29.8304516400811,
Haiti,HTI,1996.0,4.777,377.229465025972,31.1210723005304,
Haiti,HTI,1997.0,4.669,425.111085879256,32.4720093703197,
Haiti,HTI,1998.0,4.561,465.363306259051,33.8786759252981,
Haiti,HTI,1999.0,4.452,509.578585275375,35.3364850413145,
Haiti,HTI,2000.0,4.39,820.600046761464,36.8408497942176,
Haiti,HTI,2001.0,4.248,748.821159844528,38.3871832598564,
Haiti,HTI,2002.0,4.125,720.969568042522,39.9708985140797,
Haiti,HTI,2003.0,4.047,578.995291079709,41.2007603284477,
Haiti,HTI,2004.0,3.943,683.185298155273,41.8705746346912,
Haiti,HTI,2005.0,3.835,775.845704056916,42.5791771857318,
Haiti,HTI,2006.0,3.761,828.805700289589,43.2846444920296,
Haiti,HTI,2007.0,3.687,984.566983448521,43.9866171992907,
Haiti,HTI,2008.0,3.621,1094.66058421644,44.6847359532184,
Haiti,HTI,2009.0,3.565,1196.8528706018,45.3786413995138,
Haiti,HTI,2010.0,3.497,1209.72733503094,46.0679741838751,
Haiti,HTI,2011.0,3.431,1312.03953552013,46.7523749519985,
Haiti,HTI,2012.0,3.321,1361.39396587374,47.4314843495779,
Haiti,HTI,2013.0,3.221,1457.83221179626,48.1049430223048,
Haiti,HTI,2014.0,3.164,1460.18898613914,48.7723916158687,
Haiti,HTI,2015.0,3.11,1411.12684746796,49.4334707759572,
Haiti,HTI,2016.0,3.054,1318.40268167953,50.087821148256,
Haiti,HTI,2017.0,2.985,1395.23945184461,50.735083378449,
Haiti,HTI,2018.0,2.924,1496.38048970156,51.374898112219,
Haiti,HTI,2019.0,2.862,1352.17204191532,52.0069059952475,
Haiti,HTI,2020.0,2.804,1290.32538667383,52.6307476732151,
Haiti,HTI,2021.0,2.748,1841.33189337222,53.2460637918026,
Haiti,HTI,2022.0,2.699,1760.62635668777,53.8524949966907,
Haiti,HTI,2023.0,2.656,1705.75808460999,54.4496819335618,
Haiti,HTI,2024.0,2.625,2142.62330526788,55.0372652481002,
Honduras,HND,1990.0,5.271,749.818113552631,40.4877408913689,7.864
Honduras,HND,1991.0,5.191,722.000657931123,40.9747754656802,8.03
Honduras,HND,1992.0,5.113,782.111518709432,41.452387449279,8.057
Honduras,HND,1993.0,5.028,772.74224772986,41.9238207203885,8.116
Honduras,HND,1994.0,4.935,735.886147157389,42.392319157232,8.746
Honduras,HND,1995.0,4.835,814.049075569071,42.8611266380328,
Honduras,HND,1996.0,4.713,812.817047602244,43.3334870410143,
Honduras,HND,1997.0,4.59,917.272651200904,43.8126442443997,
Honduras,HND,1998.0,4.473,988.655986927253,44.3018421264124,
Honduras,HND,1999.0,4.366,999.004383328908,44.8043245652756,14.002
Honduras,HND,2000.0,4.289,1092.56400746252,45.3233354392127,14.636
Honduras,HND,2001.0,4.153,1132.1648753329,45.8623033555915,
Honduras,HND,2002.0,4.0,1132.49965345317,46.4194190064116,
Honduras,HND,2003.0,3.844,1156.08162681357,46.990184604045,18.898
Honduras,HND,2004.0,3.71,1215.13995412761,47.5739776096056,18.958
Honduras,HND,2005.0,3.577,1304.70039153826,48.1703884178554,
Honduras,HND,2006.0,3.449,1425.84780051892,48.7790074235564,
Honduras,HND,2007.0,3.351,1577.73789197407,49.3994250214704,
Honduras,HND,2008.0,3.26,1732.49062702803,50.0312316063593,21.403
Honduras,HND,2009.0,3.173,1781.15703614674,50.6740175729851,
Honduras,HND,2010.0,3.078,1893.32722662035,51.3273733161098,20.796
Honduras,HND,2011.0,2.998,2073.66121088074,51.9908892304951,
Honduras,HND,2012.0,2.927,2126.03474686503,52.6641557109031,22.097
Honduras,HND,2013.0,2.855,2081.12843527945,53.356379133253,22.687
Honduras,HND,2014.0,2.793,2179.88171977271,53.8768089124249,22.912
Honduras,HND,2015.0,2.746,2271.20265980349,54.3828473751434,23.606
Honduras,HND,2016.0,2.704,2307.34468351082,54.8868414578857,24.504
Honduras,HND,2017.0,2.663,2413.0076562942,55.3877322339915,28.467
Honduras,HND,2018.0,2.645,2464.64241531918,55.8852577716247,30.628
Honduras,HND,2019.0,2.611,2502.32744328073,56.3791561389766,29.619
Honduras,HND,2020.0,2.577,2307.61494319511,56.8691654042685,
Honduras,HND,2021.0,2.548,2735.14751503977,57.3550236357547,
Honduras,HND,2022.0,2.522,3003.28996826399,57.8364689017254,
Honduras,HND,2023.0,2.5,3227.45762509776,58.3132392705102,
Honduras,HND,2024.0,2.476,3426.43483328923,58.7850728104829,
"Hong Kong SAR, China",HKG,1990.0,1.272,13485.6314525052,99.3105631904423,
"Hong Kong SAR, China",HKG,1991.0,1.281,15465.9245305858,99.7358552273683,
"Hong Kong SAR, China",HKG,1992.0,1.347,17976.4688629053,99.8254998717847,
"Hong Kong SAR, China",HKG,1993.0,1.342,20395.5621886121,99.9052758430407,
"Hong Kong SAR, China",HKG,1994.0,1.355,22502.5302426236,99.961658640719,
"Hong Kong SAR, China",HKG,1995.0,1.295,23497.3920767477,99.9932976351594,
"Hong Kong SAR, China",HKG,1996.0,1.191,24818.3021600084,100.0,
"Hong Kong SAR, China",HKG,1997.0,1.127,27330.0933613355,100.0,
"Hong Kong SAR, China",HKG,1998.0,1.016,25808.8609899709,100.0,
"Hong Kong SAR, China",HKG,1999.0,0.981,25091.6665997966,100.0,
"Hong Kong SAR, China",HKG,2000.0,1.032,25756.7728723704,100.0,
"Hong Kong SAR, China",HKG,2001.0,0.931,25230.3780910304,100.0,
"Hong Kong SAR, China",HKG,2002.0,0.941,24665.8362318216,100.0,
"Hong Kong SAR, China",HKG,2003.0,0.901,23977.1734120477,100.0,32.364
"Hong Kong SAR, China",HKG,2004.0,0.922,24928.1003722551,100.0,32.825
"Hong Kong SAR, China",HKG,2005.0,0.959,26649.637724155,100.0,33.08
"Hong Kong SAR, China",HKG,2006.0,0.984,28224.0951563146,100.0,33.167
"Hong Kong SAR, China",HKG,2007.0,1.028,30593.9511738646,100.0,41.741
"Hong Kong SAR, China",HKG,2008.0,1.064,31515.5292103443,100.0,55.06
"Hong Kong SAR, China",HKG,2009.0,1.055,30697.5383861641,100.0,55.604
"Hong Kong SAR, China",HKG,2010.0,1.127,32550.136489179,100.0,59.191
"Hong Kong SAR, China",HKG,2011.0,1.204,35142.4879344543,100.0,61.898
"Hong Kong SAR, China",HKG,2012.0,1.285,36730.796195815,100.0,63.291
"Hong Kong SAR, China",HKG,2013.0,1.125,38403.7777145477,100.0,72.217
"Hong Kong SAR, China",HKG,2014.0,1.235,40315.3739510191,100.0,74.314
"Hong Kong SAR, China",HKG,2015.0,1.196,42432.1619740441,100.0,73.127
"Hong Kong SAR, China",HKG,2016.0,1.205,43734.1980702999,100.0,74.673
"Hong Kong SAR, China",HKG,2017.0,1.128,46160.429791493,100.0,76.732
"Hong Kong SAR, China",HKG,2018.0,1.08,48537.5668888343,100.0,82.196
"Hong Kong SAR, China",HKG,2019.0,1.064,48359.0011950597,100.0,87.852
"Hong Kong SAR, China",HKG,2020.0,0.883,46109.2299946609,100.0,94.583
"Hong Kong SAR, China",HKG,2021.0,0.772,49770.5642374739,100.0,101.945
"Hong Kong SAR, China",HKG,2022.0,0.701,48825.8441873536,100.0,104.508
"Hong Kong SAR, China",HKG,2023.0,0.751,50562.3633144379,100.0,110.14
"Hong Kong SAR, China",HKG,2024.0,0.841,54074.6928519479,100.0,126.024
Hungary,HUN,1990.0,1.87,3323.53967237633,61.000502194261,
Hungary,HUN,1991.0,1.87,3361.22268037924,61.3232927441337,
Hungary,HUN,1992.0,1.77,3747.32966394956,61.6475605980383,
Hungary,HUN,1993.0,1.68,3886.66608419616,61.9730169898483,
Hungary,HUN,1994.0,1.64,4187.0311799663,62.2993731534369,
Hungary,HUN,1995.0,1.57,4509.41740910077,62.6263403226773,
Hungary,HUN,1996.0,1.46,4542.0120380978,62.9536297314429,
Hungary,HUN,1997.0,1.37,4606.0569733295,63.2809526136067,
Hungary,HUN,1998.0,1.32,4751.7732430202,63.6080202030422,
Hungary,HUN,1999.0,1.28,4801.95949584162,63.9345437336226,
Hungary,HUN,2000.0,1.32,4629.91760812548,64.2602344392211,41.78
Hungary,HUN,2001.0,1.31,5280.94887987063,64.646880283041,47.58
Hungary,HUN,2002.0,1.3,6658.04494326809,65.0400009155273,53.754
Hungary,HUN,2003.0,1.27,8410.09248198479,64.8452987670898,63.471
Hungary,HUN,2004.0,1.28,10291.2694721409,65.0225372314453,71.922
Hungary,HUN,2005.0,1.31,11212.2046968994,66.1261367797852,77.384
Hungary,HUN,2006.0,1.34,11478.4891640501,67.0155868530273,78.926
Hungary,HUN,2007.0,1.32,13934.605460375,67.0041656494141,78.541
Hungary,HUN,2008.0,1.35,15762.6322515113,68.0976986078883,75.54
Hungary,HUN,2009.0,1.32,13051.1831777184,68.4592590332031,71.882
Hungary,HUN,2010.0,1.25,13189.8433874768,69.5305480957031,70.18
Hungary,HUN,2011.0,1.23,14211.460557822,69.4779934082031,68.634
Hungary,HUN,2012.0,1.34,12950.1594488143,69.5772326660156,69.269
Hungary,HUN,2013.0,1.36,13739.4620151401,69.9277636266638,64.876
Hungary,HUN,2014.0,1.45,14352.501883174,70.3071053512008,59.89
Hungary,HUN,2015.0,1.46,12782.9412577973,70.4847717285156,56.111
Hungary,HUN,2016.0,1.55,13215.8605277789,70.4733810424805,55.264
Hungary,HUN,2017.0,1.56,14736.1668157258,70.4542541503906,55.708
Hungary,HUN,2018.0,1.57,16605.0570511887,70.4711761474609,56.463
Hungary,HUN,2019.0,1.58,17012.8598553199,70.4565277099609,58.281
Hungary,HUN,2020.0,1.61,16386.9308821258,70.2917327880859,60.913
Hungary,HUN,2021.0,1.63,19030.628130329,70.2059275331413,63.012
Hungary,HUN,2022.0,1.57,18428.028825614,70.1585064243445,65.191
Hungary,HUN,2023.0,1.55,22230.6277875187,70.2923026891431,63.153
Hungary,HUN,2024.0,1.41,23292.3263882478,70.491825943218,
Iceland,ISL,1990.0,2.3,26272.2452156659,90.6059112548828,
Iceland,ISL,1991.0,2.18,27739.8886025504,90.9010925292969,
Iceland,ISL,1992.0,2.21,28072.4041083276,91.145637512207,
Iceland,ISL,1993.0,2.22,24404.0275812365,91.296257019043,
Iceland,ISL,1994.0,2.14,24858.2031335605,91.4494400024414,
Iceland,ISL,1995.0,2.08,27564.569102386,91.6399917602539,
Iceland,ISL,1996.0,2.12,28583.5208959793,91.8401641845703,
Iceland,ISL,1997.0,2.04,28461.7664095122,92.0188980102539,
Iceland,ISL,1998.0,2.05,31519.1647473126,91.6760097262822,
Iceland,ISL,1999.0,1.99,32834.4215745364,91.8121341861987,
Iceland,ISL,2000.0,2.08,32503.578963236,91.9674192031642,57.427
Iceland,ISL,2001.0,1.95,29208.1981853568,92.0452304560359,59.349
Iceland,ISL,2002.0,1.93,32749.379004627,92.1674022598912,67.051
Iceland,ISL,2003.0,1.99,39944.2104095591,92.3235559316863,77.648
Iceland,ISL,2004.0,2.04,47809.6073050042,92.4377293375354,87.37
Iceland,ISL,2005.0,2.05,57783.7745608117,92.377441015064,92.581
Iceland,ISL,2006.0,2.08,58172.1426656622,92.1949009038813,95.515
Iceland,ISL,2007.0,2.09,70483.0117228535,92.3614571703229,95.493
Iceland,ISL,2008.0,2.15,57489.3399795216,93.0646442174216,97.215
Iceland,ISL,2009.0,2.23,41483.7843682814,93.4441340553707,95.311
Iceland,ISL,2010.0,2.2,43776.4677400475,93.4588348107886,100.907
Iceland,ISL,2011.0,2.02,48254.953927254,93.41106112427,101.638
Iceland,ISL,2012.0,2.04,46594.9869146614,93.514892578125,102.001
Iceland,ISL,2013.0,1.93,50173.3360061057,93.6166725158692,100.533
Iceland,ISL,2014.0,1.93,55140.364935793,93.6196716315805,102.805
Iceland,ISL,2015.0,1.8,53505.6964079339,93.727919768566,97.985
Iceland,ISL,2016.0,1.74,62854.0906407932,93.7822647094726,97.982
Iceland,ISL,2017.0,1.71,72976.3729990975,93.7718982310092,94.005
Iceland,ISL,2018.0,1.71,75633.8651351915,93.8526667025487,91.517
Iceland,ISL,2019.0,1.74,69296.3144361601,93.9770847416131,94.997
Iceland,ISL,2020.0,1.72,60127.9393575616,94.1367102874722,100.032
Iceland,ISL,2021.0,1.82,70425.4064277273,94.2108206403841,116.91
Iceland,ISL,2022.0,1.589,76350.4550416502,94.1787071228028,114.626
Iceland,ISL,2023.0,1.55,82138.7892973557,94.1518261784801,104.203
Iceland,ISL,2024.0,1.56,86040.5309851288,94.1819039916522,
India,IND,1990.0,4.045,371.085936203765,25.5784017345035,
India,IND,1991.0,3.959,305.574055928592,25.7797610905819,
India,IND,1992.0,3.877,319.182472626315,25.9808576702657,
India,IND,1993.0,3.799,302.884806246174,26.1767814681192,
India,IND,1994.0,3.723,347.73421473994,26.3710188638872,
India,IND,1995.0,3.651,375.17600537305,26.5661772139368,
India,IND,1996.0,3.582,401.046754673579,26.7648638746349,
India,IND,1997.0,3.514,416.228116203753,26.9696862023486,
India,IND,1998.0,3.446,413.630864056851,27.1832515534447,
India,IND,1999.0,3.383,441.927991436397,27.4081672842903,
India,IND,2000.0,3.35,442.750218937263,27.6470407512523,7.835
India,IND,2001.0,3.303,450.357900514128,27.9028652096636,8.088
India,IND,2002.0,3.217,469.149928973927,28.1756878910456,8.615
India,IND,2003.0,3.122,544.143133545002,28.4660287698,8.87
India,IND,2004.0,3.046,624.258826510066,28.7726067228528,9.078
India,IND,2005.0,2.958,710.488080408949,29.0945497159107,9.147
India,IND,2006.0,2.867,801.668353659022,29.4309857146804,9.958
India,IND,2007.0,2.775,1021.88707706826,29.7810426848684,11.144
India,IND,2008.0,2.711,992.519584923828,30.1438485921815,
India,IND,2009.0,2.674,1094.94974598436,30.5185314023263,13.678
India,IND,2010.0,2.598,1347.51939071367,30.9042190810094,15.484
India,IND,2011.0,2.532,1445.46127486037,31.2746502853309,20.181
India,IND,2012.0,2.47,1429.32199520032,31.5898935604399,22.846
India,IND,2013.0,2.399,1432.84397512195,31.9096789235237,23.13
India,IND,2014.0,2.293,1553.88396075118,32.2288233408821,25.312
India,IND,2015.0,2.289,1583.99815907985,32.5472990022299,26.708
India,IND,2016.0,2.284,1707.50892912243,32.8650780972823,26.916
India,IND,2017.0,2.193,1950.10468280866,33.1821328157539,27.947
India,IND,2018.0,2.184,1966.25455171679,33.4984353473598,28.969
India,IND,2019.0,2.12,2041.42863698585,33.8139578818147,30.041
India,IND,2020.0,2.047,1907.04251637669,34.1286726088333,30.981
India,IND,2021.0,2.014,2239.61384367482,34.4425517181304,32.117
India,IND,2022.0,1.994,2347.44829434623,34.7555673994206,33.027
India,IND,2023.0,1.975,2530.12031278204,35.0676918424186,34.998
India,IND,2024.0,1.962,2694.73780859961,35.3788972368389,35.411
Indonesia,IDN,1990.0,3.114,578.420121135382,30.5945178088725,
Indonesia,IDN,1991.0,3.058,624.387495384411,31.5991952251753,
Indonesia,IDN,1992.0,2.95,673.67103954742,32.6914992355049,
Indonesia,IDN,1993.0,2.9,817.395116417856,33.8555422228307,7.429
Indonesia,IDN,1994.0,2.851,899.793982949817,35.0672005338812,
Indonesia,IDN,1995.0,2.809,1011.22614205568,36.3023505153847,8.741
Indonesia,IDN,1996.0,2.782,1118.92133024129,37.5368685140699,8.12
Indonesia,IDN,1997.0,2.742,1044.60674832472,38.746630876665,
Indonesia,IDN,1998.0,2.66,454.877800792123,39.9075139498987,
Indonesia,IDN,1999.0,2.568,657.268934667018,40.9953940804992,13.395
Indonesia,IDN,2000.0,2.503,763.711124950924,41.9861540600656,13.949
Indonesia,IDN,2001.0,2.466,732.307093405708,42.9018895186157,12.296
Indonesia,IDN,2002.0,2.436,881.002913569131,43.7824069030376,13.718
Indonesia,IDN,2003.0,2.41,1043.2105838671,44.6301761521872,14.11
Indonesia,IDN,2004.0,2.415,1126.84004447173,45.4476736441888,14.463
Indonesia,IDN,2005.0,2.452,1238.21447629488,46.2373757571669,
Indonesia,IDN,2006.0,2.457,1558.31562847163,47.0017588692457,16.203
Indonesia,IDN,2007.0,2.476,1823.21976255073,47.7432993585496,17.736
Indonesia,IDN,2008.0,2.44,2124.55483920618,48.4644736032029,19.937
Indonesia,IDN,2009.0,2.442,2218.48541852977,49.16775798133,22.541
Indonesia,IDN,2010.0,2.462,3065.68348377765,49.8521375148888,22.402
Indonesia,IDN,2011.0,2.515,3579.46442466152,50.4830017089844,23.662
Indonesia,IDN,2012.0,2.514,3632.27254030331,51.1593933105469,30.281
Indonesia,IDN,2013.0,2.441,3566.60284506078,51.8307495117188,32.056
Indonesia,IDN,2014.0,2.393,3441.06808464008,52.5002136230469,32.113
Indonesia,IDN,2015.0,2.346,3288.22269725538,53.1720771789551,34.522
Indonesia,IDN,2016.0,2.311,3521.46943457574,53.812557220459,37.26
Indonesia,IDN,2017.0,2.253,3798.88326174526,54.4541015625,38.595
Indonesia,IDN,2018.0,2.219,3860.95353090726,55.0956840515137,38.866
Indonesia,IDN,2019.0,2.205,4106.94856160358,55.7382049560547,39.524
Indonesia,IDN,2020.0,2.189,3853.70288774146,56.2785287648768,40.894
Indonesia,IDN,2021.0,2.166,4287.17313995098,56.8761702464027,44.046
Indonesia,IDN,2022.0,2.149,4730.83484836107,57.4934704226599,46.611
Indonesia,IDN,2023.0,2.127,4876.30774512252,58.1179353397878,49.89
Indonesia,IDN,2024.0,2.115,4925.43048751861,58.7509635387997,
"Iran, Islamic Rep.",IRN,1990.0,4.934,2137.94222739877,56.4611129760742,
"Iran, Islamic Rep.",IRN,1991.0,4.568,2194.43906803657,56.8992834183695,
"Iran, Islamic Rep.",IRN,1992.0,4.099,1957.48507794252,57.850040435791,
"Iran, Islamic Rep.",IRN,1993.0,3.674,1038.10985682067,58.6953926086426,
"Iran, Islamic Rep.",IRN,1994.0,3.244,1167.76272513795,59.553092956543,
"Iran, Islamic Rep.",IRN,1995.0,2.852,1550.0095955025,60.42333984375,
"Iran, Islamic Rep.",IRN,1996.0,2.542,1914.78121294313,61.0621868466265,14.376
"Iran, Islamic Rep.",IRN,1997.0,2.323,1790.06617575598,62.1140785217285,
"Iran, Islamic Rep.",IRN,1998.0,2.19,1709.19334096046,62.9052391052246,
"Iran, Islamic Rep.",IRN,1999.0,2.089,1739.59462001458,63.7097473144531,16.638
"Iran, Islamic Rep.",IRN,2000.0,1.999,1650.01385833785,64.4780120849609,17.231
"Iran, Islamic Rep.",IRN,2001.0,1.918,1881.02266635283,65.2168655395508,18.621
"Iran, Islamic Rep.",IRN,2002.0,1.836,1891.25756091033,65.9271621704102,17.993
"Iran, Islamic Rep.",IRN,2003.0,1.801,2208.99636552406,66.6049270629883,19.719
"Iran, Islamic Rep.",IRN,2004.0,1.78,2672.4226651404,67.2567367553711,22.09
"Iran, Islamic Rep.",IRN,2005.0,1.756,3132.0508192007,67.8708801269531,23.386
"Iran, Islamic Rep.",IRN,2006.0,1.755,3618.91601364428,68.3101850492144,26.512
"Iran, Islamic Rep.",IRN,2007.0,1.748,4687.99166260718,68.806189933608,31.895
"Iran, Islamic Rep.",IRN,2008.0,1.743,5377.4115072957,69.3790072996746,39.141
"Iran, Islamic Rep.",IRN,2009.0,1.74,5415.52280553446,69.99007683587,38.013
"Iran, Islamic Rep.",IRN,2010.0,1.749,6291.19443655454,70.6092626774386,42.951
"Iran, Islamic Rep.",IRN,2011.0,1.792,8025.68743364356,71.204050944517,48.449
"Iran, Islamic Rep.",IRN,2012.0,1.851,8114.08099831877,71.7633634041294,54.508
"Iran, Islamic Rep.",IRN,2013.0,1.913,6222.74194840326,72.3030873515412,55.527
"Iran, Islamic Rep.",IRN,2014.0,1.975,5672.06372896319,72.8324070385223,62.309
"Iran, Islamic Rep.",IRN,2015.0,2.017,4952.73355532178,73.3561403575949,66.245
"Iran, Islamic Rep.",IRN,2016.0,2.054,5710.59947089104,73.8796100096595,63.895
"Iran, Islamic Rep.",IRN,2017.0,2.023,6000.93346404409,74.4011840820312,62.249
"Iran, Islamic Rep.",IRN,2018.0,1.919,4783.01067340237,74.8034286499023,57.957
"Iran, Islamic Rep.",IRN,2019.0,1.766,3997.4935449585,75.2038879394531,56.543
"Iran, Islamic Rep.",IRN,2020.0,1.7,3202.50003502169,75.5986404418945,55.302
"Iran, Islamic Rep.",IRN,2021.0,1.709,4605.14881318992,75.9926376342773,54.933
"Iran, Islamic Rep.",IRN,2022.0,1.704,4721.20437099984,76.3342208862305,59.12
"Iran, Islamic Rep.",IRN,2023.0,1.695,5049.29931642754,76.6759567260742,
"Iran, Islamic Rep.",IRN,2024.0,1.684,5190.16959024821,77.0201263427734,
Iraq,IRQ,1990.0,5.929,10261.4157706888,69.7197319066576,
Iraq,IRQ,1991.0,5.833,22.9521327615352,69.3644144079145,
Iraq,IRQ,1992.0,5.718,30.2539012636825,68.9665827373411,
Iraq,IRQ,1993.0,5.609,53.7437842348819,68.559023536089,
Iraq,IRQ,1994.0,5.488,198.182101881974,68.1745234453098,
Iraq,IRQ,1995.0,5.36,619.135530927038,67.845869106155,
Iraq,IRQ,1996.0,5.249,485.258492784825,67.6058471597764,
Iraq,IRQ,1997.0,5.194,936.341170908421,67.4895351063262,
Iraq,IRQ,1998.0,5.112,900.937142559106,67.4917273345237,
Iraq,IRQ,1999.0,5.035,1560.36466710272,67.5442299364519,8.064
Iraq,IRQ,2000.0,4.92,1980.18916038782,67.6331913847871,8.33
Iraq,IRQ,2001.0,4.799,1435.695683789,67.751941516652,
Iraq,IRQ,2002.0,4.668,1266.15961275094,67.8938101691696,8.724
Iraq,IRQ,2003.0,4.581,817.887862499622,68.0521271794625,
Iraq,IRQ,2004.0,4.527,1328.37157628292,68.2202223846538,11.396
Iraq,IRQ,2005.0,4.446,1762.39360423421,68.391425621866,11.425
Iraq,IRQ,2006.0,4.459,2276.55435744086,68.5590667282222,
Iraq,IRQ,2007.0,4.404,3128.99010329066,68.716475540845,
Iraq,IRQ,2008.0,4.373,4542.96609046032,68.8569818968574,
Iraq,IRQ,2009.0,4.378,3714.71205987194,68.9742328505284,
Iraq,IRQ,2010.0,4.457,4461.75196161555,69.0582953378474,
Iraq,IRQ,2011.0,4.588,5775.54229080293,69.1252233869916,
Iraq,IRQ,2012.0,4.544,6477.59618450955,69.2222213745117,
Iraq,IRQ,2013.0,4.441,6650.35282247395,69.444450378418,
Iraq,IRQ,2014.0,4.31,6249.39226978969,69.6666641235352,
Iraq,IRQ,2015.0,4.08,4440.14189252367,69.920524597168,
Iraq,IRQ,2016.0,3.843,4334.42096404188,69.9123778259643,
Iraq,IRQ,2017.0,3.64,4759.2846435467,69.8944511190753,
Iraq,IRQ,2018.0,3.547,5646.68932074742,69.8765148865842,
Iraq,IRQ,2019.0,3.48,5671.8568632942,69.8683395385742,
Iraq,IRQ,2020.0,3.419,4295.18945121228,69.8683166503906,
Iraq,IRQ,2021.0,3.358,4868.49431080783,69.8682708740234,
Iraq,IRQ,2022.0,3.294,6520.73154560584,69.8682861328125,
Iraq,IRQ,2023.0,3.249,5965.31835077761,69.868278503418,
Iraq,IRQ,2024.0,3.221,6073.61032342708,69.8861494108913,
Ireland,IRL,1990.0,2.11,14031.3025675469,56.9095941132045,
Ireland,IRL,1991.0,2.08,14087.2074393708,57.0615580637211,
Ireland,IRL,1992.0,1.99,15714.3847487231,57.2482078114213,
Ireland,IRL,1993.0,1.9,14657.0615549805,57.4647494894716,
Ireland,IRL,1994.0,1.85,15902.9296755168,57.6989865369237,
Ireland,IRL,1995.0,1.84,19158.4564773907,57.9391944274763,
Ireland,IRL,1996.0,1.88,20835.8977130847,58.1743161677665,
Ireland,IRL,1997.0,1.93,22551.1139134126,58.4058211904851,
Ireland,IRL,1998.0,1.94,24294.8547674007,58.6407683900153,
Ireland,IRL,1999.0,1.9,26338.1077543817,58.8800098607384,
Ireland,IRL,2000.0,1.89,26334.5672050501,59.1247997891425,54.255
Ireland,IRL,2001.0,1.94,28282.409882073,59.3763923617156,56.067
Ireland,IRL,2002.0,1.97,32705.4345565698,59.6367259990731,59.798
Ireland,IRL,2003.0,1.96,41203.5295847568,59.9120142632573,62.825
Ireland,IRL,2004.0,1.93,47754.2023194244,60.1994750854288,65.535
Ireland,IRL,2005.0,1.86,50933.0216095589,60.4882988006461,65.311
Ireland,IRL,2006.0,1.91,54329.1618599624,60.7703677431593,65.22
Ireland,IRL,2007.0,2.01,61396.417461176,61.0601979374234,65.085
Ireland,IRL,2008.0,2.06,61353.1065629523,61.3581903884996,58.685
Ireland,IRL,2009.0,2.06,52133.0906162544,61.6421022728798,60.387
Ireland,IRL,2010.0,2.05,48623.9666422487,61.8910689348512,65.414
Ireland,IRL,2011.0,2.03,52613.8540355689,62.0872735820277,70.455
Ireland,IRL,2012.0,1.98,49335.8408099555,62.2529318511038,70.178
Ireland,IRL,2013.0,1.93,52537.6108648692,62.4047157756118,73.449
Ireland,IRL,2014.0,1.89,57214.5379785709,62.535401730577,75.859
Ireland,IRL,2015.0,1.85,64250.1385181257,62.6392123492764,80.581
Ireland,IRL,2016.0,1.81,64129.5571542383,62.7229399123734,81.564
Ireland,IRL,2017.0,1.76,72161.4047531385,62.9035196521232,81.997
Ireland,IRL,2018.0,1.74,80804.1123164826,63.0844503476779,82.06
Ireland,IRL,2019.0,1.69,81827.6688873996,63.2737009154127,80.697
Ireland,IRL,2020.0,1.6,86514.0706108754,63.4713366724915,80.756
Ireland,IRL,2021.0,1.72,103783.446284479,63.6774229356985,85.98
Ireland,IRL,2022.0,1.51,105190.685952731,63.8920250215059,84.439
Ireland,IRL,2023.0,1.5,106818.917130804,64.1152082461268,
Ireland,IRL,2024.0,1.47,112894.953240805,64.3470379255585,
Isle of Man,IMN,1990.0,1.959,11049.8949396235,51.7020197044612,
Isle of Man,IMN,1991.0,1.978,11768.1058977186,51.7473739470826,
Isle of Man,IMN,1992.0,1.974,12150.8545456352,51.7602299893162,
Isle of Man,IMN,1993.0,1.946,10818.5139663414,51.7698301376695,
Isle of Man,IMN,1994.0,1.915,11708.2857474351,51.7771247581586,
Isle of Man,IMN,1995.0,1.923,12896.5252829716,51.7838845879791,
Isle of Man,IMN,1996.0,1.931,13979.8454930411,51.7918815779566,
Isle of Man,IMN,1997.0,1.926,16160.7112518361,51.8018367218248,
Isle of Man,IMN,1998.0,1.901,18753.1202301034,51.8123361086376,
Isle of Man,IMN,1999.0,1.858,21042.1461816648,51.821658247347,
Isle of Man,IMN,2000.0,1.866,21161.3963073772,51.8280887588444,
Isle of Man,IMN,2001.0,1.87,21819.7123825606,51.8267726358515,
Isle of Man,IMN,2002.0,1.863,24471.0798814847,51.7294050812584,
Isle of Man,IMN,2003.0,1.84,28861.6178062918,51.5389094585101,
Isle of Man,IMN,2004.0,1.826,35564.6023910146,51.3260536002657,
Isle of Man,IMN,2005.0,1.863,38135.8597885858,51.1608382095573,
Isle of Man,IMN,2006.0,1.905,42627.5089352891,51.1148712415781,
Isle of Man,IMN,2007.0,1.927,55040.2437046236,51.2353481079414,
Isle of Man,IMN,2008.0,1.941,72276.7741329461,51.4683663096054,
Isle of Man,IMN,2009.0,1.937,66156.105656847,51.7305375428215,
Isle of Man,IMN,2010.0,1.928,70587.3140283741,51.9396170300917,
Isle of Man,IMN,2011.0,1.903,77808.8579649376,52.0246324097527,
Isle of Man,IMN,2012.0,1.864,79329.2034347434,52.0555317322629,
Isle of Man,IMN,2013.0,1.824,83207.6588430451,52.0804107092926,
Isle of Man,IMN,2014.0,1.79,91885.4528718026,52.0997913403899,
Isle of Man,IMN,2015.0,1.748,84753.5187422732,52.1164840474526,
Isle of Man,IMN,2016.0,1.713,82025.9454509241,52.1331532169475,
Isle of Man,IMN,2017.0,1.674,83481.3038489014,52.1498415744309,
Isle of Man,IMN,2018.0,1.636,89393.8244248812,52.1651893864538,
Isle of Man,IMN,2019.0,1.606,87127.5517977404,52.1789898247578,
Isle of Man,IMN,2020.0,1.585,79513.5330346598,52.1909519786866,
Isle of Man,IMN,2021.0,1.569,94299.969348965,52.1999559660634,
Isle of Man,IMN,2022.0,1.556,88328.548125887,52.1955609162662,
Isle of Man,IMN,2023.0,1.548,,52.1832571730182,
Isle of Man,IMN,2024.0,1.544,,52.1633405796294,
Israel,ISR,1990.0,2.824,13308.311060238,90.4366156363544,
Israel,ISR,1991.0,2.762,14346.0810278646,90.5255108272659,
Israel,ISR,1992.0,2.7,15509.9913638817,90.6099902925991,
Israel,ISR,1993.0,2.8,15178.8399875391,90.6914856329246,
Israel,ISR,1994.0,2.9,16806.8353081322,90.7714284488131,
Israel,ISR,1995.0,2.9,19025.6840502517,90.8511786571744,
Israel,ISR,1996.0,2.9,20224.2789080629,90.9329267580104,
Israel,ISR,1997.0,2.94,20469.4699017497,91.0183078868813,
Israel,ISR,1998.0,2.98,20188.8141481667,91.1059081529216,
Israel,ISR,1999.0,2.965,19823.2138876277,91.1940273629403,
Israel,ISR,2000.0,2.95,21706.5194056329,91.2809653237465,56.419
Israel,ISR,2001.0,2.92,20966.3052667971,91.365021842149,58.357
Israel,ISR,2002.0,2.89,19076.4584298321,91.4444967249569,63.3
Israel,ISR,2003.0,2.95,19643.4690380742,91.5176897789793,62.012
Israel,ISR,2004.0,2.9,20568.0694088834,91.5829008110251,61.513
Israel,ISR,2005.0,2.84,21286.8388636595,91.6384296279033,62.869
Israel,ISR,2006.0,2.88,22527.2619795719,91.6825760364229,61.135
Israel,ISR,2007.0,2.9,25721.2594077311,91.713639843393,65.138
Israel,ISR,2008.0,2.96,30269.217773489,91.7292868898136,64.095
Israel,ISR,2009.0,2.96,28508.4938886475,91.7319738585748,67.081
Israel,ISR,2010.0,3.03,31439.0887027614,91.7316426703946,70.16
Israel,ISR,2011.0,2.98,34522.5215979073,91.7304024673781,70.811
Israel,ISR,2012.0,3.05,33321.4300881602,91.7276502819515,72.55
Israel,ISR,2013.0,3.03,37034.3161080785,91.7227831465406,71.328
Israel,ISR,2014.0,3.08,38343.3046626235,91.7151980935716,71.263
Israel,ISR,2015.0,3.09,36213.1041481958,91.7042921554705,70.614
Israel,ISR,2016.0,3.11,37671.5389138798,91.6894623646632,70.459
Israel,ISR,2017.0,3.11,41138.470964272,91.6701057535759,69.006
Israel,ISR,2018.0,3.09,42362.6652754196,91.6456193546346,67.357
Israel,ISR,2019.0,3.01,44250.6313628073,91.6154002002652,66.964
Israel,ISR,2020.0,2.9,44575.5719045492,91.5788453228939,67.069
Israel,ISR,2021.0,3.0,52270.9040241956,91.5353517549466,70.012
Israel,ISR,2022.0,2.89,54949.621556429,91.4979834273327,68.166
Israel,ISR,2023.0,2.85,52003.7200729997,91.5089569794505,65.711
Israel,ISR,2024.0,2.87,54176.6844383302,91.536188843818,
Italy,ITA,1990.0,1.33,20873.7834092719,66.709368079219,
Italy,ITA,1991.0,1.3,22007.1350964074,66.7007288477386,
Italy,ITA,1992.0,1.3,23297.0460325456,66.7046939025797,
Italy,ITA,1993.0,1.25,18781.9529427137,66.7268353013949,
Italy,ITA,1994.0,1.21,19382.2002150155,66.7649491303665,
Italy,ITA,1995.0,1.19,20712.1798690324,66.8166099473719,
Italy,ITA,1996.0,1.2,23122.9337219116,66.8793923102889,
Italy,ITA,1997.0,1.22,21883.9872666651,66.950870776995,
Italy,ITA,1998.0,1.22,22365.1837644545,67.0286199053679,
Italy,ITA,1999.0,1.23,22049.9990620261,67.1102142532851,
Italy,ITA,2000.0,1.26,20190.0035636084,67.1932283786243,56.742
Italy,ITA,2001.0,1.25,20570.4385917862,67.27519882288,60.903
Italy,ITA,2002.0,1.27,22451.3964379368,67.3538786566538,64.526
Italy,ITA,2003.0,1.29,27577.5700319855,67.4299414611787,68.763
Italy,ITA,2004.0,1.34,31348.1901841445,67.5072499739908,72.696
Italy,ITA,2005.0,1.33,32062.723833669,67.5897169318419,75.5
Italy,ITA,2006.0,1.37,33537.1286994269,67.6812550714834,78.234
Italy,ITA,2007.0,1.39,37826.1754554823,67.7857771296669,80.49
Italy,ITA,2008.0,1.44,40828.5795580937,67.9071958431441,79.283
Italy,ITA,2009.0,1.44,37099.6133958219,68.0494239486665,78.974
Italy,ITA,2010.0,1.44,35856.8625485539,68.2163741829857,77.125
Italy,ITA,2011.0,1.42,38432.3742820019,68.4015073889511,75.859
Italy,ITA,2012.0,1.42,34854.3949441965,68.7608794235259,73.474
Italy,ITA,2013.0,1.39,35701.6746002376,69.3073989916076,71.291
Italy,ITA,2014.0,1.38,36028.3494022349,69.5807638614879,71.015
Italy,ITA,2015.0,1.36,30639.8829751432,69.6100006103516,70.646
Italy,ITA,2016.0,1.36,31391.5692898108,69.5969232525286,70.904
Italy,ITA,2017.0,1.34,32844.115660604,69.5180784259382,72.5
Italy,ITA,2018.0,1.31,34904.1081923834,69.4800033569336,75.069
Italy,ITA,2019.0,1.27,33812.788724868,69.5050010681153,76.772
Italy,ITA,2020.0,1.24,32091.4866621366,69.5187492370606,80.604
Italy,ITA,2021.0,1.25,36852.5425414951,69.4812507629394,83.611
Italy,ITA,2022.0,1.24,35653.9042103495,69.4839779766539,87.049
Italy,ITA,2023.0,1.21,39277.0838783918,69.5381540123301,89.55
Italy,ITA,2024.0,1.18,40385.3413957669,69.6047535143071,
Jamaica,JAM,1990.0,2.955,1929.59891905857,49.4494361378472,
Jamaica,JAM,1991.0,2.997,1710.30058243722,49.6585107146052,
Jamaica,JAM,1992.0,3.026,1458.10146892635,49.8793624099619,
Jamaica,JAM,1993.0,2.987,2220.51518327186,50.1051175348913,
Jamaica,JAM,1994.0,2.93,2202.85831038471,50.3347875926727,
Jamaica,JAM,1995.0,2.851,2630.84935382822,50.5669713966556,
Jamaica,JAM,1996.0,2.77,2928.89692611996,50.8002677601895,
Jamaica,JAM,1997.0,2.677,3296.91634805083,51.0332754966239,
Jamaica,JAM,1998.0,2.574,3419.49352868739,51.2645934193083,
Jamaica,JAM,1999.0,2.465,3431.56813468335,51.4928203415923,
Jamaica,JAM,2000.0,2.345,3453.09252800226,51.7165550768252,18.322
Jamaica,JAM,2001.0,2.296,3503.55026688858,51.934190578424,21.81
Jamaica,JAM,2002.0,2.271,3680.64551727724,52.1467222312645,23.573
Jamaica,JAM,2003.0,2.244,3549.70758394618,52.3564891419558,
Jamaica,JAM,2004.0,2.198,3807.56293124552,52.5637655955662,
Jamaica,JAM,2005.0,2.148,4184.43974867497,52.7685237926234,
Jamaica,JAM,2006.0,2.089,4417.00127135363,52.9707359336549,
Jamaica,JAM,2007.0,2.023,4716.48612542727,53.1703742191887,
Jamaica,JAM,2008.0,1.953,5029.80095281745,53.3674108497524,31.178
Jamaica,JAM,2009.0,1.879,4428.38153333557,53.5618180258738,31.156
Jamaica,JAM,2010.0,1.799,4809.977380312,53.7535679480806,35.467
Jamaica,JAM,2011.0,1.717,5232.63644918132,53.956586109128,34.78
Jamaica,JAM,2012.0,1.648,5340.83333232158,54.2478817703732,36.53
Jamaica,JAM,2013.0,1.591,5124.21301411137,54.548819811983,35.842
Jamaica,JAM,2014.0,1.544,4975.11325459872,54.8660395670395,
Jamaica,JAM,2015.0,1.508,5339.30718256806,55.1995248014924,33.415
Jamaica,JAM,2016.0,1.464,5302.29553353854,55.549259277615,
Jamaica,JAM,2017.0,1.428,5605.43541173019,55.9152267548307,
Jamaica,JAM,2018.0,1.4,5976.90362644337,56.297410990325,
Jamaica,JAM,2019.0,1.39,6030.68896415921,56.6957957395074,
Jamaica,JAM,2020.0,1.383,5299.04530804283,57.1103647563627,
Jamaica,JAM,2021.0,1.378,5625.67806271236,57.5411017937226,
Jamaica,JAM,2022.0,1.372,6626.47502388538,57.9879906034775,
Jamaica,JAM,2023.0,1.358,7542.40084275345,58.4510149367429,
Jamaica,JAM,2024.0,1.351,7753.8006955432,58.9301585439922,
Japan,JPN,1990.0,1.54,25801.3950393094,77.3404178010312,
Japan,JPN,1991.0,1.53,29428.4289039469,77.4744816932723,
Japan,JPN,1992.0,1.5,31992.7902119161,77.6108029675096,
Japan,JPN,1993.0,1.46,36345.2441262708,77.7480283183434,
Japan,JPN,1994.0,1.5,39933.5150564874,77.8843368177677,
Japan,JPN,1995.0,1.42,44197.6191013908,78.0190838015653,
Japan,JPN,1996.0,1.43,39150.0396308089,78.1374047267253,
Japan,JPN,1997.0,1.39,35638.2319556941,78.2318902291629,
Japan,JPN,1998.0,1.38,32423.7556133801,78.3266396189341,
Japan,JPN,1999.0,1.34,36610.1683163197,78.448341899402,
Japan,JPN,2000.0,1.36,39169.3595701504,78.6126803295375,
Japan,JPN,2001.0,1.33,34406.1824638092,79.1577482060887,
Japan,JPN,2002.0,1.32,32820.7936433254,80.5469860733981,
Japan,JPN,2003.0,1.29,35387.0374203599,82.4206778416671,
Japan,JPN,2004.0,1.29,38298.9801712303,84.3710541898905,
Japan,JPN,2005.0,1.26,37812.8950199948,85.9573620483714,
Japan,JPN,2006.0,1.32,35991.546002862,87.1460898958075,
Japan,JPN,2007.0,1.34,35779.0245416427,88.2701404492656,
Japan,JPN,2008.0,1.37,39876.3039685725,89.2921563808851,
Japan,JPN,2009.0,1.37,41308.9968370512,90.1131158718189,
Japan,JPN,2010.0,1.39,44968.1562349739,90.6228586840649,
Japan,JPN,2011.0,1.39,48760.0789494211,90.8631654434251,
Japan,JPN,2012.0,1.41,49145.2804308193,91.0265277326652,
Japan,JPN,2013.0,1.43,40898.6478964744,91.1516595654317,60.021
Japan,JPN,2014.0,1.42,38475.3952461838,91.2548945132333,60.461
Japan,JPN,2015.0,1.45,34960.6393843385,91.3532644103625,60.614
Japan,JPN,2016.0,1.44,39375.4731620781,91.4541254852142,61.608
Japan,JPN,2017.0,1.43,38834.0529341227,91.5498419685883,61.291
Japan,JPN,2018.0,1.42,39751.1330982711,91.6377318609728,61.296
Japan,JPN,2019.0,1.36,40415.9567649547,91.7164207898107,61.438
Japan,JPN,2020.0,1.33,40028.7341726762,91.7809926267889,61.584
Japan,JPN,2021.0,1.3,40094.5599795288,91.8741049279527,62.14
Japan,JPN,2022.0,1.26,34065.6438962526,91.9776532428406,63.753
Japan,JPN,2023.0,1.2,33836.1756271617,92.0826903891473,64.241
Japan,JPN,2024.0,1.15,32487.0778047567,92.1901718034531,
Jordan,JOR,1990.0,5.544,1148.59005469899,75.1493682468269,
Jordan,JOR,1991.0,5.33,1109.65564611997,76.2935259644948,
Jordan,JOR,1992.0,5.137,1286.6347360596,77.2093821104241,
Jordan,JOR,1993.0,4.972,1289.4145431007,77.8575009481257,
Jordan,JOR,1994.0,4.819,1367.18721776691,78.185706296847,
Jordan,JOR,1995.0,4.676,1415.71151592128,78.2491281447452,
Jordan,JOR,1996.0,4.508,1410.17424189419,78.260589791547,
Jordan,JOR,1997.0,4.318,1435.87593846863,78.2689390880147,
Jordan,JOR,1998.0,4.112,1532.11380395602,78.2751272220723,
Jordan,JOR,1999.0,3.971,1544.58750592979,78.280105381644,
Jordan,JOR,2000.0,3.864,1570.61002940477,78.2848247546539,
Jordan,JOR,2001.0,3.803,1632.29454010563,78.2902365290261,
Jordan,JOR,2002.0,3.805,1706.26744384401,78.2972918926847,34.405
Jordan,JOR,2003.0,3.816,1775.67625581432,78.3069420335538,40.1
Jordan,JOR,2004.0,3.729,1940.08641342805,78.3185350370311,45.162
Jordan,JOR,2005.0,3.653,2087.87079273635,78.412126230667,43.491
Jordan,JOR,2006.0,3.711,2342.63459574933,78.755612573541,42.589
Jordan,JOR,2007.0,3.797,2506.20599484139,79.3358270749644,43.27
Jordan,JOR,2008.0,3.876,3241.6524135556,80.1290966207551,46.281
Jordan,JOR,2009.0,3.841,3435.8337590698,81.1117480967305,47.016
Jordan,JOR,2010.0,3.78,3718.46571622945,82.2601083887084,42.87
Jordan,JOR,2011.0,3.69,3946.85503855525,83.5505043825064,42.986
Jordan,JOR,2012.0,3.568,4169.50470054618,84.9592629639423,50.481
Jordan,JOR,2013.0,3.449,4311.21916713038,86.4627110188335,
Jordan,JOR,2014.0,3.302,4191.18050084986,88.0371754329978,
Jordan,JOR,2015.0,3.141,4042.75678097555,89.8881391939133,41.177
Jordan,JOR,2016.0,3.072,3986.71677010853,90.56272794707,38.044
Jordan,JOR,2017.0,2.994,4065.61628749384,90.8764609714428,33.003
Jordan,JOR,2018.0,2.923,4145.43989673265,91.2008859099729,37.008
Jordan,JOR,2019.0,2.855,4170.1144003465,91.515966492507,35.173
Jordan,JOR,2020.0,2.791,4022.0401356135,91.8216722992319,35.968
Jordan,JOR,2021.0,2.735,4183.49998326866,92.117972910453,37.15
Jordan,JOR,2022.0,2.679,4332.25159897931,92.4048379066163,39.99
Jordan,JOR,2023.0,2.639,4466.08314208575,92.682236868336,40.409
Jordan,JOR,2024.0,2.604,4618.09592498567,92.9501393764286,43.605
Kazakhstan,KAZ,1990.0,2.745,1570.00883112591,57.2078573640742,
Kazakhstan,KAZ,1991.0,2.677,1442.42455540825,57.1542662389527,
Kazakhstan,KAZ,1992.0,2.584,1437.59848100913,57.0785089227206,
Kazakhstan,KAZ,1993.0,2.483,1355.13493859139,56.9840568701253,
Kazakhstan,KAZ,1994.0,2.378,1246.83633018218,56.8743815359144,35.798
Kazakhstan,KAZ,1995.0,2.253,1217.79138769863,56.7529543748356,36.209
Kazakhstan,KAZ,1996.0,2.084,1281.39152895397,56.6232468416365,31.675
Kazakhstan,KAZ,1997.0,1.97,1381.63593295187,56.4887303910647,
Kazakhstan,KAZ,1998.0,1.938,1414.59289652597,56.3528764778678,
Kazakhstan,KAZ,1999.0,1.902,1091.54727722159,56.2102542327601,25.409
Kazakhstan,KAZ,2000.0,1.898,1180.0444563226,56.0239607657944,32.774
Kazakhstan,KAZ,2001.0,1.906,1422.27331810957,55.7813717131331,
Kazakhstan,KAZ,2002.0,1.956,1573.55219932325,55.5045911261585,
Kazakhstan,KAZ,2003.0,2.075,1958.02050246511,55.2115277236592,
Kazakhstan,KAZ,2004.0,2.201,2722.47407755402,54.9200902244233,
Kazakhstan,KAZ,2005.0,2.274,3577.35804001782,54.6481873472392,
Kazakhstan,KAZ,2006.0,2.38,5030.13494711519,54.4137278108953,62.372
Kazakhstan,KAZ,2007.0,2.49,6449.43931096532,54.2346203341799,
Kazakhstan,KAZ,2008.0,2.616,8123.54705891736,54.1287736358813,
Kazakhstan,KAZ,2009.0,2.58,6938.01175663001,54.1167144748885,
Kazakhstan,KAZ,2010.0,2.61,8793.07589980782,54.2054127497102,52.216
Kazakhstan,KAZ,2011.0,2.605,11287.1464926039,54.3996086425518,56.106
Kazakhstan,KAZ,2012.0,2.64,12018.7966527993,54.69208192838,58.042
Kazakhstan,KAZ,2013.0,2.67,13478.459627612,55.0779764821252,50.314
Kazakhstan,KAZ,2014.0,2.76,12427.7094576939,55.5524361787178,56.244
Kazakhstan,KAZ,2015.0,2.755,10196.1226255982,56.1106048930882,53.382
Kazakhstan,KAZ,2016.0,2.795,7475.56688689424,56.7476265001667,49.98
Kazakhstan,KAZ,2017.0,2.745,8943.08416791984,57.4586448748837,54.937
Kazakhstan,KAZ,2018.0,2.845,9472.48527327758,58.2388038921695,56.863
Kazakhstan,KAZ,2019.0,2.89,9457.12614657136,59.0832474269546,62.866
Kazakhstan,KAZ,2020.0,3.13,8781.50797787648,59.9871193541692,67.965
Kazakhstan,KAZ,2021.0,3.32,9983.60103576902,61.030254280267,65.092
Kazakhstan,KAZ,2022.0,3.05,11255.3396437881,61.444157327248,63.155
Kazakhstan,KAZ,2023.0,3.012,12879.4275257974,61.7560919499181,59.931
Kazakhstan,KAZ,2024.0,2.984,14154.6324958076,62.072531584162,58.383
Kenya,KEN,1990.0,6.135,374.458992895562,18.1962956954221,
Kenya,KEN,1991.0,5.94,344.722642127742,18.2983212940893,
Kenya,KEN,1992.0,5.74,336.68139978696,18.3803510644475,
Kenya,KEN,1993.0,5.569,228.998032843434,18.4500145151536,
Kenya,KEN,1994.0,5.438,276.447871981244,18.5149411548647,
Kenya,KEN,1995.0,5.372,340.064842175429,18.5827604922377,
Kenya,KEN,1996.0,5.307,440.527078880876,18.6611020359295,
Kenya,KEN,1997.0,5.268,466.723814611399,18.7575952945971,
Kenya,KEN,1998.0,5.244,487.883239905452,18.8798697768976,
Kenya,KEN,1999.0,5.177,433.721235701305,19.0288523643308,
Kenya,KEN,2000.0,5.136,414.626365130846,19.4553832211834,1.981
Kenya,KEN,2001.0,5.094,410.700452474814,20.4416297068833,2.012
Kenya,KEN,2002.0,5.027,402.936385605382,21.8586568137501,2.007
Kenya,KEN,2003.0,4.937,442.898457253405,23.563889811899,
Kenya,KEN,2004.0,4.861,463.662781300121,25.4147539714454,2.221
Kenya,KEN,2005.0,4.801,523.456312433863,27.2686745625048,2.237
Kenya,KEN,2006.0,4.754,699.80237063381,28.9830768551925,
Kenya,KEN,2007.0,4.718,840.201439476765,30.4153861196239,
Kenya,KEN,2008.0,4.66,915.54435473604,31.4230276259143,
Kenya,KEN,2009.0,4.567,1047.9678324485,31.8603086707305,3.286
Kenya,KEN,2010.0,4.446,1091.51873101194,31.8713287706458,
Kenya,KEN,2011.0,4.284,1096.14499807675,31.8673949025409,
Kenya,KEN,2012.0,4.116,1285.00536171512,31.8558130142761,
Kenya,KEN,2013.0,3.955,1370.87885214659,31.8324454433988,
Kenya,KEN,2014.0,3.843,1482.81566253497,31.7931545274563,
Kenya,KEN,2015.0,3.766,1489.11959777284,31.7338026039958,7.628
Kenya,KEN,2016.0,3.689,1554.12610314423,31.6502520105647,9.452
Kenya,KEN,2017.0,3.609,1667.48447230835,31.5383650847102,9.879
Kenya,KEN,2018.0,3.536,1836.45275528993,31.3940041639796,
Kenya,KEN,2019.0,3.433,1960.40808854893,31.1895566421135,
Kenya,KEN,2020.0,3.364,1927.66459027849,31.2063494632616,
Kenya,KEN,2021.0,3.312,2061.35622089594,31.2879334021971,
Kenya,KEN,2022.0,3.262,2109.56288513137,31.4307820066946,
Kenya,KEN,2023.0,3.208,1942.58802756191,31.6330340816429,7.296
Kenya,KEN,2024.0,3.167,2132.43452097647,31.8937831721599,9.228
Kiribati,KIR,1990.0,4.668,488.067527876014,34.9862195296306,
Kiribati,KIR,1991.0,4.642,540.125861123481,35.2581279892105,
Kiribati,KIR,1992.0,4.568,791.99610105394,35.4883396105748,
Kiribati,KIR,1993.0,4.487,747.75302075115,35.7162203273478,
Kiribati,KIR,1994.0,4.442,837.971706204,35.9876137513594,
Kiribati,KIR,1995.0,4.419,844.429605862723,36.3333481846524,
Kiribati,KIR,1996.0,4.425,985.885941426854,37.0518305378991,
Kiribati,KIR,1997.0,4.368,953.162998384941,38.6030123331399,
Kiribati,KIR,1998.0,4.29,874.484349123221,40.5328905371864,
Kiribati,KIR,1999.0,4.185,887.496019475758,42.2976634213444,
Kiribati,KIR,2000.0,4.071,845.367240231973,43.3274808848011,
Kiribati,KIR,2001.0,3.957,718.833787096781,43.4777440627131,
Kiribati,KIR,2002.0,3.814,810.10870037444,43.4985457088421,
Kiribati,KIR,2003.0,3.702,1020.50033851394,43.510668313316,
Kiribati,KIR,2004.0,3.734,1083.2688987175,43.5238025326975,
Kiribati,KIR,2005.0,3.76,1161.78341739977,43.5443274444527,
Kiribati,KIR,2006.0,3.815,1123.19258990684,43.7349826427011,
Kiribati,KIR,2007.0,3.865,1352.57814048911,44.6212141757087,
Kiribati,KIR,2008.0,3.899,1410.62246914058,45.9461325515373,
Kiribati,KIR,2009.0,3.905,1316.62753853678,47.3510238975116,
Kiribati,KIR,2010.0,3.898,1522.10068744154,48.4603839564718,
Kiribati,KIR,2011.0,3.878,1771.12926848792,49.1228169536795,
Kiribati,KIR,2012.0,3.768,1843.55336349889,49.5800786695548,
Kiribati,KIR,2013.0,3.643,1772.08718317132,49.9687043258795,
Kiribati,KIR,2014.0,3.521,1736.70535682101,50.3909308922385,
Kiribati,KIR,2015.0,3.438,1639.85274740652,50.9541970402064,
Kiribati,KIR,2016.0,3.375,1742.66799324117,51.7710553002321,
Kiribati,KIR,2017.0,3.339,1853.05122713319,52.9734697275451,
Kiribati,KIR,2018.0,3.318,1912.73809378187,54.5004023142497,
Kiribati,KIR,2019.0,3.29,1750.9977188915,56.2846727145489,
Kiribati,KIR,2020.0,3.254,1751.78249168214,58.4123714112748,
Kiribati,KIR,2021.0,3.219,2222.04819501897,59.6364645301985,
Kiribati,KIR,2022.0,3.182,2069.7671726925,60.5739126559419,
Kiribati,KIR,2023.0,3.147,2177.70125812262,61.5244676194408,
Kiribati,KIR,2024.0,3.124,2288.63471423684,62.4620431275642,6.912
"Korea, Dem. People's Rep.",PRK,1990.0,2.388,,58.4355762737958,
"Korea, Dem. People's Rep.",PRK,1991.0,2.351,,58.6006169603097,
"Korea, Dem. People's Rep.",PRK,1992.0,2.287,,58.7491836666181,
"Korea, Dem. People's Rep.",PRK,1993.0,2.218,,58.8749864094298,
"Korea, Dem. People's Rep.",PRK,1994.0,2.183,,58.9804902802104,
"Korea, Dem. People's Rep.",PRK,1995.0,2.146,,59.0713546238722,
"Korea, Dem. People's Rep.",PRK,1996.0,2.093,,59.1528308821661,
"Korea, Dem. People's Rep.",PRK,1997.0,2.027,,59.2266583905269,
"Korea, Dem. People's Rep.",PRK,1998.0,1.991,,59.2945764843893,
"Korea, Dem. People's Rep.",PRK,1999.0,1.966,,59.358324499188,
"Korea, Dem. People's Rep.",PRK,2000.0,1.941,,59.4196417703576,
"Korea, Dem. People's Rep.",PRK,2001.0,1.94,,59.4802676333329,
"Korea, Dem. People's Rep.",PRK,2002.0,1.919,,59.5419414235486,
"Korea, Dem. People's Rep.",PRK,2003.0,1.909,,59.6064024764394,
"Korea, Dem. People's Rep.",PRK,2004.0,1.899,,59.6753901274401,
"Korea, Dem. People's Rep.",PRK,2005.0,1.872,,59.7506437119853,
"Korea, Dem. People's Rep.",PRK,2006.0,1.936,,59.8339025655097,
"Korea, Dem. People's Rep.",PRK,2007.0,1.943,,59.926906023448,
"Korea, Dem. People's Rep.",PRK,2008.0,1.97,,60.0310692203612,
"Korea, Dem. People's Rep.",PRK,2009.0,1.905,,60.1544414620403,20.126
"Korea, Dem. People's Rep.",PRK,2010.0,1.89,,60.307007469148,
"Korea, Dem. People's Rep.",PRK,2011.0,1.883,,60.4836230684404,
"Korea, Dem. People's Rep.",PRK,2012.0,1.882,,60.6781140779735,
"Korea, Dem. People's Rep.",PRK,2013.0,1.877,,60.8843063158034,
"Korea, Dem. People's Rep.",PRK,2014.0,1.874,,61.0940947540873,
"Korea, Dem. People's Rep.",PRK,2015.0,1.863,,61.3247571174501,19.766
"Korea, Dem. People's Rep.",PRK,2016.0,1.856,,61.5681351428803,
"Korea, Dem. People's Rep.",PRK,2017.0,1.848,,61.8206076091402,
"Korea, Dem. People's Rep.",PRK,2018.0,1.834,,62.0826119807623,17.956
"Korea, Dem. People's Rep.",PRK,2019.0,1.825,,62.3542226611578,
"Korea, Dem. People's Rep.",PRK,2020.0,1.821,,62.6355140538495,
"Korea, Dem. People's Rep.",PRK,2021.0,1.806,,62.926560562457,
"Korea, Dem. People's Rep.",PRK,2022.0,1.797,,63.2274365906829,
"Korea, Dem. People's Rep.",PRK,2023.0,1.78,,63.5382165423021,
"Korea, Dem. People's Rep.",PRK,2024.0,1.784,,63.8589748211522,
"Korea, Rep.",KOR,1990.0,1.57,6812.9019416767,73.9851161168568,
"Korea, Rep.",KOR,1991.0,1.71,7872.65052449111,75.1606018983188,
"Korea, Rep.",KOR,1992.0,1.76,8387.16308258471,76.1960694185519,
"Korea, Rep.",KOR,1993.0,1.654,9179.96872485152,77.1082857281795,
"Korea, Rep.",KOR,1994.0,1.656,10733.9888860657,77.8585649228147,
"Korea, Rep.",KOR,1995.0,1.634,13001.7205867019,78.400437187912,
"Korea, Rep.",KOR,1996.0,1.574,13864.9376534518,78.7508147919442,
"Korea, Rep.",KOR,1997.0,1.537,12821.6893313675,78.9918025094803,
"Korea, Rep.",KOR,1998.0,1.464,8583.43557499234,79.1812369650495,
"Korea, Rep.",KOR,1999.0,1.425,11062.5019301357,79.3623394908518,
"Korea, Rep.",KOR,2000.0,1.48,12710.2995795579,79.579960745642,54.804
"Korea, Rep.",KOR,2001.0,1.309,11981.4828218758,79.8787704357425,57.503
"Korea, Rep.",KOR,2002.0,1.178,13642.9424537101,80.2766294544335,60.807
"Korea, Rep.",KOR,2003.0,1.191,15211.5483770422,80.707793508044,64.133
"Korea, Rep.",KOR,2004.0,1.164,17121.6301633201,81.104386778171,69.049
"Korea, Rep.",KOR,2005.0,1.085,20167.0474902506,81.3901352283669,74.077
"Korea, Rep.",KOR,2006.0,1.132,22609.7059431449,81.566462110512,78.902
"Korea, Rep.",KOR,2007.0,1.259,25078.4853957105,81.712125801927,82.67
"Korea, Rep.",KOR,2008.0,1.192,22252.3125108061,81.8350833138518,84.2
"Korea, Rep.",KOR,2009.0,1.149,19937.3029137734,81.9245045084002,84.703
"Korea, Rep.",KOR,2010.0,1.226,24071.2620526362,81.9685075986486,85.183
"Korea, Rep.",KOR,2011.0,1.244,26175.2398553363,81.9615408086376,85.342
"Korea, Rep.",KOR,2012.0,1.297,26600.5477433903,81.9087898200378,83.89
"Korea, Rep.",KOR,2013.0,1.187,28449.3591104972,81.8269383502703,82.808
"Korea, Rep.",KOR,2014.0,1.205,30667.0912467447,81.7315682816954,81.655
"Korea, Rep.",KOR,2015.0,1.239,30171.7906545222,81.639489860678,81.904
"Korea, Rep.",KOR,2016.0,1.172,30832.0628072516,81.5559241797057,82.147
"Korea, Rep.",KOR,2017.0,1.052,33296.9845439195,81.471030429984,82.672
"Korea, Rep.",KOR,2018.0,0.977,35363.9508228687,81.3823523035196,83.133
"Korea, Rep.",KOR,2019.0,0.918,33826.9443301597,81.2901063535619,84.56
"Korea, Rep.",KOR,2020.0,0.837,33645.7719545073,81.1759595622913,87.705
"Korea, Rep.",KOR,2021.0,0.808,37518.4635305697,81.1616526507785,91.624
"Korea, Rep.",KOR,2022.0,0.778,34822.4048404971,81.1624941626873,94.495
"Korea, Rep.",KOR,2023.0,0.721,35674.095995632,81.1645551720421,99.219
"Korea, Rep.",KOR,2024.0,0.748,36238.639908315,81.1682528469686,
Kuwait,KWT,1990.0,3.487,10937.5415268808,97.9737836054336,16.745
Kuwait,KWT,1991.0,3.398,8147.10807329839,97.980345036988,
Kuwait,KWT,1992.0,3.353,12146.19505586,97.9889439981594,21.893
Kuwait,KWT,1993.0,3.313,14317.7209419057,98.0014588573446,21.148
Kuwait,KWT,1994.0,3.272,14929.7441110335,98.0197679829403,22.274
Kuwait,KWT,1995.0,3.248,16168.165602374,98.0496205617356,28.134
Kuwait,KWT,1996.0,3.223,18201.0958607918,98.1478003887634,29.598
Kuwait,KWT,1997.0,3.135,16977.3895620399,98.325317830217,28.718
Kuwait,KWT,1998.0,3.039,14066.9509572183,98.5480279188186,
Kuwait,KWT,1999.0,2.952,15853.6264423466,98.7836741452018,29.005
Kuwait,KWT,2000.0,2.887,19296.3471698729,99.0,
Kuwait,KWT,2001.0,2.839,17374.2318664227,99.2347539628831,27.368
Kuwait,KWT,2002.0,2.795,18512.7523035862,99.5090276880805,28.43
Kuwait,KWT,2003.0,2.771,22690.655175144,99.7655794280652,28.852
Kuwait,KWT,2004.0,2.762,27552.2827399787,99.94716743531,28.716
Kuwait,KWT,2005.0,2.731,36122.6142741227,100.0,
Kuwait,KWT,2006.0,2.589,42946.6374104066,100.0,
Kuwait,KWT,2007.0,2.412,45709.4132876371,100.0,
Kuwait,KWT,2008.0,2.266,55585.1889344442,100.0,
Kuwait,KWT,2009.0,2.155,37907.1001320042,100.0,
Kuwait,KWT,2010.0,2.044,39212.252220155,100.0,
Kuwait,KWT,2011.0,1.956,49169.6063813095,100.0,
Kuwait,KWT,2012.0,1.99,52155.2225833921,100.0,
Kuwait,KWT,2013.0,1.968,49651.0439275077,100.0,
Kuwait,KWT,2014.0,2.06,44368.7813457751,100.0,73.287
Kuwait,KWT,2015.0,2.03,29882.2126495698,100.0,80.425
Kuwait,KWT,2016.0,2.061,27323.6890735517,100.0,83.889
Kuwait,KWT,2017.0,2.16,29047.6536135703,100.0,77.423
Kuwait,KWT,2018.0,2.118,32067.9623756889,100.0,74.51
Kuwait,KWT,2019.0,2.082,31707.8737443551,100.0,72.064
Kuwait,KWT,2020.0,2.033,25236.0755848941,100.0,73.675
Kuwait,KWT,2021.0,2.148,34018.6342592913,100.0,65.941
Kuwait,KWT,2022.0,1.546,39981.7691035833,100.0,
Kuwait,KWT,2023.0,1.524,34075.849012909,100.0,
Kuwait,KWT,2024.0,1.56,32717.7186631255,100.0,
Kyrgyz Republic,KGZ,1990.0,3.63,605.798144966488,37.9710077270028,
Kyrgyz Republic,KGZ,1991.0,3.58,569.548584035047,37.7077412766154,
Kyrgyz Republic,KGZ,1992.0,3.52,512.766741120388,37.367181569335,
Kyrgyz Republic,KGZ,1993.0,3.2,448.554190878232,36.9792757432412,24.411
Kyrgyz Republic,KGZ,1994.0,2.9,372.481759948941,36.5739709364138,23.577
Kyrgyz Republic,KGZ,1995.0,3.1,364.250365258345,36.1812142869325,22.248
Kyrgyz Republic,KGZ,1996.0,2.8,394.856879614212,35.830952932877,23.224
Kyrgyz Republic,KGZ,1997.0,2.6,376.427930059811,35.5531340123269,25.286
Kyrgyz Republic,KGZ,1998.0,2.7,345.137046084246,35.377704663362,28.41
Kyrgyz Republic,KGZ,1999.0,2.6,258.048055936976,35.3281527012343,27.529
Kyrgyz Republic,KGZ,2000.0,2.4,279.621738464365,35.3216067847574,32.598
Kyrgyz Republic,KGZ,2001.0,2.4,308.41129550148,35.3160273737858,38.588
Kyrgyz Republic,KGZ,2002.0,2.4,321.726775366804,35.3118703235333,43.334
Kyrgyz Republic,KGZ,2003.0,2.5,380.505828812441,35.3086519815317,41.36
Kyrgyz Republic,KGZ,2004.0,2.6,433.233873286,35.3058886953128,40.993
Kyrgyz Republic,KGZ,2005.0,2.5,476.548193640077,35.3030968124082,43.617
Kyrgyz Republic,KGZ,2006.0,2.7,543.113512472219,35.2997926803498,45.056
Kyrgyz Republic,KGZ,2007.0,2.7,721.771577544361,35.2954926466692,45.574
Kyrgyz Republic,KGZ,2008.0,2.8,966.388569370494,35.2897130588983,51.761
Kyrgyz Republic,KGZ,2009.0,2.9,870.198894546917,35.2815523593591,49.568
Kyrgyz Republic,KGZ,2010.0,3.1,876.954476440354,35.267768240398,47.745
Kyrgyz Republic,KGZ,2011.0,3.1,1117.40174350185,35.2466507961984,46.8
Kyrgyz Republic,KGZ,2012.0,3.2,1168.62244675446,35.218916221918,49.738
Kyrgyz Republic,KGZ,2013.0,3.1,1269.66303464348,35.1850529225105,53.451
Kyrgyz Republic,KGZ,2014.0,3.2,1264.52668823891,35.1455493029297,50.956
Kyrgyz Republic,KGZ,2015.0,3.2,1105.65193844261,35.1008937681291,51.075
Kyrgyz Republic,KGZ,2016.0,3.1,1103.27489428412,35.0515747230627,48.695
Kyrgyz Republic,KGZ,2017.0,3.0,1221.39046807082,34.9980805726839,45.343
Kyrgyz Republic,KGZ,2018.0,3.3,1283.5203037417,34.9408997219466,44.721
Kyrgyz Republic,KGZ,2019.0,3.3,1421.99927504102,34.8805205758044,46.023
Kyrgyz Republic,KGZ,2020.0,3.1,1229.51766602907,34.8174315392111,50.102
Kyrgyz Republic,KGZ,2021.0,2.89,1349.99730650542,34.7521210171204,56.138
Kyrgyz Republic,KGZ,2022.0,2.8,1739.72018344174,34.7003053497743,57.33
Kyrgyz Republic,KGZ,2023.0,2.7,2138.22210211478,34.706439175362,58.476
Kyrgyz Republic,KGZ,2024.0,2.6,2420.18542283831,34.7219977865937,59.43
Lao PDR,LAO,1990.0,6.057,200.7349054896,15.2435947725302,0.734
Lao PDR,LAO,1991.0,5.986,231.806227548139,15.5691704902549,
Lao PDR,LAO,1992.0,5.9,247.345286150532,15.9255067602307,
Lao PDR,LAO,1993.0,5.798,283.400573286349,16.3205402025163,0.79
Lao PDR,LAO,1994.0,5.598,320.968128951646,16.7622074371706,0.718
Lao PDR,LAO,1995.0,5.355,357.758162193406,17.2790469212159,0.946
Lao PDR,LAO,1996.0,5.148,371.341879197673,17.9638238907301,1.448
Lao PDR,LAO,1997.0,4.961,339.09319241187,18.8482710950308,1.551
Lao PDR,LAO,1998.0,4.792,243.923962451418,19.8765944516706,1.216
Lao PDR,LAO,1999.0,4.639,272.325307005412,21.0036006639099,1.512
Lao PDR,LAO,2000.0,4.429,318.749852236965,22.1840964350091,1.829
Lao PDR,LAO,2001.0,4.29,320.316005439568,23.3728884682287,2.267
Lao PDR,LAO,2002.0,4.132,313.350817148131,24.5247834668291,2.945
Lao PDR,LAO,2003.0,4.024,355.097216151461,25.5945881340707,3.492
Lao PDR,LAO,2004.0,3.898,409.296298284117,26.5371091732139,4.31
Lao PDR,LAO,2005.0,3.685,466.061506997741,27.3224977292697,6.366
Lao PDR,LAO,2006.0,3.559,579.391947440719,28.0378756242097,7.149
Lao PDR,LAO,2007.0,3.438,697.323013673925,28.7343050001346,9.503
Lao PDR,LAO,2008.0,3.331,885.747376088762,29.4034348148069,11.473
Lao PDR,LAO,2009.0,3.229,935.03237283283,30.0420311503825,14.405
Lao PDR,LAO,2010.0,3.137,1125.91610151261,30.6468600890172,14.476
Lao PDR,LAO,2011.0,3.049,1361.54704394913,31.2146877128668,14.895
Lao PDR,LAO,2012.0,2.953,1563.5650771337,31.7422801040872,15.786
Lao PDR,LAO,2013.0,2.872,1812.51774424651,32.2264033448341,17.796
Lao PDR,LAO,2014.0,2.802,1981.03910900473,32.6638235172635,17.854
Lao PDR,LAO,2015.0,2.796,2121.01339097363,33.1240204432199,17.808
Lao PDR,LAO,2016.0,2.744,2303.22156035363,33.8267455533474,17.147
Lao PDR,LAO,2017.0,2.691,2432.43059478511,34.5115346444216,15.884
Lao PDR,LAO,2018.0,2.633,2545.1075420815,35.2050070032013,15.154
Lao PDR,LAO,2019.0,2.589,2589.32081035237,35.9072880879451,14.676
Lao PDR,LAO,2020.0,2.535,2583.77730696131,36.6185033569111,13.546
Lao PDR,LAO,2021.0,2.494,2526.05105018529,37.338778268357,13.332
Lao PDR,LAO,2022.0,2.455,2046.40440255621,38.0682382805397,13.847
Lao PDR,LAO,2023.0,2.421,2066.94979776957,38.8070088517156,12.689
Lao PDR,LAO,2024.0,2.397,2123.97909415109,39.5552154401406,
Latvia,LVA,1990.0,2.02,,70.6998522078036,
Latvia,LVA,1991.0,1.86,,70.4977661055857,
Latvia,LVA,1992.0,1.73,,70.2244455514955,
Latvia,LVA,1993.0,1.51,,69.9014272338369,
Latvia,LVA,1994.0,1.39,,69.5502478409138,
Latvia,LVA,1995.0,1.25,2256.77360387054,69.1924440610299,
Latvia,LVA,1996.0,1.16,2360.1714816213,68.8495525824891,
Latvia,LVA,1997.0,1.11,2609.89308697195,68.5431100935952,
Latvia,LVA,1998.0,1.09,2893.79998716563,68.2946532826521,
Latvia,LVA,1999.0,1.16,3063.89794599707,68.1257188379637,
Latvia,LVA,2000.0,1.25,3278.17896440803,68.0520561441955,72.65
Latvia,LVA,2001.0,1.22,3504.61829462397,68.0163660524785,79.818
Latvia,LVA,2002.0,1.26,4003.60935783538,67.9813450702046,84.931
Latvia,LVA,2003.0,1.32,4914.57992829302,67.9493840506358,89.254
Latvia,LVA,2004.0,1.29,6109.73265186817,67.9206702831277,94.593
Latvia,LVA,2005.0,1.39,7283.78738127622,67.8953910570353,97.292
Latvia,LVA,2006.0,1.46,9211.7374468148,67.873733661714,96.554
Latvia,LVA,2007.0,1.54,13370.9789452508,67.8558853865191,95.541
Latvia,LVA,2008.0,1.58,15677.6080864506,67.8420335208058,95.62
Latvia,LVA,2009.0,1.46,11996.0322729773,67.8323653539295,95.324
Latvia,LVA,2010.0,1.36,11188.4191700977,67.8270681752453,88.432
Latvia,LVA,2011.0,1.33,12902.574053337,67.8266897008267,84.825
Latvia,LVA,2012.0,1.44,13329.3499931271,67.8331638942219,81.643
Latvia,LVA,2013.0,1.52,14484.4715282132,67.847334482933,83.753
Latvia,LVA,2014.0,1.65,15185.814581236,67.8686035364944,83.777
Latvia,LVA,2015.0,1.7,13321.9753140616,67.8965395668259,91.134
Latvia,LVA,2016.0,1.74,13838.5266823272,67.9307110858472,98.105
Latvia,LVA,2017.0,1.69,15132.4958333982,67.9706866054779,105.059
Latvia,LVA,2018.0,1.6,17252.1710428626,68.0160346376376,111.845
Latvia,LVA,2019.0,1.61,17294.9751600969,68.066323694246,111.02
Latvia,LVA,2020.0,1.55,17564.2321549354,68.1211222872228,109.437
Latvia,LVA,2021.0,1.57,20261.8887788916,68.1808791463693,108.81
Latvia,LVA,2022.0,1.47,20221.103686109,68.2570218109034,108.475
Latvia,LVA,2023.0,1.36,22710.2637544197,68.3586316343061,101.503
Latvia,LVA,2024.0,1.24,23409.0845154775,68.4839492628509,
Lebanon,LBN,1990.0,3.268,789.526338484738,83.3477779215982,
Lebanon,LBN,1991.0,3.162,1278.42125745633,83.7732936330693,
Lebanon,LBN,1992.0,3.052,1559.38100628446,84.1654331075521,23.077
Lebanon,LBN,1993.0,2.937,2078.63864215562,84.5233504104997,
Lebanon,LBN,1994.0,2.823,2467.76942720577,84.8461996073652,
Lebanon,LBN,1995.0,2.725,2958.74263957462,85.1331347636015,
Lebanon,LBN,1996.0,2.698,3393.05090749359,85.3833099446618,21.781
Lebanon,LBN,1997.0,2.667,3834.0590787531,85.5958792159991,
Lebanon,LBN,1998.0,2.648,4124.85527892575,85.7699966430664,
Lebanon,LBN,1999.0,2.631,4086.93872789633,85.9041501933228,28.926
Lebanon,LBN,2000.0,2.6,3986.83513941026,86.0,29.756
Lebanon,LBN,2001.0,2.576,4009.55929751102,86.1451238111303,33.778
Lebanon,LBN,2002.0,2.523,4290.85283803266,86.2942846645228,36.003
Lebanon,LBN,2003.0,2.457,4437.71588507526,86.4475351790771,36.474
Lebanon,LBN,2004.0,2.378,4600.68371412993,86.6049279736931,37.316
Lebanon,LBN,2005.0,2.291,4602.19804637945,86.7665156672703,39.858
Lebanon,LBN,2006.0,2.244,4635.2514117486,86.9323508787087,41.448
Lebanon,LBN,2007.0,2.201,5125.25809960149,87.1024862269079,44.708
Lebanon,LBN,2008.0,2.172,5912.04532820842,87.2769743307677,46.696
Lebanon,LBN,2009.0,2.191,7090.85493856621,87.4558678091878,45.973
Lebanon,LBN,2010.0,2.256,7625.81051551165,87.6392192810679,46.276
Lebanon,LBN,2011.0,2.32,7834.96257108993,87.8270813653079,49.195
Lebanon,LBN,2012.0,2.345,8406.98405608118,88.0195066808075,49.855
Lebanon,LBN,2013.0,2.361,8162.37929361396,88.2165478464663,53.636
Lebanon,LBN,2014.0,2.375,7577.6413302369,88.4182574811842,48.856
Lebanon,LBN,2015.0,2.382,7714.1099998804,88.6246882038608,41.06
Lebanon,LBN,2016.0,2.39,8089.012088155,88.835892633396,48.706
Lebanon,LBN,2017.0,2.372,8608.21084982387,89.0519233886895,50.489
Lebanon,LBN,2018.0,2.347,9174.53666204759,89.272833088641,54.207
Lebanon,LBN,2019.0,2.327,8905.88005497437,89.4986743521503,57.144
Lebanon,LBN,2020.0,2.308,5561.19166950397,89.729499798117,
Lebanon,LBN,2021.0,2.283,4045.37391066234,89.965362045441,
Lebanon,LBN,2022.0,2.263,3654.35845534878,90.206313713022,
Lebanon,LBN,2023.0,2.239,3477.72489842684,90.4524074197598,
Lebanon,LBN,2024.0,2.227,,90.703695784554,
Lesotho,LSO,1990.0,4.813,329.563785157203,12.882508296282,1.393
Lesotho,LSO,1991.0,4.681,382.291247739142,13.5614385451186,1.451
Lesotho,LSO,1992.0,4.541,443.624297195576,14.2909128296309,2.311
Lesotho,LSO,1993.0,4.365,439.365410681482,15.0395726644187,2.498
Lesotho,LSO,1994.0,4.21,455.593586203956,15.7760595640817,2.622
Lesotho,LSO,1995.0,4.125,513.413448796175,16.4690150432199,2.563
Lesotho,LSO,1996.0,4.058,479.671394625707,17.0902459734706,2.562
Lesotho,LSO,1997.0,3.982,501.981388900965,17.6629117791702,
Lesotho,LSO,1998.0,3.815,464.683745548265,18.2204915806807,
Lesotho,LSO,1999.0,3.67,455.650054387377,18.7718543941527,2.394
Lesotho,LSO,2000.0,3.605,442.779545779081,19.3273988558381,2.506
Lesotho,LSO,2001.0,3.63,412.677473676821,19.8975236019886,2.805
Lesotho,LSO,2002.0,3.682,388.92334985135,20.4926272688562,2.539
Lesotho,LSO,2003.0,3.619,583.270036200288,21.1231084926925,3.238
Lesotho,LSO,2004.0,3.508,766.685820928242,21.7993659097494,
Lesotho,LSO,2005.0,3.428,861.381496414995,22.5317981562788,3.851
Lesotho,LSO,2006.0,3.414,925.467485502842,23.3329886243114,3.993
Lesotho,LSO,2007.0,3.442,861.188420899563,24.2187949905661,
Lesotho,LSO,2008.0,3.392,898.482517882593,25.1966303659683,
Lesotho,LSO,2009.0,3.309,878.847950537772,26.2591028264855,
Lesotho,LSO,2010.0,3.25,1119.47557793042,27.4004815007995,
Lesotho,LSO,2011.0,3.343,1280.73390931581,28.6150355175921,
Lesotho,LSO,2012.0,3.296,1217.93071228944,29.8970340055453,12.765
Lesotho,LSO,2013.0,3.283,1151.03735837227,31.2407460933407,12.147
Lesotho,LSO,2014.0,3.239,1173.5377928819,32.6404409096604,12.093
Lesotho,LSO,2015.0,3.217,1121.19851342518,34.0903875831861,11.55
Lesotho,LSO,2016.0,3.18,992.491840678465,35.5077950709441,
Lesotho,LSO,2017.0,3.105,1069.36673247542,36.5283648068846,12.604
Lesotho,LSO,2018.0,3.016,1170.65569702819,37.569092747415,11.95
Lesotho,LSO,2019.0,2.924,1082.05706777516,38.6040920446259,
Lesotho,LSO,2020.0,2.846,918.582574704447,39.6329305425532,
Lesotho,LSO,2021.0,2.769,1066.58645143823,40.6551760851997,
Lesotho,LSO,2022.0,2.716,1030.12582947757,41.6703965165322,
Lesotho,LSO,2023.0,2.694,916.282976983803,42.6781596804785,
Lesotho,LSO,2024.0,2.664,971.90771824829,43.6780334209246,
Liberia,LBR,1990.0,6.37,172.867610123278,43.3351173400879,
Liberia,LBR,1991.0,6.323,177.867006590279,58.0,
Liberia,LBR,1992.0,6.277,107.842801384441,56.436256072998,
Liberia,LBR,1993.0,6.246,74.4272028642409,52.7073282470703,
Liberia,LBR,1994.0,6.21,61.490431307467,48.256672454834,
Liberia,LBR,1995.0,6.173,62.1438140627579,44.5277446289062,
Liberia,LBR,1996.0,6.129,71.4065248720036,42.9640007019043,
Liberia,LBR,1997.0,6.079,122.627993745516,43.0233158123711,
Liberia,LBR,1998.0,6.017,134.675393352518,43.189424629289,
Liberia,LBR,1999.0,5.953,156.573166945696,43.4445723809339,2.963
Liberia,LBR,2000.0,5.875,298.485340578945,43.7710042955819,13.031
Liberia,LBR,2001.0,5.774,300.463828598983,44.1509656015089,
Liberia,LBR,2002.0,5.653,299.536445539621,44.566701526991,
Liberia,LBR,2003.0,5.547,239.779556677091,45.0004573003041,
Liberia,LBR,2004.0,5.506,284.140223992458,45.4344781497244,
Liberia,LBR,2005.0,5.519,287.487333441381,45.8510093035277,
Liberia,LBR,2006.0,5.53,320.55808618515,46.2322959899902,
Liberia,LBR,2007.0,5.462,374.211308104278,46.6104850769043,
Liberia,LBR,2008.0,5.328,451.713856283285,47.1080497871025,
Liberia,LBR,2009.0,5.174,448.386367025545,47.6245255922562,
Liberia,LBR,2010.0,5.058,492.252808033724,48.1407517057907,6.159
Liberia,LBR,2011.0,4.97,568.087865520004,48.6583302770849,
Liberia,LBR,2012.0,4.881,638.368751462083,49.1773247639526,8.236
Liberia,LBR,2013.0,4.749,710.744570927863,49.6977986242077,
Liberia,LBR,2014.0,4.622,706.714490064507,50.2198153156642,
Liberia,LBR,2015.0,4.523,692.590082351257,50.7434382961363,
Liberia,LBR,2016.0,4.461,714.613063145659,51.2687310234384,
Liberia,LBR,2017.0,4.396,699.269095727404,51.7957569553849,
Liberia,LBR,2018.0,4.336,692.203127129794,52.3245795497906,
Liberia,LBR,2019.0,4.257,658.164180770507,52.85526226447,
Liberia,LBR,2020.0,4.174,616.787867006715,53.3878685572381,
Liberia,LBR,2021.0,4.089,667.96610514319,53.9224618859098,
Liberia,LBR,2022.0,4.016,744.617175237387,54.4591057083,
Liberia,LBR,2023.0,3.95,799.194470229642,54.997863482224,
Liberia,LBR,2024.0,3.864,851.497723870206,55.5387986654968,
Libya,LBY,1990.0,4.776,6502.27886565421,80.5763448142435,
Libya,LBY,1991.0,4.461,7039.83391970596,81.3830031522637,
Libya,LBY,1992.0,4.162,7302.68908679226,82.1610848088,14.387
Libya,LBY,1993.0,3.883,6477.87035840641,82.9072053992275,
Libya,LBY,1994.0,3.649,5933.29121354077,83.6179805389214,
Libya,LBY,1995.0,3.442,5205.25706378741,84.2900258432567,
Libya,LBY,1996.0,3.256,5591.02027544558,84.9199569276086,
Libya,LBY,1997.0,3.132,6061.81366033598,85.5043894073521,
Libya,LBY,1998.0,3.043,5301.08354775559,86.0399388978625,
Libya,LBY,1999.0,2.972,6894.51875534758,86.5232210145148,51.397
Libya,LBY,2000.0,2.906,7214.10040377084,86.9508513726842,47.45
Libya,LBY,2001.0,2.866,6312.80030498965,87.3194455877457,53.571
Libya,LBY,2002.0,2.831,3718.29434696755,87.6256192750746,60.319
Libya,LBY,2003.0,2.797,4674.09943200321,87.8659880500458,62.337
Libya,LBY,2004.0,2.773,5773.76333234281,88.0371675280346,
Libya,LBY,2005.0,2.765,8079.24957329001,88.135773324416,
Libya,LBY,2006.0,2.699,10048.8480434289,88.1599560242948,
Libya,LBY,2007.0,2.648,11144.9448413435,88.1560287475586,
Libya,LBY,2008.0,2.599,13906.1407818125,88.1474456787109,
Libya,LBY,2009.0,2.556,9551.05403869755,88.1345825195312,
Libya,LBY,2010.0,2.603,11600.9068649472,88.1177139282227,
Libya,LBY,2011.0,2.646,7593.8391525702,88.0970458984375,
Libya,LBY,2012.0,2.68,14975.8902795144,88.0727920532227,
Libya,LBY,2013.0,2.716,11951.7134126011,88.0451431274414,
Libya,LBY,2014.0,2.754,8926.42074591474,88.0142059326172,
Libya,LBY,2015.0,2.711,7458.48917756374,87.8159103393555,
Libya,LBY,2016.0,2.673,7525.80299308216,87.8160056703177,
Libya,LBY,2017.0,2.626,9965.83236729757,87.8166729870528,
Libya,LBY,2018.0,2.581,11196.5854810844,87.818484275334,
Libya,LBY,2019.0,2.539,9963.19489084483,87.8220115209342,
Libya,LBY,2020.0,2.507,6650.33810585348,87.8278267096263,
Libya,LBY,2021.0,2.462,4935.82787349801,87.8365018271835,
Libya,LBY,2022.0,2.402,5986.63694851258,87.8486088593786,
Libya,LBY,2023.0,2.355,6026.51518708812,87.8647197919848,
Libya,LBY,2024.0,2.298,6569.16408678648,87.8854066107749,
Liechtenstein,LIE,1990.0,1.501,49457.5609343203,16.9214495973985,
Liechtenstein,LIE,1991.0,1.5,50811.7464531317,16.8123611423634,
Liechtenstein,LIE,1992.0,1.477,55057.1110625654,16.7281990656039,
Liechtenstein,LIE,1993.0,1.454,55604.5479972049,16.6500852753784,
Liechtenstein,LIE,1994.0,1.442,63935.9902445462,16.560019266569,
Liechtenstein,LIE,1995.0,1.435,78909.7043377718,16.4400005340576,
Liechtenstein,LIE,1996.0,1.516,80688.7182490376,16.2145929601375,
Liechtenstein,LIE,1997.0,1.569,73590.8620289713,15.8749720970618,
Liechtenstein,LIE,1998.0,1.586,78302.9905905848,15.5030549446521,
Liechtenstein,LIE,1999.0,1.63,82682.284882177,15.1807585027303,
Liechtenstein,LIE,2000.0,1.57,76087.911114202,14.9899997711182,
Liechtenstein,LIE,2001.0,1.52,75067.8001680043,14.8957603808328,
Liechtenstein,LIE,2002.0,1.47,79795.1785891101,14.8086674998164,
Liechtenstein,LIE,2003.0,1.36,90108.3673647008,14.7291064332791,11.398
Liechtenstein,LIE,2004.0,1.44,100280.831356705,14.6574624864307,13.259
Liechtenstein,LIE,2005.0,1.49,105295.057027611,14.594120964481,14.367
Liechtenstein,LIE,2006.0,1.43,114167.939211301,14.5394671726401,18.071
Liechtenstein,LIE,2007.0,1.42,130492.595349517,14.4938864161177,20.132
Liechtenstein,LIE,2008.0,1.43,143249.227302093,14.4577640001239,24.835
Liechtenstein,LIE,2009.0,1.71,126024.714567466,14.4314852298684,22.547
Liechtenstein,LIE,2010.0,1.4,141089.812849014,14.4154354105611,27.358
Liechtenstein,LIE,2011.0,1.69,158066.369379163,14.4099998474121,29.935
Liechtenstein,LIE,2012.0,1.51,148842.035144342,14.4124545370445,30.072
Liechtenstein,LIE,2013.0,1.45,172823.607794648,14.4201755971624,
Liechtenstein,LIE,2014.0,1.59,178735.153020908,14.4336985145967,24.141
Liechtenstein,LIE,2015.0,1.4,167187.15730982,14.4535587761782,21.889
Liechtenstein,LIE,2016.0,1.61,165375.491396259,14.4802918687379,24.752
Liechtenstein,LIE,2017.0,1.44,170547.092298954,14.5144332791067,27.355
Liechtenstein,LIE,2018.0,1.58,174988.775083446,14.5565184941154,27.591
Liechtenstein,LIE,2019.0,1.48,166907.839305016,14.6070830005951,29.884
Liechtenstein,LIE,2020.0,1.46,164671.093553454,14.6666622853765,31.743
Liechtenstein,LIE,2021.0,1.53,201944.830335076,14.6989159370696,36.329
Liechtenstein,LIE,2022.0,1.47,188055.003235348,14.6923070071538,
Liechtenstein,LIE,2023.0,1.45,206780.590353385,14.6783761234077,
Liechtenstein,LIE,2024.0,1.37,,14.657584904886,
Lithuania,LTU,1990.0,2.03,,67.6504225503728,
Lithuania,LTU,1991.0,2.01,,67.6130216346299,
Lithuania,LTU,1992.0,1.97,,67.5609840319184,
Lithuania,LTU,1993.0,1.74,,67.4973020339323,
Lithuania,LTU,1994.0,1.57,,67.4249679323659,
Lithuania,LTU,1995.0,1.55,2182.69156931505,67.3469740189134,
Lithuania,LTU,1996.0,1.49,2340.67545970008,67.2663125852689,
Lithuania,LTU,1997.0,1.47,2844.16286797492,67.1859759231267,
Lithuania,LTU,1998.0,1.46,3180.64498555255,67.1089563241809,
Lithuania,LTU,1999.0,1.46,3127.51176667183,67.0382460801258,
Lithuania,LTU,2000.0,1.39,3300.63634928559,66.9768374826555,61.899
Lithuania,LTU,2001.0,1.29,3532.52787363242,66.9286097501613,69.816
Lithuania,LTU,2002.0,1.23,4148.13091485015,66.8887100219727,77.306
Lithuania,LTU,2003.0,1.26,5507.47434187652,66.7596664428711,84.979
Lithuania,LTU,2004.0,1.27,6734.57487061946,66.6022567749023,91.51
Lithuania,LTU,2005.0,1.29,7857.03148786492,66.5784912109375,97.539
Lithuania,LTU,2006.0,1.33,9210.10118229413,66.6381530761719,100.452
Lithuania,LTU,2007.0,1.36,12295.1212779366,66.7184982299805,100.372
Lithuania,LTU,2008.0,1.45,14955.5345462921,66.7527770996094,104.034
Lithuania,LTU,2009.0,1.5,11854.3711053096,66.7816619873047,107.205
Lithuania,LTU,2010.0,1.5,11829.122609457,66.7712860107422,104.552
Lithuania,LTU,2011.0,1.55,14261.8433787325,66.7518340055756,101.428
Lithuania,LTU,2012.0,1.6,14288.1853493139,66.8536758422852,95.526
Lithuania,LTU,2013.0,1.59,15636.5252586048,67.0092086791992,88.281
Lithuania,LTU,2014.0,1.57,16446.1647181663,67.1514937628023,81.692
Lithuania,LTU,2015.0,1.63,14269.8039878287,67.2282485961914,79.348
Lithuania,LTU,2016.0,1.63,14934.2702840428,67.1894226074219,78.229
Lithuania,LTU,2017.0,1.57,16800.1510246099,67.1012954711914,78.109
Lithuania,LTU,2018.0,1.53,19247.2315367967,67.1464742010457,79.61
Lithuania,LTU,2019.0,1.43,19608.7943945553,67.245735168457,81.082
Lithuania,LTU,2020.0,1.36,20428.6478157394,67.4254608154297,80.47
Lithuania,LTU,2021.0,1.36,23870.4594851722,68.1912117004395,83.529
Lithuania,LTU,2022.0,1.27,25085.784063499,68.2866452426813,92.461
Lithuania,LTU,2023.0,1.18,27786.0057829276,68.575454583199,91.757
Lithuania,LTU,2024.0,1.11,29384.0189598663,68.8285833315315,
Luxembourg,LUX,1990.0,1.6,33465.478207919,80.9240540529049,
Luxembourg,LUX,1991.0,1.6,35747.3377992066,81.025113008349,
Luxembourg,LUX,1992.0,1.64,39570.8615665986,81.2001998208798,
Luxembourg,LUX,1993.0,1.7,40066.7242518773,81.4647504350596,
Luxembourg,LUX,1994.0,1.72,43933.235442736,81.799437867949,
Luxembourg,LUX,1995.0,1.7,51032.349635318,82.1888653313266,
Luxembourg,LUX,1996.0,1.77,50444.3591236175,82.6176360369709,
Luxembourg,LUX,1997.0,1.71,46641.6408754876,83.0703531966602,
Luxembourg,LUX,1998.0,1.68,47445.3810812051,83.5316200221732,
Luxembourg,LUX,1999.0,1.74,50872.4492684624,83.9860397252884,
Luxembourg,LUX,2000.0,1.76,48659.5988753233,84.4182155177842,
Luxembourg,LUX,2001.0,1.66,48440.1420151355,84.8173254067976,10.688
Luxembourg,LUX,2002.0,1.63,53005.7339209179,85.203425653095,
Luxembourg,LUX,2003.0,1.62,65689.3214536911,85.5906295073034,13.079
Luxembourg,LUX,2004.0,1.66,76544.9170868473,85.9799097226846,
Luxembourg,LUX,2005.0,1.63,80988.1376230858,86.3735649102561,
Luxembourg,LUX,2006.0,1.65,90788.8004876145,86.7738936810355,10.425
Luxembourg,LUX,2007.0,1.61,107475.320297978,87.1831946460401,
Luxembourg,LUX,2008.0,1.61,120422.137934157,87.6037664162874,10.512
Luxembourg,LUX,2009.0,1.59,109419.746953106,88.0379076027949,
Luxembourg,LUX,2010.0,1.63,110885.991378721,88.48791681658,19.286
Luxembourg,LUX,2011.0,1.52,119025.057203467,88.9562814837254,
Luxembourg,LUX,2012.0,1.57,112584.676270958,89.4405768017292,20.39
Luxembourg,LUX,2013.0,1.55,120000.140729859,89.9413746679705,
Luxembourg,LUX,2014.0,1.5,123678.702143275,90.4577807676859,
Luxembourg,LUX,2015.0,1.47,105462.012584423,90.9893679353068,21.034
Luxembourg,LUX,2016.0,1.41,106899.293549552,91.5357090052649,20.673
Luxembourg,LUX,2017.0,1.39,110193.213797228,92.0963768119916,20.421
Luxembourg,LUX,2018.0,1.38,116926.759593905,92.6709441899184,20.618
Luxembourg,LUX,2019.0,1.34,112696.649059674,93.2589839734767,20.704
Luxembourg,LUX,2020.0,1.36,116860.02817236,93.8600689970981,21.746
Luxembourg,LUX,2021.0,1.38,134965.815442152,94.5861743396533,22.626
Luxembourg,LUX,2022.0,1.31,123719.658915996,94.7605400940185,23.168
Luxembourg,LUX,2023.0,1.25,133230.619178899,94.8015300320787,23.446
Luxembourg,LUX,2024.0,1.25,137781.681659123,94.8438702866393,
"Macao SAR, China",MAC,1990.0,1.709,9692.43538809962,99.6113572879236,
"Macao SAR, China",MAC,1991.0,1.615,10707.3786750774,99.6962998953038,
"Macao SAR, China",MAC,1992.0,1.547,13249.8387410349,99.770161668007,
"Macao SAR, China",MAC,1993.0,1.471,14754.1825906333,99.8314167744386,
"Macao SAR, China",MAC,1994.0,1.431,15905.2615421482,99.8785393830042,
"Macao SAR, China",MAC,1995.0,1.367,17215.1178522275,99.9100036621094,
"Macao SAR, China",MAC,1996.0,1.288,17289.5517956917,99.9325876536988,
"Macao SAR, China",MAC,1997.0,1.205,17415.6982810978,99.9534353925978,
"Macao SAR, China",MAC,1998.0,1.113,16094.9913844594,99.9715700365331,
"Macao SAR, China",MAC,1999.0,1.025,15318.6006770368,99.9860147432315,
"Macao SAR, China",MAC,2000.0,0.933,15731.4081633771,99.9957926704194,
"Macao SAR, China",MAC,2001.0,0.818,15810.7227666562,99.9998984128371,41.331
"Macao SAR, China",MAC,2002.0,0.813,16814.9926424134,100.0,44.492
"Macao SAR, China",MAC,2003.0,0.837,18589.8998330534,100.0,55.637
"Macao SAR, China",MAC,2004.0,0.855,23407.1993692194,100.0,54.621
"Macao SAR, China",MAC,2005.0,0.912,25681.2167315221,100.0,47.837
"Macao SAR, China",MAC,2006.0,0.954,29813.7877167933,100.0,44.638
"Macao SAR, China",MAC,2007.0,1.008,35400.2334659409,100.0,44.336
"Macao SAR, China",MAC,2008.0,0.979,38888.5118044503,100.0,47.486
"Macao SAR, China",MAC,2009.0,1.004,40354.2810293673,100.0,56.241
"Macao SAR, China",MAC,2010.0,1.07,52596.2250160214,100.0,65.789
"Macao SAR, China",MAC,2011.0,1.15,67046.7284292101,100.0,74.679
"Macao SAR, China",MAC,2012.0,1.357,76058.0224963659,100.0,59.496
"Macao SAR, China",MAC,2013.0,1.15,87107.8313063626,100.0,69.336
"Macao SAR, China",MAC,2014.0,1.224,88355.3181764446,100.0,78.188
"Macao SAR, China",MAC,2015.0,1.142,69902.9605741233,100.0,87.495
"Macao SAR, China",MAC,2016.0,1.138,68911.6755919628,100.0,90.995
"Macao SAR, China",MAC,2017.0,1.021,77570.9876166977,100.0,90.342
"Macao SAR, China",MAC,2018.0,0.915,83588.2875009014,100.0,84.068
"Macao SAR, China",MAC,2019.0,0.899,81882.6964523869,100.0,86.776
"Macao SAR, China",MAC,2020.0,0.841,36883.6652578543,100.0,93.419
"Macao SAR, China",MAC,2021.0,0.756,44884.8961602393,100.0,106.267
"Macao SAR, China",MAC,2022.0,0.68,36806.891255461,100.0,121.582
"Macao SAR, China",MAC,2023.0,0.586,67216.3631112124,100.0,134.411
"Macao SAR, China",MAC,2024.0,0.582,72004.7437020733,100.0,149.559
Madagascar,MDG,1990.0,6.14,326.099253221978,21.8992042589258,2.834
Madagascar,MDG,1991.0,6.118,262.024402380479,22.2183660531674,2.714
Madagascar,MDG,1992.0,6.082,290.2120463948,22.5358190363254,
Madagascar,MDG,1993.0,6.062,307.887603096441,22.8521676960516,
Madagascar,MDG,1994.0,6.042,258.723806434505,23.1671756252866,2.381
Madagascar,MDG,1995.0,6.036,273.149653945976,23.4800566044183,2.001
Madagascar,MDG,1996.0,6.031,339.877283663608,23.7907085718749,1.839
Madagascar,MDG,1997.0,6.023,284.371843967244,24.0990589894502,1.656
Madagascar,MDG,1998.0,5.992,284.192923139852,24.405035318938,1.873
Madagascar,MDG,1999.0,5.839,267.360530991414,24.7085650221322,1.832
Madagascar,MDG,2000.0,5.665,280.282905559649,25.0095755608264,1.886
Madagascar,MDG,2001.0,5.528,319.283278235657,25.3079943968146,1.735
Madagascar,MDG,2002.0,5.412,304.941777398445,25.6037489918904,1.762
Madagascar,MDG,2003.0,5.329,352.620095849925,25.8967668078478,1.921
Madagascar,MDG,2004.0,5.264,272.20074858856,26.1869753064804,2.33
Madagascar,MDG,2005.0,5.195,305.812074924388,26.4743019495822,2.419
Madagascar,MDG,2006.0,5.133,324.146874882604,26.7586741989468,2.581
Madagascar,MDG,2007.0,5.083,419.548001431865,27.0400195163682,2.974
Madagascar,MDG,2008.0,5.043,512.579800058444,27.31826536364,3.086
Madagascar,MDG,2009.0,5.003,446.315238370592,27.5933392025561,3.31
Madagascar,MDG,2010.0,4.896,450.009391645726,27.8651684949103,3.483
Madagascar,MDG,2011.0,4.737,506.163691559309,28.1336807024963,3.887
Madagascar,MDG,2012.0,4.613,493.511162904211,28.3988032871081,3.921
Madagascar,MDG,2013.0,4.527,515.301589361832,28.6604637105393,4.101
Madagascar,MDG,2014.0,4.421,505.684922503435,28.9185894345838,4.539
Madagascar,MDG,2015.0,4.335,445.320069480568,29.1731079210354,4.477
Madagascar,MDG,2016.0,4.285,453.970714522463,29.4239466316878,4.516
Madagascar,MDG,2017.0,4.259,491.866848718929,29.671033028335,4.949
Madagascar,MDG,2018.0,4.246,500.45718552916,29.9181125346909,5.041
Madagascar,MDG,2019.0,4.221,499.818837622534,30.3046972370204,5.247
Madagascar,MDG,2020.0,4.17,450.771615201509,30.7019474167548,5.134
Madagascar,MDG,2021.0,4.104,483.469463351195,31.1137123216036,5.277
Madagascar,MDG,2022.0,4.036,503.51453347296,31.5397813465886,5.941
Madagascar,MDG,2023.0,3.972,508.718427705591,31.9799438860946,6.221
Madagascar,MDG,2024.0,3.912,544.987501003384,32.4339893339844,
Malawi,MWI,1990.0,6.74,286.730598968269,11.6249250633042,0.252
Malawi,MWI,1991.0,6.681,325.75273105931,12.0309417751603,0.262
Malawi,MWI,1992.0,6.63,258.393430877557,12.4490553160965,0.271
Malawi,MWI,1993.0,6.573,293.016883079922,12.8652119156892,0.247
Malawi,MWI,1994.0,6.488,169.196526919639,13.2653578035145,0.298
Malawi,MWI,1995.0,6.392,200.362370007247,13.6354392091488,0.338
Malawi,MWI,1996.0,6.285,320.662735559137,13.9614023621682,0.353
Malawi,MWI,1997.0,6.231,366.954461274104,14.2291934921491,
Malawi,MWI,1998.0,6.205,236.045479450504,14.4227423983849,
Malawi,MWI,1999.0,6.124,233.935986197873,14.5596934738978,0.169
Malawi,MWI,2000.0,6.002,224.22415918428,14.6770603287659,0.18
Malawi,MWI,2001.0,5.943,215.474524898357,14.780400724713,
Malawi,MWI,2002.0,5.903,428.210439838398,14.8722487440558,0.218
Malawi,MWI,2003.0,5.875,383.348596852642,14.9551384691108,
Malawi,MWI,2004.0,5.864,404.674248445428,15.0316039821946,0.312
Malawi,MWI,2005.0,5.848,414.361121984475,15.1041793656241,0.303
Malawi,MWI,2006.0,5.802,440.822149023873,15.1753987017157,0.304
Malawi,MWI,2007.0,5.724,475.180261659331,15.2477960727861,0.301
Malawi,MWI,2008.0,5.609,554.048820396119,15.3238029928378,
Malawi,MWI,2009.0,5.453,625.869729869625,15.4015312766848,
Malawi,MWI,2010.0,5.263,683.124694716799,15.4776969380518,0.927
Malawi,MWI,2011.0,5.083,763.061000394572,15.5523153908723,1.208
Malawi,MWI,2012.0,4.902,558.46208832772,15.6253133040464,0.661
Malawi,MWI,2013.0,4.759,496.947368267313,15.6966173464742,
Malawi,MWI,2014.0,4.569,529.5133440206,15.766154187056,0.72
Malawi,MWI,2015.0,4.384,539.605363240686,15.8338504946918,0.865
Malawi,MWI,2016.0,4.216,450.506105510719,15.899632938282,
Malawi,MWI,2017.0,4.113,495.769683367165,15.9634281867266,
Malawi,MWI,2018.0,4.021,533.202567189331,16.0221486554255,1.256
Malawi,MWI,2019.0,3.952,580.889139762475,16.1383746619001,
Malawi,MWI,2020.0,3.877,602.507478176106,16.2961471756409,1.866
Malawi,MWI,2021.0,3.791,617.446994451007,16.4881925800694,1.9
Malawi,MWI,2022.0,3.72,604.269740360317,16.7146031979436,2.226
Malawi,MWI,2023.0,3.648,633.214767978695,16.9748746665356,
Malawi,MWI,2024.0,3.59,522.570393642547,17.268503531213,
Malaysia,MYS,1990.0,3.304,2468.69080320116,49.0330672220994,
Malaysia,MYS,1991.0,3.339,2679.20101106745,50.4923459184952,
Malaysia,MYS,1992.0,3.373,3141.43321987651,51.8628569177227,
Malaysia,MYS,1993.0,3.364,3461.99504214189,53.2286734175775,
Malaysia,MYS,1994.0,3.346,3757.65292858601,54.5855388512742,
Malaysia,MYS,1995.0,3.317,4363.14458333034,55.9232917327627,
Malaysia,MYS,1996.0,3.297,4837.16897250768,57.2317705759929,
Malaysia,MYS,1997.0,3.227,4678.56390058182,58.5008138949148,
Malaysia,MYS,1998.0,3.12,3294.30978444095,59.7202602034782,23.948
Malaysia,MYS,1999.0,3.068,3527.81581379249,60.8799480156331,24.779
Malaysia,MYS,2000.0,2.942,4083.52874483605,61.9694564490726,28.874
Malaysia,MYS,2001.0,2.807,3943.79943910239,63.0180877676224,30.186
Malaysia,MYS,2002.0,2.658,4184.03163773539,64.056368465184,33.04
Malaysia,MYS,2003.0,2.601,4465.32194567208,65.0750932867555,37.27
Malaysia,MYS,2004.0,2.493,4939.24851854427,66.0647889111941,34.476
Malaysia,MYS,2005.0,2.391,5555.58179951206,67.0159820173565,31.806
Malaysia,MYS,2006.0,2.308,6158.40785533236,67.9191992840997,31.803
Malaysia,MYS,2007.0,2.252,7168.93031942508,68.7649673902807,34.367
Malaysia,MYS,2008.0,2.262,8371.82156086005,69.5438130147565,38.459
Malaysia,MYS,2009.0,2.223,7191.43287234626,70.2462628363839,40.726
Malaysia,MYS,2010.0,2.144,8899.34505544675,70.8625314831025,43.195
Malaysia,MYS,2011.0,2.153,10217.1068585031,71.4245166681964,41.359
Malaysia,MYS,2012.0,2.117,10600.5744240026,71.9680127926087,43.293
Malaysia,MYS,2013.0,2.07,10713.6407638899,72.4882717118078,45.36
Malaysia,MYS,2014.0,2.058,11013.3107334403,72.9802206910773,45.81
Malaysia,MYS,2015.0,2.008,9648.6797937523,73.4387869957006,52.418
Malaysia,MYS,2016.0,1.942,9476.53409809923,73.8588978909614,51.527
Malaysia,MYS,2017.0,1.893,9862.54806612235,74.2354806421432,47.916
Malaysia,MYS,2018.0,1.838,10901.8019954421,74.5634625145296,50.353
Malaysia,MYS,2019.0,1.777,10920.191763972,74.8377707734042,48.491
Malaysia,MYS,2020.0,1.68,9957.52626697613,75.0511895575672,47.276
Malaysia,MYS,2021.0,1.555,10903.1037480772,75.5088628191907,45.242
Malaysia,MYS,2022.0,1.55,11754.5678336248,75.9741357073003,43.695
Malaysia,MYS,2023.0,1.55,11386.0395636528,76.4434752105739,44.304
Malaysia,MYS,2024.0,1.543,11874.4273684245,76.9170296648992,45.849
Maldives,MDV,1990.0,6.13,956.763019768672,25.8521000475719,
Maldives,MDV,1991.0,5.796,1054.33413828759,25.8030978579167,
Maldives,MDV,1992.0,5.435,1194.2325242813,25.7170257695718,
Maldives,MDV,1993.0,5.063,1316.614548774,25.624629080355,
Maldives,MDV,1994.0,4.688,1419.39276513408,25.555709993512,
Maldives,MDV,1995.0,4.292,1554.60942754604,25.5476431837694,
Maldives,MDV,1996.0,3.859,1716.74281753716,25.7015358485339,
Maldives,MDV,1997.0,3.477,1898.43225010526,26.0259604516629,
Maldives,MDV,1998.0,3.171,1980.38448396751,26.4739351451229,
Maldives,MDV,1999.0,2.899,2124.06007530631,27.0010708398356,
Maldives,MDV,2000.0,2.691,2213.81235053178,27.6038586493758,
Maldives,MDV,2001.0,2.532,3033.93234507036,28.5499181889238,
Maldives,MDV,2002.0,2.425,3076.07007160101,29.8881681908815,
Maldives,MDV,2003.0,2.342,3548.5767011056,31.3913356462169,0.307
Maldives,MDV,2004.0,2.262,4070.2609459446,32.8541942827704,
Maldives,MDV,2005.0,2.199,3796.51546524644,34.0715178283824,
Maldives,MDV,2006.0,2.204,5018.94335409159,34.8678636610379,
Maldives,MDV,2007.0,2.293,5758.10286933053,35.4340781469745,13.59
Maldives,MDV,2008.0,2.371,6757.43280929292,35.9335121678807,13.475
Maldives,MDV,2009.0,2.39,6734.03165601895,36.3718272129661,
Maldives,MDV,2010.0,2.349,7173.59601844692,36.7646137762553,
Maldives,MDV,2011.0,2.307,7424.520410971,37.1274623517731,
Maldives,MDV,2012.0,2.254,7461.29703686309,37.475963433544,
Maldives,MDV,2013.0,2.174,8236.08177944126,37.8257075155926,
Maldives,MDV,2014.0,2.089,8939.07416571472,38.1938859868107,20.932
Maldives,MDV,2015.0,2.004,9644.90655028145,38.5771510715291,
Maldives,MDV,2016.0,1.903,9947.80744731739,38.9560872317815,
Maldives,MDV,2017.0,1.798,10509.628805812,39.32787719143,57.24
Maldives,MDV,2018.0,1.71,11423.2838427029,39.6923354428279,
Maldives,MDV,2019.0,1.64,11740.2724029785,40.0492764783282,39.829
Maldives,MDV,2020.0,1.613,7393.8886543933,40.3985147902839,45.71
Maldives,MDV,2021.0,1.599,10176.143882547,40.7398648710483,40.582
Maldives,MDV,2022.0,1.583,11786.0191492983,41.0641769690663,79.944
Maldives,MDV,2023.0,1.575,12587.6126038651,41.5096832933973,
Maldives,MDV,2024.0,1.56,13379.3513577224,41.9982152717385,
Mali,MLI,1990.0,7.311,353.903252431339,16.6312782496484,0.163
Mali,MLI,1991.0,7.28,381.993534670324,16.8266510571585,0.164
Mali,MLI,1992.0,7.237,385.278654489301,17.0190041280359,0.211
Mali,MLI,1993.0,7.18,372.412257655559,17.2128830576835,0.268
Mali,MLI,1994.0,7.119,266.455340167693,17.412833441504,
Mali,MLI,1995.0,7.052,331.193112410921,17.6234008749003,0.271
Mali,MLI,1996.0,7.01,359.662096047648,17.8491309532752,0.343
Mali,MLI,1997.0,6.971,320.75152297828,18.0945692720314,0.545
Mali,MLI,1998.0,6.936,356.647044025322,18.3643952818488,0.55
Mali,MLI,1999.0,6.911,364.415678427556,18.6591231019948,1.123
Mali,MLI,2000.0,6.886,304.652870194271,18.977631037325,1.156
Mali,MLI,2001.0,6.852,346.224554251022,19.3181950112665,1.268
Mali,MLI,2002.0,6.819,378.191678628285,19.6792980362731,1.265
Mali,MLI,2003.0,6.783,441.910358475095,20.0594231247985,
Mali,MLI,2004.0,6.741,495.006294680645,20.4570532892964,
Mali,MLI,2005.0,6.708,548.730382842725,20.8706715422205,
Mali,MLI,2006.0,6.677,586.985415515264,21.2987608960246,
Mali,MLI,2007.0,6.647,670.853394973479,21.7398043631622,
Mali,MLI,2008.0,6.624,767.19483895009,22.1922849560871,3.026
Mali,MLI,2009.0,6.592,787.482564287398,22.6557955217884,3.109
Mali,MLI,2010.0,6.579,797.151541135109,23.1359461824894,3.207
Mali,MLI,2011.0,6.545,938.292902583696,23.6379674039304,2.951
Mali,MLI,2012.0,6.523,872.506092465564,24.1606168848588,3.611
Mali,MLI,2013.0,6.491,901.920957644831,24.7033626854883,3.491
Mali,MLI,2014.0,6.441,947.915033288325,25.2656728660325,3.264
Mali,MLI,2015.0,6.385,838.11986940103,25.847015486705,3.033
Mali,MLI,2016.0,6.319,872.468587171653,26.4468586077195,
Mali,MLI,2017.0,6.251,924.057531692284,27.0646702892896,
Mali,MLI,2018.0,6.118,996.379292136901,27.6999185916288,
Mali,MLI,2019.0,5.892,971.949318638092,28.3520715749509,
Mali,MLI,2020.0,5.85,953.242943290974,29.0205972994693,
Mali,MLI,2021.0,5.779,1027.27345365357,29.7049638253978,
Mali,MLI,2022.0,5.692,976.914116406452,30.4015705681899,
Mali,MLI,2023.0,5.614,1043.9533853528,31.0031889023235,
Mali,MLI,2024.0,5.51,1094.61949265799,31.6075621182225,
Malta,MLT,1990.0,2.02,7192.38994693962,91.0319316879368,
Malta,MLT,1991.0,1.99,7558.75921583164,91.4221778816616,
Malta,MLT,1992.0,2.07,8220.33403924666,91.8075628458526,
Malta,MLT,1993.0,1.96,7296.35111127489,92.1649070648702,
Malta,MLT,1994.0,1.84,8000.3453286604,92.4710310230744,
Malta,MLT,1995.0,1.77,9828.32354719517,92.6973466192341,
Malta,MLT,1996.0,1.99,10061.850192141,92.8533049062716,
Malta,MLT,1997.0,1.93,9893.18898998688,92.979031868811,
Malta,MLT,1998.0,1.84,10408.1157380149,93.089771322402,
Malta,MLT,1999.0,1.73,10609.1104477299,93.1885360442413,
Malta,MLT,2000.0,1.68,10348.4858902403,93.278338811526,24.117
Malta,MLT,2001.0,1.48,10357.7025891731,93.3621924014528,28.075
Malta,MLT,2002.0,1.45,11251.2025296416,93.4431095912187,28.318
Malta,MLT,2003.0,1.48,13593.9787155682,93.5241031580205,35.198
Malta,MLT,2004.0,1.4,15212.1313438497,93.6081858790552,30.584
Malta,MLT,2005.0,1.38,15831.344048672,93.6985189936163,37.593
Malta,MLT,2006.0,1.36,16653.6036929688,93.7986874969541,36.968
Malta,MLT,2007.0,1.35,19444.1741958382,93.9118231189546,41.207
Malta,MLT,2008.0,1.43,22315.3104212988,94.0294765354989,39.507
Malta,MLT,2009.0,1.42,21176.3218262672,94.1423744490362,41.749
Malta,MLT,2010.0,1.36,21946.6069636029,94.2412435620154,42.685
Malta,MLT,2011.0,1.45,23516.9691234302,94.3155916422812,45.667
Malta,MLT,2012.0,1.42,22878.3130866521,94.3626256493653,48.957
Malta,MLT,2013.0,1.36,25415.5566867731,94.3906567856206,50.627
Malta,MLT,2014.0,1.38,27424.5765646694,94.412512773898,50.827
Malta,MLT,2015.0,1.37,25529.6813337717,94.4387696268011,55.283
Malta,MLT,2016.0,1.37,26459.0770929988,94.4800033569336,56.582
Malta,MLT,2017.0,1.26,30317.2443175543,94.5691806330314,62.334
Malta,MLT,2018.0,1.23,33382.2677499267,94.7242373261706,67.259
Malta,MLT,2019.0,1.14,32421.9179752262,94.9332032524644,70.136
Malta,MLT,2020.0,1.14,31823.4363934505,95.1841082280263,75.693
Malta,MLT,2021.0,1.13,38096.8360735119,95.5145343617045,90.174
Malta,MLT,2022.0,1.08,35638.8869457406,95.6003155132879,94.466
Malta,MLT,2023.0,1.06,40905.8059585057,95.6272277147965,101.423
Malta,MLT,2024.0,1.01,43898.5781808597,95.6546264490509,
Marshall Islands,MHL,1990.0,5.97,1758.40820990836,67.0769951458774,
Marshall Islands,MHL,1991.0,5.757,1810.63465589888,67.2032730156839,
Marshall Islands,MHL,1992.0,5.546,1963.07234629646,67.3038936005312,
Marshall Islands,MHL,1993.0,5.382,2112.01240099378,67.3876551299815,
Marshall Islands,MHL,1994.0,5.232,2265.0695841717,67.4633558335976,
Marshall Islands,MHL,1995.0,5.091,2490.98744457796,67.5397939409419,
Marshall Islands,MHL,1996.0,5.021,2272.84469502819,67.6257676815771,
Marshall Islands,MHL,1997.0,4.959,2230.75377088451,67.7300752850655,
Marshall Islands,MHL,1998.0,4.868,2254.16054870567,67.8615149809697,
Marshall Islands,MHL,1999.0,4.783,2257.92000318712,68.0299788487724,
Marshall Islands,MHL,2000.0,4.695,2264.79114897645,68.2755984422337,
Marshall Islands,MHL,2001.0,4.583,2394.34501105178,68.6170787509313,
Marshall Islands,MHL,2002.0,4.488,2566.06708799222,69.0380806209326,18.365
Marshall Islands,MHL,2003.0,4.418,2539.3307383954,69.5231265029735,
Marshall Islands,MHL,2004.0,4.34,2566.08291015814,70.0567388477898,
Marshall Islands,MHL,2005.0,4.276,2658.65217893885,70.6234401061174,
Marshall Islands,MHL,2006.0,4.197,2754.26988767503,71.2077527286922,
Marshall Islands,MHL,2007.0,4.09,2892.28403958874,71.7941991662501,
Marshall Islands,MHL,2008.0,3.967,2817.60522775322,72.3673018695269,
Marshall Islands,MHL,2009.0,3.83,2906.63026970914,72.9115832892586,
Marshall Islands,MHL,2010.0,3.673,3095.45768964722,73.4115658761809,
Marshall Islands,MHL,2011.0,3.527,3319.39815439151,73.8553711172585,
Marshall Islands,MHL,2012.0,3.382,3514.26515490383,74.2705132518924,29.572
Marshall Islands,MHL,2013.0,3.247,3677.90690791421,74.6790601806083,
Marshall Islands,MHL,2014.0,3.18,3735.23977829545,75.0790555372177,
Marshall Islands,MHL,2015.0,3.131,3764.34426229508,75.4702568207363,35.57
Marshall Islands,MHL,2016.0,3.091,4229.80988911945,75.8524215301796,37.254
Marshall Islands,MHL,2017.0,3.064,4592.83457628576,76.2253071645634,
Marshall Islands,MHL,2018.0,3.038,4858.12079054875,76.5886712229035,
Marshall Islands,MHL,2019.0,3.012,5292.33985502306,76.9422712042154,39.496
Marshall Islands,MHL,2020.0,2.989,5661.96787336674,77.285864607515,
Marshall Islands,MHL,2021.0,2.964,6315.31279603534,77.6163157431143,
Marshall Islands,MHL,2022.0,2.936,6455.66062185762,77.9855966195187,47.212
Marshall Islands,MHL,2023.0,2.919,6793.24495895856,78.3593928884282,
Marshall Islands,MHL,2024.0,2.864,7726.33668877794,78.7325660244112,43.927
Mauritania,MRT,1990.0,6.175,772.033092140219,39.4704976683562,0.709
Mauritania,MRT,1991.0,6.157,1061.67704285264,39.3450673960873,0.782
Mauritania,MRT,1992.0,6.126,1036.47437808576,39.1911119053361,0.867
Mauritania,MRT,1993.0,6.093,849.620301696661,39.0179807705844,1.046
Mauritania,MRT,1994.0,6.058,864.599478365453,38.8350235663137,1.202
Mauritania,MRT,1995.0,5.962,904.719170071042,38.6515898670056,1.173
Mauritania,MRT,1996.0,5.861,904.120879798142,38.4770292471417,1.302
Mauritania,MRT,1997.0,5.743,859.28395817576,38.3206912812037,1.238
Mauritania,MRT,1998.0,5.623,821.266378551937,38.1919255436732,1.282
Mauritania,MRT,1999.0,5.524,781.337033563197,38.1000816090317,1.468
Mauritania,MRT,2000.0,5.456,680.911061879778,38.0555858542174,
Mauritania,MRT,2001.0,5.407,651.817840199777,38.1070763150421,1.176
Mauritania,MRT,2002.0,5.373,648.879643934862,38.3900378438208,1.313
Mauritania,MRT,2003.0,5.364,732.017820812675,38.8866922319919,1.409
Mauritania,MRT,2004.0,5.374,823.554457141893,39.5685575664461,1.576
Mauritania,MRT,2005.0,5.376,998.96583416747,40.407151934074,1.503
Mauritania,MRT,2006.0,5.404,1300.60367988659,41.3739934217664,1.775
Mauritania,MRT,2007.0,5.426,1405.15016203368,42.4406001164139,
Mauritania,MRT,2008.0,5.436,1635.5630623124,43.5784901049073,2.271
Mauritania,MRT,2009.0,5.406,1435.43010811893,44.7591814741371,2.283
Mauritania,MRT,2010.0,5.384,1659.96369705455,45.9541923109942,2.574
Mauritania,MRT,2011.0,5.38,1931.19975525465,47.1350407023691,2.823
Mauritania,MRT,2012.0,5.352,1859.11733247641,48.2732447351525,3.102
Mauritania,MRT,2013.0,5.317,1934.24103064714,49.3553973225913,3.323
Mauritania,MRT,2014.0,5.261,1713.00865264234,50.4694791226856,
Mauritania,MRT,2015.0,5.211,1554.94897871782,51.6680350049622,3.69
Mauritania,MRT,2016.0,5.157,1565.76575722696,52.9185627319946,3.517
Mauritania,MRT,2017.0,5.106,1615.00401327323,54.1970448502004,3.258
Mauritania,MRT,2018.0,5.044,1722.93528854073,55.1305077000081,3.414
Mauritania,MRT,2019.0,4.984,1767.072710621,56.0596215779146,4.245
Mauritania,MRT,2020.0,4.912,1795.76459566714,56.9836701058893,4.356
Mauritania,MRT,2021.0,4.848,1947.78918383313,57.901535141641,
Mauritania,MRT,2022.0,4.77,1960.35240077424,58.8120996197226,
Mauritania,MRT,2023.0,4.697,2135.78187606359,59.7142464747058,
Mauritania,MRT,2024.0,4.625,2110.12036938187,60.6068586411829,
Mauritius,MUS,1990.0,2.32,2539.92846467452,43.9000015220485,
Mauritius,MUS,1991.0,2.3,2705.26648158805,43.8646127219959,
Mauritius,MUS,1992.0,2.37,3013.23706337167,43.7659935577684,
Mauritius,MUS,1993.0,2.21,3013.83313790492,43.615496644887,
Mauritius,MUS,1994.0,2.25,3240.38624662702,43.4244745957928,
Mauritius,MUS,1995.0,2.14,3648.01649622256,43.2042800229269,
Mauritius,MUS,1996.0,2.12,3951.94494649336,42.9662655387302,
Mauritius,MUS,1997.0,2.04,3695.73668844327,42.7217837556441,
Mauritius,MUS,1998.0,1.97,3641.62142564086,42.4821872861094,
Mauritius,MUS,1999.0,2.05,3745.69625069831,42.2588287425674,
Mauritius,MUS,2000.0,1.99,3981.98343249582,42.063123063288,
Mauritius,MUS,2001.0,1.91,3908.55694927435,41.8827214180181,18.227
Mauritius,MUS,2002.0,1.94,4073.06053055903,41.6986829938864,14.955
Mauritius,MUS,2003.0,1.87,4858.26575549747,41.5127065251754,15.145
Mauritius,MUS,2004.0,1.92,5460.60800184198,41.3265540022042,17.033
Mauritius,MUS,2005.0,1.88,5354.02974260642,41.1419874152917,21.414
Mauritius,MUS,2006.0,1.77,5784.22491883026,40.9607687547567,23.725
Mauritius,MUS,2007.0,1.74,6677.34962448608,40.7846600109183,26.523
Mauritius,MUS,2008.0,1.67,8140.50808595895,40.6154231740954,29.96
Mauritius,MUS,2009.0,1.59,7426.88645617593,40.4548202346069,34.199
Mauritius,MUS,2010.0,1.57,8113.17670740212,40.3046131827718,36.338
Mauritius,MUS,2011.0,1.55,9324.24232310496,40.1665923228716,39.105
Mauritius,MUS,2012.0,1.56,9421.52514098225,40.0369511615085,46.214
Mauritius,MUS,2013.0,1.45,9877.13865958834,39.9108848558771,45.666
Mauritius,MUS,2014.0,1.44,10490.3315563853,39.7887571971735,44.225
Mauritius,MUS,2015.0,1.37,9630.5437837507,39.6709610617726,42.775
Mauritius,MUS,2016.0,1.41,10095.1225574156,39.5578893260494,43.029
Mauritius,MUS,2017.0,1.46,10986.7034093005,39.4499348663789,46.26
Mauritius,MUS,2018.0,1.42,11818.7480619272,39.3474905591359,47.169
Mauritius,MUS,2019.0,1.41,11568.2533399824,39.2509492806955,50.141
Mauritius,MUS,2020.0,1.46,9135.84773751062,39.1607039074325,50.864
Mauritius,MUS,2021.0,1.42,9177.71195973013,39.077147315722,53.066
Mauritius,MUS,2022.0,1.33,10246.5017455553,39.0000125885784,51.07
Mauritius,MUS,2023.0,1.4,11269.9684462139,39.0039901092226,52.314
Mauritius,MUS,2024.0,1.44,11990.7798944837,39.0162147027917,55.134
Mexico,MEX,1990.0,3.444,3154.46920349038,71.4590077199915,
Mexico,MEX,1991.0,3.363,3708.8420548157,71.859396420455,
Mexico,MEX,1992.0,3.285,4220.56643677057,72.2406081339013,
Mexico,MEX,1993.0,3.211,6048.34840388099,72.6055064486481,
Mexico,MEX,1994.0,3.132,6202.36588372862,72.9565584912625,
Mexico,MEX,1995.0,3.044,4183.87847727479,73.2962313883119,
Mexico,MEX,1996.0,2.964,4674.36792733681,73.6269922663634,
Mexico,MEX,1997.0,2.886,5567.35599516667,73.9513082519844,
Mexico,MEX,1998.0,2.815,5832.69342004468,74.2716464717421,
Mexico,MEX,1999.0,2.763,6499.97182950425,74.5904740522037,
Mexico,MEX,2000.0,2.714,7524.0271380091,74.9203113970256,19.443
Mexico,MEX,2001.0,2.671,7952.76479510706,75.2907557567987,20.362
Mexico,MEX,2002.0,2.633,7983.03398381759,75.6840752828994,21.395
Mexico,MEX,2003.0,2.579,7434.0746485155,76.046170340551,22.29
Mexico,MEX,2004.0,2.536,7849.66759649565,76.3274397419019,23.123
Mexico,MEX,2005.0,2.495,8671.75891885163,76.4748624380269,23.719
Mexico,MEX,2006.0,2.456,9512.63575346699,76.4982455683657,24.173
Mexico,MEX,2007.0,2.421,10134.3327138119,76.5047326234761,24.796
Mexico,MEX,2008.0,2.391,10523.7685403244,76.5090428271033,25.476
Mexico,MEX,2009.0,2.364,8423.56933214711,76.5143930040295,25.98
Mexico,MEX,2010.0,2.34,9728.80078377082,76.5244441414713,26.938
Mexico,MEX,2011.0,2.317,10664.4944032313,76.5667802279537,27.794
Mexico,MEX,2012.0,2.294,10744.1335242686,76.6585199140734,29.092
Mexico,MEX,2013.0,2.269,11216.8008505428,76.7955768077952,30.025
Mexico,MEX,2014.0,2.211,11391.3773497683,76.9741367091766,30.985
Mexico,MEX,2015.0,2.137,10021.2386118827,77.1903854182753,31.771
Mexico,MEX,2016.0,2.086,9097.92397674769,77.4405087351486,38.827
Mexico,MEX,2017.0,2.041,9649.27816772402,77.7206924598541,40.873
Mexico,MEX,2018.0,2.03,10084.7937562021,78.0271223924494,42.582
Mexico,MEX,2019.0,2.02,10369.5553585271,78.355984332992,44.353
Mexico,MEX,2020.0,1.99,8841.27075039868,78.677960602824,47.062
Mexico,MEX,2021.0,1.97,10314.0506722115,78.9324007418057,48.471
Mexico,MEX,2022.0,1.94,11405.7940473759,79.199683215791,50.255
Mexico,MEX,2023.0,1.91,13860.9597809326,79.4734935748046,51.607
Mexico,MEX,2024.0,1.892,14185.7812248529,79.7538805976118,
"Micronesia, Fed. Sts.",FSM,1990.0,5.049,1459.04369201491,26.0146992260968,
"Micronesia, Fed. Sts.",FSM,1991.0,4.92,1617.45528154622,25.917706940169,
"Micronesia, Fed. Sts.",FSM,1992.0,4.802,1699.3301910196,25.8110870472152,
"Micronesia, Fed. Sts.",FSM,1993.0,4.678,1853.06259690284,25.6947718399376,
"Micronesia, Fed. Sts.",FSM,1994.0,4.575,1856.5207426083,25.5767394695015,
"Micronesia, Fed. Sts.",FSM,1995.0,4.494,1995.19190194111,25.2888274538158,
"Micronesia, Fed. Sts.",FSM,1996.0,4.427,1955.97504197565,24.6466898360747,
"Micronesia, Fed. Sts.",FSM,1997.0,4.355,1840.23883354727,23.8305797418484,
"Micronesia, Fed. Sts.",FSM,1998.0,4.301,1944.03333786902,23.0414720747208,
"Micronesia, Fed. Sts.",FSM,1999.0,4.27,1944.83228089695,22.4803417382757,
"Micronesia, Fed. Sts.",FSM,2000.0,4.217,2049.3453246655,22.3299999237061,
"Micronesia, Fed. Sts.",FSM,2001.0,4.084,2103.74859460914,22.3299999237061,
"Micronesia, Fed. Sts.",FSM,2002.0,3.934,2113.45987332485,22.3299999237061,
"Micronesia, Fed. Sts.",FSM,2003.0,3.785,2145.87755337517,22.3299999237061,
"Micronesia, Fed. Sts.",FSM,2004.0,3.681,2104.42804750084,22.3299999237061,
"Micronesia, Fed. Sts.",FSM,2005.0,3.595,2207.16844533875,22.3299999237061,
"Micronesia, Fed. Sts.",FSM,2006.0,3.514,2244.97227274486,22.3275140420008,
"Micronesia, Fed. Sts.",FSM,2007.0,3.439,2293.51341684075,22.3208324539882,
"Micronesia, Fed. Sts.",FSM,2008.0,3.368,2369.50811741318,22.3111192453232,
"Micronesia, Fed. Sts.",FSM,2009.0,3.313,2544.11114550961,22.2995385016606,
"Micronesia, Fed. Sts.",FSM,2010.0,3.271,2702.61165204772,22.2903529875138,
"Micronesia, Fed. Sts.",FSM,2011.0,3.223,2848.70077003105,22.2914664135472,
"Micronesia, Fed. Sts.",FSM,2012.0,3.18,2992.28916099077,22.2942568788425,
"Micronesia, Fed. Sts.",FSM,2013.0,3.133,2893.13437410825,22.2986323961146,
"Micronesia, Fed. Sts.",FSM,2014.0,3.091,2896.73082002714,22.3046193122479,
"Micronesia, Fed. Sts.",FSM,2015.0,3.049,2853.07643587028,22.3122336099411,
"Micronesia, Fed. Sts.",FSM,2016.0,3.001,2979.60119184048,22.3214896137555,
"Micronesia, Fed. Sts.",FSM,2017.0,2.957,3279.10779039285,22.332401189542,
"Micronesia, Fed. Sts.",FSM,2018.0,2.922,3566.58690371125,22.3449820355433,
"Micronesia, Fed. Sts.",FSM,2019.0,2.883,3572.65918282222,22.359245777081,
"Micronesia, Fed. Sts.",FSM,2020.0,2.852,3362.02802120524,22.3752060036598,
"Micronesia, Fed. Sts.",FSM,2021.0,2.818,3508.22314197664,22.3928762855411,
"Micronesia, Fed. Sts.",FSM,2022.0,2.785,3710.12451611752,22.4122701819053,
"Micronesia, Fed. Sts.",FSM,2023.0,2.748,3919.64307910859,22.4334012451903,
"Micronesia, Fed. Sts.",FSM,2024.0,2.743,4166.00476748564,22.4562830235421,
Moldova,MDA,1990.0,2.392,1206.50208704977,46.9786033630371,
Moldova,MDA,1991.0,2.278,1037.89950336245,46.9094772338867,
Moldova,MDA,1992.0,2.217,778.017667420102,46.3824577331543,
Moldova,MDA,1993.0,2.112,796.989388848336,46.0907783508301,
Moldova,MDA,1994.0,1.993,573.798647201304,45.865348815918,
Moldova,MDA,1995.0,1.825,593.593177049161,45.7191925048828,
Moldova,MDA,1996.0,1.709,575.145455139019,45.0867500305176,
Moldova,MDA,1997.0,1.79,657.29213459795,44.9134635925293,
Moldova,MDA,1998.0,1.65,578.734627562193,40.7304458618164,
Moldova,MDA,1999.0,1.556,399.499818596336,40.5269088745117,
Moldova,MDA,2000.0,1.496,440.538683980372,40.4185981750488,
Moldova,MDA,2001.0,1.471,507.404076252819,39.6744270324707,
Moldova,MDA,2002.0,1.448,570.799866188293,39.620719909668,
Moldova,MDA,2003.0,1.479,682.319095965299,39.5945358276367,
Moldova,MDA,2004.0,1.543,897.178494749468,39.4460945129395,
Moldova,MDA,2005.0,1.528,1034.39197746993,39.3704032897949,
Moldova,MDA,2006.0,1.537,1183.02481442894,39.2182388305664,
Moldova,MDA,2007.0,1.575,1531.21618590748,39.4315032958984,
Moldova,MDA,2008.0,1.638,2110.55305353857,39.3710708618164,
Moldova,MDA,2009.0,1.719,1898.43975710988,39.3255348205566,
Moldova,MDA,2010.0,1.703,2436.79935102421,39.2804946899414,43.734
Moldova,MDA,2011.0,1.65,2941.36224066021,39.3469161987305,45.413
Moldova,MDA,2012.0,1.661,3044.8084324815,39.3614196777344,45.706
Moldova,MDA,2013.0,1.622,3321.04397795719,39.4275512695312,46.637
Moldova,MDA,2014.0,1.82,3289.95758568777,39.6298484802246,58.298
Moldova,MDA,2015.0,1.87,2749.55137054338,39.6954040527344,58.992
Moldova,MDA,2016.0,1.89,2847.08794770479,39.7373237609863,60.248
Moldova,MDA,2017.0,1.81,3453.26727720294,39.9736557006836,58.359
Moldova,MDA,2018.0,1.81,4156.44981956646,40.3258094787598,59.878
Moldova,MDA,2019.0,1.78,4405.33418162155,40.772289276123,62.485
Moldova,MDA,2020.0,1.77,4375.7788930524,41.3368530273438,65.227
Moldova,MDA,2021.0,1.751,5274.60582195352,41.8115425109863,71.743
Moldova,MDA,2022.0,1.694,5744.29618434435,42.4048843383789,79.54
Moldova,MDA,2023.0,1.731,6799.58594644576,43.0011825561523,81.723
Moldova,MDA,2024.0,1.726,7576.19589413326,43.516471862793,84.765
Monaco,MCO,1990.0,1.848,81734.8664968011,100.0,
Monaco,MCO,1991.0,1.786,80997.2520924871,100.0,
Monaco,MCO,1992.0,1.755,88614.926367223,100.0,
Monaco,MCO,1993.0,1.749,82685.4559266948,100.0,
Monaco,MCO,1994.0,1.756,86703.8130529474,100.0,
Monaco,MCO,1995.0,1.783,99032.2375054091,100.0,
Monaco,MCO,1996.0,1.824,98561.0137425657,100.0,
Monaco,MCO,1997.0,1.884,88581.7044683607,100.0,
Monaco,MCO,1998.0,1.954,90947.2051224438,100.0,
Monaco,MCO,1999.0,2.007,89698.1993575302,100.0,
Monaco,MCO,2000.0,2.082,81789.0206522549,100.0,
Monaco,MCO,2001.0,2.176,82402.7809570189,100.0,
Monaco,MCO,2002.0,2.006,90051.4459877468,100.0,
Monaco,MCO,2003.0,1.914,111110.451312249,100.0,
Monaco,MCO,2004.0,1.994,125160.228087598,100.0,
Monaco,MCO,2005.0,2.006,130538.742587117,100.0,
Monaco,MCO,2006.0,2.101,143083.461107202,100.0,
Monaco,MCO,2007.0,2.206,184558.556593338,100.0,
Monaco,MCO,2008.0,2.384,204263.797114294,100.0,
Monaco,MCO,2009.0,2.397,169150.267344616,100.0,
Monaco,MCO,2010.0,2.385,161853.920622244,100.0,
Monaco,MCO,2011.0,2.22,179363.984221513,100.0,
Monaco,MCO,2012.0,2.294,165444.651378771,100.0,
Monaco,MCO,2013.0,2.313,184940.663804718,100.0,
Monaco,MCO,2014.0,2.485,195693.570738894,100.0,
Monaco,MCO,2015.0,2.503,170437.101188261,100.0,
Monaco,MCO,2016.0,2.578,173604.753555915,100.0,66.222
Monaco,MCO,2017.0,2.418,170663.375247872,100.0,
Monaco,MCO,2018.0,2.485,188298.315668437,100.0,
Monaco,MCO,2019.0,2.403,193746.785647412,100.0,
Monaco,MCO,2020.0,2.38,176891.886538492,100.0,
Monaco,MCO,2021.0,2.122,223823.363960226,100.0,
Monaco,MCO,2022.0,2.114,226052.001905201,100.0,
Monaco,MCO,2023.0,2.11,256799.788612806,100.0,
Monaco,MCO,2024.0,2.102,288001.433369041,100.0,99.272
Mongolia,MNG,1990.0,4.5,1220.17127664137,57.0217516034624,
Mongolia,MNG,1991.0,4.0,1098.68017445549,56.9900793630989,
Mongolia,MNG,1992.0,3.5,607.813424662797,56.9476949363892,
Mongolia,MNG,1993.0,2.5,354.898613087701,56.8981528530866,
Mongolia,MNG,1994.0,2.7,422.864349383041,56.8450076429443,
Mongolia,MNG,1995.0,2.77,652.67456284915,56.7918138357155,
Mongolia,MNG,1996.0,2.5,595.5810149554,56.7421259611535,21.686
Mongolia,MNG,1997.0,2.4,515.298004947316,56.6994985490115,24.286
Mongolia,MNG,1998.0,2.3,483.878066074871,56.6674861290427,27.51
Mongolia,MNG,1999.0,2.3,448.660368337533,56.6496432310004,33.424
Mongolia,MNG,2000.0,2.2,476.02755082717,56.7305447074496,37.156
Mongolia,MNG,2001.0,2.2,524.453483552485,57.2155913875612,41.969
Mongolia,MNG,2002.0,2.1,570.249213248399,58.1310120482033,44.019
Mongolia,MNG,2003.0,2.0,643.168068921658,59.3546986563236,46.097
Mongolia,MNG,2004.0,2.0,794.154552001815,60.7829994587671,48.972
Mongolia,MNG,2005.0,2.0,994.90010913241,62.3122627023789,53.434
Mongolia,MNG,2006.0,2.1,1329.89179579053,63.8388366340039,56.865
Mongolia,MNG,2007.0,2.3,1627.68787743359,65.2590695004873,56.938
Mongolia,MNG,2008.0,2.6,2127.42678594737,66.4693095486742,60.068
Mongolia,MNG,2009.0,2.8,1703.32756790019,67.3659050254095,64.874
Mongolia,MNG,2010.0,2.4,2625.21881402433,67.8298018313254,68.206
Mongolia,MNG,2011.0,2.6,3736.04201455077,67.9196058798676,68.163
Mongolia,MNG,2012.0,2.7,4328.89001905655,67.9522782537785,72.682
Mongolia,MNG,2013.0,3.0,4340.14310544449,67.9776750055915,76.295
Mongolia,MNG,2014.0,3.1,4126.23975800524,67.9941357229626,78.707
Mongolia,MNG,2015.0,3.0,3838.92126989984,67.9999999906095,81.777
Mongolia,MNG,2016.0,3.0,3619.90026383792,67.9776754820979,76.178
Mongolia,MNG,2017.0,2.8,3645.96708669551,67.9260583223672,76.21
Mongolia,MNG,2018.0,2.9,4107.64288528468,67.8683444833372,76.999
Mongolia,MNG,2019.0,3.0,4347.54610314873,67.8277299551557,82.439
Mongolia,MNG,2020.0,2.9,4001.25193077703,68.0894771770775,83.234
Mongolia,MNG,2021.0,2.8,4517.61578018785,69.2153244018555,84.419
Mongolia,MNG,2022.0,2.7,4993.51487463495,69.783805847168,85.463
Mongolia,MNG,2023.0,2.7,5838.63108083902,70.4464492797852,85.667
Mongolia,MNG,2024.0,2.5,6750.6301157724,70.9566040039062,87.794
Montenegro,MNE,1990.0,1.945,,48.541693005835,
Montenegro,MNE,1991.0,2.015,,49.0415573735914,
Montenegro,MNE,1992.0,2.013,,49.7231487452489,
Montenegro,MNE,1993.0,1.955,,50.6126642944792,
Montenegro,MNE,1994.0,1.936,,51.6631765173545,
Montenegro,MNE,1995.0,1.958,,52.8343773069715,
Montenegro,MNE,1996.0,1.922,,54.0859585564272,
Montenegro,MNE,1997.0,1.886,1375.32616813442,55.3776121588181,
Montenegro,MNE,1998.0,1.893,1405.81632669854,56.6690300072411,
Montenegro,MNE,1999.0,1.884,1367.90257335097,57.919903994793,
Montenegro,MNE,2000.0,1.903,1627.06511911987,59.0899260145706,19.733
Montenegro,MNE,2001.0,1.855,1909.59870186179,60.1387879596705,21.792
Montenegro,MNE,2002.0,1.813,2106.6350684523,61.0261817231895,20.628
Montenegro,MNE,2003.0,1.804,2789.15906483509,61.6986616237464,22.332
Montenegro,MNE,2004.0,1.734,3380.16512135859,62.210498320663,27.471
Montenegro,MNE,2005.0,1.69,3674.6179242797,62.6763680644251,30.646
Montenegro,MNE,2006.0,1.73,4418.84951521682,63.111308588912,35.845
Montenegro,MNE,2007.0,1.8,5971.84638953467,63.5035790981749,42.527
Montenegro,MNE,2008.0,1.89,7359.95118960869,63.8414387962647,48.814
Montenegro,MNE,2009.0,1.98,6700.11405052395,64.1131468872325,58.534
Montenegro,MNE,2010.0,1.7,6678.63930800758,64.3069625751293,61.546
Montenegro,MNE,2011.0,1.65,7265.51668681954,64.4210914835811,65.429
Montenegro,MNE,2012.0,1.72,6552.48071710904,64.5244008658951,68.328
Montenegro,MNE,2013.0,1.73,7102.77882895852,64.6252987959653,67.469
Montenegro,MNE,2014.0,1.75,7342.17339453427,64.7232143772459,70.143
Montenegro,MNE,2015.0,1.7,6421.00307345999,64.8181652937171,70.679
Montenegro,MNE,2016.0,1.8,6968.01539365317,64.9101692293409,65.978
Montenegro,MNE,2017.0,1.8,7674.2813940676,64.9992438680584,68.525
Montenegro,MNE,2018.0,1.8,8673.59128084795,65.0854068937869,66.625
Montenegro,MNE,2019.0,1.8,8749.02375172644,65.1686759904159,64.235
Montenegro,MNE,2020.0,1.75,7538.53635992191,65.2490688418027,66.836
Montenegro,MNE,2021.0,1.75,9317.15520065156,65.3266031317675,67.035
Montenegro,MNE,2022.0,1.8,10024.5435616209,65.4012965440866,67.85
Montenegro,MNE,2023.0,1.74,12259.8775034436,65.4731667624849,66.924
Montenegro,MNE,2024.0,1.8,13263.3281277699,65.5422314706266,
Morocco,MAR,1990.0,4.06,1229.07104492188,48.4338645935059,7.952
Morocco,MAR,1991.0,3.947,1292.23376464844,49.1526794433594,7.656
Morocco,MAR,1992.0,3.757,1327.02954101563,49.8101539611816,7.765
Morocco,MAR,1993.0,3.548,1226.43054199219,50.4392204284668,8.271
Morocco,MAR,1994.0,3.413,1358.79443359375,51.2177079462615,8.575
Morocco,MAR,1995.0,3.295,1466.78820800781,51.7589098974736,9.171
Morocco,MAR,1996.0,3.229,1596.83239746094,52.2102813479572,
Morocco,MAR,1997.0,3.147,1426.30114746094,52.6042202331149,9.428
Morocco,MAR,1998.0,3.037,1668.49755859375,52.9553071144083,7.605
Morocco,MAR,1999.0,2.882,1635.65673828125,53.2781225532994,7.968
Morocco,MAR,2000.0,2.774,1499.107421875,53.58724711125,8.555
Morocco,MAR,2001.0,2.686,1506.24523925781,53.8972613497219,9.054
Morocco,MAR,2002.0,2.617,1596.02062988281,54.222745830177,9.305
Morocco,MAR,2003.0,2.606,1941.87255859375,54.5782811140771,9.693
Morocco,MAR,2004.0,2.611,2183.55541992188,54.9787569660869,10.172
Morocco,MAR,2005.0,2.613,2242.98828125,55.4397798676399,10.529
Morocco,MAR,2006.0,2.611,2438.12646484375,55.9627589629824,11.498
Morocco,MAR,2007.0,2.618,2755.5859375,56.5303841299064,11.143
Morocco,MAR,2008.0,2.612,3183.20043945313,57.1254169272616,12.491
Morocco,MAR,2009.0,2.624,3119.58862304688,57.7306189138977,12.521
Morocco,MAR,2010.0,2.629,3067.9853515625,58.3287516486646,13.549
Morocco,MAR,2011.0,2.595,3301.98876953125,58.902576690412,15.52
Morocco,MAR,2012.0,2.543,3164.17724609375,59.4348555979895,18.594
Morocco,MAR,2013.0,2.478,3379.7431640625,59.9083499302469,22.15
Morocco,MAR,2014.0,2.425,3435.40698242188,60.3030486171654,25.059
Morocco,MAR,2015.0,2.406,3146.24780273438,60.6417124737154,28.037
Morocco,MAR,2016.0,2.396,3140.85546875,60.9657656537179,30.894
Morocco,MAR,2017.0,2.375,3296.52661132813,61.2761057031842,33.06
Morocco,MAR,2018.0,2.354,3501.69799804688,61.5695822753314,35.209
Morocco,MAR,2019.0,2.342,3508.09765625,61.8430450233765,38.405
Morocco,MAR,2020.0,2.32,3268.0302734375,62.0933436005366,40.999
Morocco,MAR,2021.0,2.288,3785.93627929688,62.3173276600289,45.144
Morocco,MAR,2022.0,2.256,3463.1376953125,62.5118468550703,49.433
Morocco,MAR,2023.0,2.23,3813.72607421875,62.673750838878,51.82
Morocco,MAR,2024.0,2.208,4153.1943359375,62.7998124018197,53.48
Mozambique,MOZ,1990.0,6.319,,23.1880130398699,
Mozambique,MOZ,1991.0,6.276,288.708092484444,24.2437715438413,
Mozambique,MOZ,1992.0,6.218,205.585216062094,25.2341691598851,0.203
Mozambique,MOZ,1993.0,6.153,205.189844208699,26.1405953505588,0.219
Mozambique,MOZ,1994.0,6.082,196.763143175646,26.9444395784199,0.243
Mozambique,MOZ,1995.0,6.019,191.826096861406,27.6270913060259,0.232
Mozambique,MOZ,1996.0,5.973,244.362651012498,28.1699399959342,0.232
Mozambique,MOZ,1997.0,5.933,287.532091475389,28.5523811697494,
Mozambique,MOZ,1998.0,5.905,320.125121723292,28.8204506770301,
Mozambique,MOZ,1999.0,5.875,354.406245723711,29.0471155729086,
Mozambique,MOZ,2000.0,5.83,327.12623979157,29.2423697311441,0.321
Mozambique,MOZ,2001.0,5.755,304.792138621913,29.4137097764239,0.327
Mozambique,MOZ,2002.0,5.667,313.886661721198,29.5686323334348,0.399
Mozambique,MOZ,2003.0,5.6,339.488737800648,29.7146340268639,0.582
Mozambique,MOZ,2004.0,5.551,400.056973161545,29.8592114813982,0.719
Mozambique,MOZ,2005.0,5.5,436.773856167384,30.0098613217248,0.935
Mozambique,MOZ,2006.0,5.452,457.487647833183,30.1740801725307,1.979
Mozambique,MOZ,2007.0,5.466,507.874923914304,30.3598131347122,2.287
Mozambique,MOZ,2008.0,5.598,592.159111184122,30.5625357695184,2.68
Mozambique,MOZ,2009.0,5.681,547.697144193651,30.7715592059159,2.903
Mozambique,MOZ,2010.0,5.66,496.185839392659,30.9861779822921,3.616
Mozambique,MOZ,2011.0,5.599,618.17649286789,31.2062230032794,3.746
Mozambique,MOZ,2012.0,5.518,685.685748199513,31.4315251735105,4.065
Mozambique,MOZ,2013.0,5.43,686.505672517351,31.6619153976179,4.455
Mozambique,MOZ,2014.0,5.304,697.142680444123,31.8972245802342,5.18
Mozambique,MOZ,2015.0,5.245,610.563774706589,32.1372836259918,5.659
Mozambique,MOZ,2016.0,5.188,441.489734819071,32.3819234395234,6.444
Mozambique,MOZ,2017.0,5.128,470.93856305196,32.6274411492675,6.466
Mozambique,MOZ,2018.0,5.07,517.507260258101,32.9902559073541,6.685
Mozambique,MOZ,2019.0,5.016,519.09255091362,33.4177241517032,
Mozambique,MOZ,2020.0,4.959,462.433876479921,33.9044006416285,
Mozambique,MOZ,2021.0,4.905,509.907829475551,34.4499259401554,
Mozambique,MOZ,2022.0,4.84,578.251663751351,35.0536638047945,
Mozambique,MOZ,2023.0,4.763,622.000297682823,35.7149783148407,
Mozambique,MOZ,2024.0,4.69,656.776824637306,36.4332337447237,
Myanmar,MMR,1990.0,3.504,53.1225401094506,25.8036875493115,
Myanmar,MMR,1991.0,3.432,51.2408970610106,25.9653856174157,
Myanmar,MMR,1992.0,3.354,58.8896739558883,26.1312038407788,5.257
Myanmar,MMR,1993.0,3.281,76.212889482598,26.3005466531825,6.722
Myanmar,MMR,1994.0,3.204,105.391561114159,26.4728184884086,
Myanmar,MMR,1995.0,3.127,124.14348039051,26.6474237802388,7.057
Myanmar,MMR,1996.0,3.058,141.897267580367,26.823766962455,
Myanmar,MMR,1997.0,2.985,108.039770292032,27.001252468839,
Myanmar,MMR,1998.0,2.912,145.950830383757,27.1792847331724,9.175
Myanmar,MMR,1999.0,2.851,189.490155849067,27.3572681892371,
Myanmar,MMR,2000.0,2.813,196.619580625284,27.5346072708149,
Myanmar,MMR,2001.0,2.793,141.525660705722,27.7107064116875,
Myanmar,MMR,2002.0,2.765,146.598390364449,27.8849700456368,
Myanmar,MMR,2003.0,2.68,224.292688912409,28.0568026064444,
Myanmar,MMR,2004.0,2.588,224.508811413327,28.2256085278922,
Myanmar,MMR,2005.0,2.515,252.685193060728,28.390792243762,
Myanmar,MMR,2006.0,2.471,303.495087119254,28.5517581878355,
Myanmar,MMR,2007.0,2.447,419.375780725042,28.7079107938945,13.047
Myanmar,MMR,2008.0,2.404,658.442487229705,28.8586544957208,
Myanmar,MMR,2009.0,2.369,758.442935789255,29.0033937270962,
Myanmar,MMR,2010.0,2.335,1010.53417343401,29.1415329218024,
Myanmar,MMR,2011.0,2.306,1213.62898703376,29.2724765136213,16.803
Myanmar,MMR,2012.0,2.276,1202.6658960055,29.3956289363345,15.482
Myanmar,MMR,2013.0,2.264,1199.09561597055,29.5103946237239,
Myanmar,MMR,2014.0,2.252,1293.00042319714,29.6164342116462,
Myanmar,MMR,2015.0,2.266,1166.73305547935,29.7166821191682,
Myanmar,MMR,2016.0,2.27,1229.19713491328,29.8129165582094,
Myanmar,MMR,2017.0,2.252,1272.82241815234,29.9051727703437,
Myanmar,MMR,2018.0,2.228,1298.21310327675,29.993574050729,24.368
Myanmar,MMR,2019.0,2.206,1425.98954241668,30.0782436945232,
Myanmar,MMR,2020.0,2.179,1490.21683599469,30.1593049968842,
Myanmar,MMR,2021.0,2.158,1242.7213439951,30.2368812529698,
Myanmar,MMR,2022.0,2.131,1158.05005055976,30.311095757938,
Myanmar,MMR,2023.0,2.115,1233.19666209269,30.3820718069466,
Myanmar,MMR,2024.0,2.098,1359.05001560107,30.4499084074136,
Namibia,NAM,1990.0,5.398,2037.47589359778,26.8671654353929,
Namibia,NAM,1991.0,5.29,2116.90552516214,27.0715773259609,3.579
Namibia,NAM,1992.0,5.107,2346.86242963741,27.3243006833291,
Namibia,NAM,1993.0,4.905,2154.96473655435,27.6807987893929,
Namibia,NAM,1994.0,4.676,2355.90445673153,28.1343648393447,7.528
Namibia,NAM,1995.0,4.417,2483.20353415161,28.6711186131719,8.523
Namibia,NAM,1996.0,4.201,2423.3982907313,29.2771798908614,
Namibia,NAM,1997.0,4.166,2459.64511763936,29.9386684524006,5.585
Namibia,NAM,1998.0,4.176,2235.24515468625,30.6417040777766,6.894
Namibia,NAM,1999.0,4.138,2177.78733370092,31.3724065469765,
Namibia,NAM,2000.0,3.991,2156.67590512714,32.1168956399877,
Namibia,NAM,2001.0,3.827,1915.58926594875,32.8575058425719,6.688
Namibia,NAM,2002.0,3.693,1772.07565537493,33.6459301456028,6.928
Namibia,NAM,2003.0,3.58,2569.24739317883,34.5460063719633,6.719
Namibia,NAM,2004.0,3.545,3403.15496192955,35.5356476670033,
Namibia,NAM,2005.0,3.571,3685.77299991587,36.5870014553064,6.549
Namibia,NAM,2006.0,3.601,4017.1834716928,37.6722151614564,6.214
Namibia,NAM,2007.0,3.608,4379.04313682732,38.763436210037,
Namibia,NAM,2008.0,3.616,4204.78555422749,39.8328120256318,10.607
Namibia,NAM,2009.0,3.633,4302.91374148376,40.8524900328246,
Namibia,NAM,2010.0,3.657,5418.21633365814,41.7946176561991,
Namibia,NAM,2011.0,3.658,5834.7917675794,42.6276075621535,
Namibia,NAM,2012.0,3.676,5942.64680978673,43.3804079185694,20.44
Namibia,NAM,2013.0,3.653,5346.62131149967,44.1106769079132,21.602
Namibia,NAM,2014.0,3.635,5378.32326241205,44.8214248210559,22.889
Namibia,NAM,2015.0,3.604,4774.10650865775,45.5103554445325,24.754
Namibia,NAM,2016.0,3.574,4395.68776162376,46.1751725648784,27.029
Namibia,NAM,2017.0,3.511,5143.96072323076,46.8135799686288,29.737
Namibia,NAM,2018.0,3.462,5308.60813408705,47.4232814423189,31.407
Namibia,NAM,2019.0,3.404,4731.9210318831,48.0019807724839,34.453
Namibia,NAM,2020.0,3.349,3878.58982993966,48.547381745659,34.172
Namibia,NAM,2021.0,3.303,4412.8355693052,49.0571881483796,34.755
Namibia,NAM,2022.0,3.248,4349.79908493314,49.5291037671807,33.119
Namibia,NAM,2023.0,3.212,4187.60500396525,49.9545837830821,
Namibia,NAM,2024.0,3.211,4413.12752211572,50.4088030252155,
Nauru,NRU,1990.0,4.02,5775.55347423089,100.0,
Nauru,NRU,1991.0,3.991,5333.37954889626,100.0,
Nauru,NRU,1992.0,3.952,5102.59685913907,100.0,
Nauru,NRU,1993.0,3.887,4310.24433298623,100.0,
Nauru,NRU,1994.0,3.837,3920.53972987914,100.0,
Nauru,NRU,1995.0,3.808,3932.0910939209,100.0,
Nauru,NRU,1996.0,3.775,3678.56242894634,100.0,
Nauru,NRU,1997.0,3.738,3661.02846701327,100.0,
Nauru,NRU,1998.0,3.683,2908.84986525428,100.0,
Nauru,NRU,1999.0,3.636,2682.69486680046,100.0,
Nauru,NRU,2000.0,3.543,2648.60152860938,100.0,
Nauru,NRU,2001.0,3.461,2232.30874026726,100.0,
Nauru,NRU,2002.0,3.4,2084.64824520971,100.0,
Nauru,NRU,2003.0,3.388,2463.28259078079,100.0,
Nauru,NRU,2004.0,3.378,3040.51349889,100.0,
Nauru,NRU,2005.0,3.377,2992.40382776926,100.0,
Nauru,NRU,2006.0,3.4,2910.14145794684,100.0,
Nauru,NRU,2007.0,3.504,2272.15291307045,100.0,
Nauru,NRU,2008.0,3.665,3756.84531228766,100.0,
Nauru,NRU,2009.0,3.847,4410.56764668962,100.0,
Nauru,NRU,2010.0,4.019,4735.92000502092,100.0,
Nauru,NRU,2011.0,4.117,6444.03642094634,100.0,
Nauru,NRU,2012.0,4.115,9842.77032731856,100.0,
Nauru,NRU,2013.0,4.098,8974.51886874433,100.0,
Nauru,NRU,2014.0,4.085,9230.05440328927,100.0,
Nauru,NRU,2015.0,4.075,7747.25584993607,100.0,
Nauru,NRU,2016.0,4.027,8748.15632605428,100.0,
Nauru,NRU,2017.0,3.879,9656.97976571484,100.0,
Nauru,NRU,2018.0,3.683,11413.7463016389,100.0,
Nauru,NRU,2019.0,3.531,10801.7705659635,100.0,
Nauru,NRU,2020.0,3.466,10709.068810538,100.0,
Nauru,NRU,2021.0,3.425,14979.099896799,100.0,
Nauru,NRU,2022.0,3.379,12911.9086441381,100.0,
Nauru,NRU,2023.0,3.331,12752.4723855838,100.0,
Nauru,NRU,2024.0,3.29,13609.158837552,100.0,
Nepal,NPL,1990.0,5.211,185.794600449903,19.7619358653766,2.34
Nepal,NPL,1991.0,5.151,195.716621410462,20.4093952178955,2.757
Nepal,NPL,1992.0,5.074,165.02959412726,21.1696090774496,
Nepal,NPL,1993.0,5.042,172.805202579767,22.0386921067433,
Nepal,NPL,1994.0,4.964,187.258176246151,23.0157968547751,
Nepal,NPL,1995.0,4.869,197.843001330326,24.1000758705435,
Nepal,NPL,1996.0,4.668,198.821907435345,25.2906817030471,
Nepal,NPL,1997.0,4.442,211.834869589153,26.5867669012845,
Nepal,NPL,1998.0,4.275,205.075246306069,27.9874840142543,
Nepal,NPL,1999.0,4.13,208.646667913743,29.4919855909549,
Nepal,NPL,2000.0,3.984,223.830289183078,31.0994241803849,2.31
Nepal,NPL,2001.0,3.793,240.795114544664,32.808952331543,
Nepal,NPL,2002.0,3.604,238.89140296106,35.0358944291182,2.082
Nepal,NPL,2003.0,3.439,246.429706587633,38.045308394296,2.387
Nepal,NPL,2004.0,3.279,279.587750044428,41.6109470808194,3.136
Nepal,NPL,2005.0,3.115,309.024168339372,45.5065633424317,5.238
Nepal,NPL,2006.0,2.967,340.431796437968,49.5059100328759,5.417
Nepal,NPL,2007.0,2.857,385.449767660642,53.3827400058951,
Nepal,NPL,2008.0,2.737,464.817391891529,56.9108061152324,8.054
Nepal,NPL,2009.0,2.63,473.078751198621,59.8638612146309,7.984
Nepal,NPL,2010.0,2.541,585.278491984574,62.0156581578338,10.408
Nepal,NPL,2011.0,2.462,785.518656222132,63.139949798584,10.625
Nepal,NPL,2012.0,2.42,788.202937148377,63.6558406194333,
Nepal,NPL,2013.0,2.36,803.269595420477,64.1314570156048,14.362
Nepal,NPL,2014.0,2.319,821.455224911731,64.5640847098488,13.345
Nepal,NPL,2015.0,2.273,875.543635474862,64.9510094249155,12.753
Nepal,NPL,2016.0,2.226,877.256454696737,65.2895168835553,11.561
Nepal,NPL,2017.0,2.173,1034.28374906846,65.5768928085184,12.027
Nepal,NPL,2018.0,2.12,1179.19843190389,65.8104229225551,13.547
Nepal,NPL,2019.0,2.08,1203.14294706401,65.9873929484157,14.605
Nepal,NPL,2020.0,2.051,1154.21517578318,66.1050886088505,14.63
Nepal,NPL,2021.0,2.025,1252.75076731986,66.144235274522,15.844
Nepal,NPL,2022.0,2.002,1385.91066274851,66.2992968721053,15.447
Nepal,NPL,2023.0,1.984,1382.33055769304,66.5432933453944,20.793
Nepal,NPL,2024.0,1.961,1447.31004458428,66.772343163029,23.867
Netherlands,NLD,1990.0,1.62,21322.1944802703,68.9873866123858,
Netherlands,NLD,1991.0,1.61,21764.2144987258,69.207275104499,
Netherlands,NLD,1992.0,1.59,23939.2173482108,69.3087428522066,
Netherlands,NLD,1993.0,1.57,23156.4404444568,69.7586743487312,
Netherlands,NLD,1994.0,1.57,24682.5866742863,70.4100572065956,
Netherlands,NLD,1995.0,1.53,29301.1940492376,70.6936274148982,
Netherlands,NLD,1996.0,1.53,29063.6236532536,72.423330585432,
Netherlands,NLD,1997.0,1.56,26744.9601318097,75.5542374231759,
Netherlands,NLD,1998.0,1.63,27924.281808994,76.75231877333,
Netherlands,NLD,1999.0,1.65,28318.7466538357,77.06074312186,
Netherlands,NLD,2000.0,1.72,26225.1697734149,78.4826828427081,52.193
Netherlands,NLD,2001.0,1.71,26955.7128032278,80.1840578652121,54.381
Netherlands,NLD,2002.0,1.73,29446.5330872868,80.8085275226169,55.993
Netherlands,NLD,2003.0,1.75,35896.7504630706,81.3011308878582,57.211
Netherlands,NLD,2004.0,1.72,40611.3414353091,82.250953139759,58.867
Netherlands,NLD,2005.0,1.71,42165.396168388,83.5048949725161,60.989
Netherlands,NLD,2006.0,1.72,45123.5432406426,84.6532280358545,62.233
Netherlands,NLD,2007.0,1.72,52100.7996285947,85.4089231499726,63.22
Netherlands,NLD,2008.0,1.77,58246.7026905874,85.6149582464487,64.039
Netherlands,NLD,2009.0,1.79,53172.0261581418,86.2223179632671,64.701
Netherlands,NLD,2010.0,1.79,51305.7338533973,87.3502790247129,67.153
Netherlands,NLD,2011.0,1.76,54701.7728030611,88.0059204972573,79.524
Netherlands,NLD,2012.0,1.72,50473.9442002689,88.5342462391333,79.031
Netherlands,NLD,2013.0,1.68,52602.2860520766,89.1749992370605,
Netherlands,NLD,2014.0,1.71,53457.2234864322,89.8364787097165,
Netherlands,NLD,2015.0,1.66,45793.8135434697,90.2787737214621,85.226
Netherlands,NLD,2016.0,1.66,46808.5291492503,90.5803239452777,84.446
Netherlands,NLD,2017.0,1.62,49513.6817346384,91.1219700676602,88.59
Netherlands,NLD,2018.0,1.59,53955.0770024266,92.6062472401044,88.645
Netherlands,NLD,2019.0,1.57,53554.9007491475,93.8898028856479,
Netherlands,NLD,2020.0,1.54,53467.9277413737,94.2532277765935,91.297
Netherlands,NLD,2021.0,1.62,60141.9880911492,94.6294783220315,96.534
Netherlands,NLD,2022.0,1.49,59123.318556487,94.9856177734136,
Netherlands,NLD,2023.0,1.43,63515.6030780019,95.3221682092129,94.439
Netherlands,NLD,2024.0,1.43,67520.4218956281,95.6396517079336,
New Caledonia,NCL,1990.0,3.1,14334.6807372176,59.6023931100883,
New Caledonia,NCL,1991.0,3.072,14642.5179713722,59.7225719950378,
New Caledonia,NCL,1992.0,2.948,15713.7198562158,59.8400221071013,
New Caledonia,NCL,1993.0,2.823,14787.2165075183,59.9626647131005,
New Caledonia,NCL,1994.0,2.715,15534.3093278924,60.0984210798572,
New Caledonia,NCL,1995.0,2.652,18107.8880778022,60.255212474193,
New Caledonia,NCL,1996.0,2.654,17592.0502745845,60.4419641547703,
New Caledonia,NCL,1997.0,2.646,15704.9593483537,60.6702043149765,
New Caledonia,NCL,1998.0,2.547,16614.5978812179,60.9437958565548,
New Caledonia,NCL,1999.0,2.484,16692.6835119189,61.2583802069977,
New Caledonia,NCL,2000.0,2.509,15329.7297200058,61.6103287085477,
New Caledonia,NCL,2001.0,2.422,14482.3606263602,61.9960127034469,
New Caledonia,NCL,2002.0,2.347,16104.5520406819,62.4118035339378,
New Caledonia,NCL,2003.0,2.268,20768.1061488848,62.8540725422625,
New Caledonia,NCL,2004.0,2.243,24475.6488547037,63.3117500793361,
New Caledonia,NCL,2005.0,2.227,25528.2918353444,63.918391040144,
New Caledonia,NCL,2006.0,2.241,28193.2537573387,64.7508025811084,
New Caledonia,NCL,2007.0,2.215,35177.6535261448,65.6204802173329,
New Caledonia,NCL,2008.0,2.204,35723.9033194947,66.3257509774158,
New Caledonia,NCL,2009.0,2.194,33836.494080472,66.6631859586932,
New Caledonia,NCL,2010.0,2.187,35798.9084757829,66.703836218007,
New Caledonia,NCL,2011.0,2.2,38835.9401851385,66.726209122213,
New Caledonia,NCL,2012.0,2.202,35559.5672006157,66.7417059914448,
New Caledonia,NCL,2013.0,2.167,36671.1566752621,66.7584127864925,
New Caledonia,NCL,2014.0,2.118,37816.9558599295,66.7846387072769,
New Caledonia,NCL,2015.0,2.079,30858.7237060533,66.8278045547803,
New Caledonia,NCL,2016.0,2.078,30782.8544433514,66.8902054658406,
New Caledonia,NCL,2017.0,2.043,32354.7102832901,66.9683393293094,
New Caledonia,NCL,2018.0,2.041,34902.8968780031,67.0588809757675,
New Caledonia,NCL,2019.0,2.05,33411.3358835672,67.1574673707832,
New Caledonia,NCL,2020.0,2.022,33270.330597637,67.2747261065933,
New Caledonia,NCL,2021.0,2.012,35311.5543551452,67.4130776539646,
New Caledonia,NCL,2022.0,1.998,33516.363085906,67.5720305021282,
New Caledonia,NCL,2023.0,1.98,33701.8923322781,67.751522311337,
New Caledonia,NCL,2024.0,1.964,29213.1923192946,67.9514695585577,
New Zealand,NZL,1990.0,2.18,13663.0216184298,84.7840783188668,
New Zealand,NZL,1991.0,2.09,12230.0734548834,84.9503136860067,
New Zealand,NZL,1992.0,2.06,11793.1392416214,85.0806768441581,
New Zealand,NZL,1993.0,2.04,13094.3454502639,85.1983223757834,
New Zealand,NZL,1994.0,1.98,15280.3127842922,85.3021313465976,
New Zealand,NZL,1995.0,1.98,17400.4201848172,85.392759490696,
New Zealand,NZL,1996.0,1.96,18794.436039393,85.4708430476733,
New Zealand,NZL,1997.0,1.96,17474.187029724,85.5395698424773,
New Zealand,NZL,1998.0,1.89,14738.4455703918,85.6005599181034,
New Zealand,NZL,1999.0,1.97,15322.2238340267,85.6555096232176,
New Zealand,NZL,2000.0,1.98,13641.1027183822,85.7059660456056,
New Zealand,NZL,2001.0,1.97,13882.8568268586,85.7545174444303,
New Zealand,NZL,2002.0,1.89,16874.1874918196,85.8061578183401,
New Zealand,NZL,2003.0,1.93,21913.7081719961,85.857962055807,
New Zealand,NZL,2004.0,1.98,25420.234882944,85.9017708294597,
New Zealand,NZL,2005.0,1.97,27751.0654708859,85.9299325780946,
New Zealand,NZL,2006.0,2.01,26654.5932018985,85.9356841665703,
New Zealand,NZL,2007.0,2.18,32479.9817381467,85.9291840664852,
New Zealand,NZL,2008.0,2.19,31324.7397977102,85.9144723093505,
New Zealand,NZL,2009.0,2.13,28276.7255416225,85.8918345477824,
New Zealand,NZL,2010.0,2.17,33761.9009639947,85.8614043258228,
New Zealand,NZL,2011.0,2.09,38431.7766788499,85.8233151875134,
New Zealand,NZL,2012.0,2.1,40053.6991536369,85.777700676896,
New Zealand,NZL,2013.0,2.01,43000.4646849189,85.7080129786455,95.112
New Zealand,NZL,2014.0,1.92,44618.266973847,85.5076659530411,95.238
New Zealand,NZL,2015.0,1.99,38665.3723018158,85.1518763760531,96.922
New Zealand,NZL,2016.0,1.87,40113.7195382428,84.691365594,97.118
New Zealand,NZL,2017.0,1.81,42950.3841711138,84.1701025874108,96.907
New Zealand,NZL,2018.0,1.71,43257.0769238879,83.8017846685577,97.688
New Zealand,NZL,2019.0,1.72,42855.831861632,83.804965871667,94.86
New Zealand,NZL,2020.0,1.62,41997.7830324279,83.8138977095908,93.189
New Zealand,NZL,2021.0,1.65,49950.4251691316,83.8299382585905,99.257
New Zealand,NZL,2022.0,1.67,49099.7090423358,83.8547305017812,97.027
New Zealand,NZL,2023.0,1.57,49075.9562832927,83.8898991461229,95.568
New Zealand,NZL,2024.0,1.57,49205.1792146792,83.9370658833132,
Nicaragua,NIC,1990.0,4.596,242.508390600822,53.4931500385358,7.56
Nicaragua,NIC,1991.0,4.432,349.514318640612,53.689220220561,7.106
Nicaragua,NIC,1992.0,4.267,411.473330661786,53.8816325285926,7.883
Nicaragua,NIC,1993.0,4.102,394.378074021071,54.0713283349293,
Nicaragua,NIC,1994.0,3.937,849.179331364895,54.2592490118693,
Nicaragua,NIC,1995.0,3.775,891.779352309996,54.4454415882899,10.488
Nicaragua,NIC,1996.0,3.62,910.861645917295,54.6219424540121,
Nicaragua,NIC,1997.0,3.473,912.757429788533,54.7838878574412,10.97
Nicaragua,NIC,1998.0,3.339,949.155373494771,54.9348900789023,
Nicaragua,NIC,1999.0,3.218,980.219744675246,55.0779505708784,
Nicaragua,NIC,2000.0,3.12,1017.3124434882,55.2160707858522,
Nicaragua,NIC,2001.0,2.996,1051.874235891,55.3522521763064,
Nicaragua,NIC,2002.0,2.887,1014.3339042591,55.4894961947237,18.47
Nicaragua,NIC,2003.0,2.827,1021.35216668794,55.6308042935869,
Nicaragua,NIC,2004.0,2.784,1098.62118662335,55.7791779253789,
Nicaragua,NIC,2005.0,2.765,1183.30214010175,55.9375480421093,
Nicaragua,NIC,2006.0,2.733,1248.17371577788,56.1058547675536,
Nicaragua,NIC,2007.0,2.697,1350.38145753377,56.2816618351146,
Nicaragua,NIC,2008.0,2.66,1523.68437086409,56.4638124507513,
Nicaragua,NIC,2009.0,2.626,1467.08288052845,56.651098305894,
Nicaragua,NIC,2010.0,2.596,1526.56706951408,56.842311091973,
Nicaragua,NIC,2011.0,2.558,1679.71192084633,57.0362425004184,
Nicaragua,NIC,2012.0,2.527,1784.69836017555,57.2316842226606,
Nicaragua,NIC,2013.0,2.492,1835.43996363715,57.4274279501299,
Nicaragua,NIC,2014.0,2.463,1958.37047579547,57.6222653742564,
Nicaragua,NIC,2015.0,2.434,2074.45620634731,57.8149881864705,
Nicaragua,NIC,2016.0,2.407,2131.68704828322,58.0043880782023,
Nicaragua,NIC,2017.0,2.378,2182.61380995674,58.1892567408822,
Nicaragua,NIC,2018.0,2.347,2035.16549390507,58.3683858659405,
Nicaragua,NIC,2019.0,2.321,1958.62051528095,58.5405671448072,
Nicaragua,NIC,2020.0,2.299,1938.44704754382,58.7045922689128,
Nicaragua,NIC,2021.0,2.265,2138.38588469449,58.8592529296875,
Nicaragua,NIC,2022.0,2.24,2322.89053964583,58.9954376220703,
Nicaragua,NIC,2023.0,2.218,2609.44492072931,59.1250953674316,35.655
Nicaragua,NIC,2024.0,2.206,2847.53966339498,59.2628402709961,
Niger,NER,1990.0,7.806,423.887460599302,15.448037147522,0.193
Niger,NER,1991.0,7.798,384.44311679922,15.5171031951904,
Niger,NER,1992.0,7.795,384.029657304316,15.5867443084717,
Niger,NER,1993.0,7.79,335.429581902384,15.656964302063,
Niger,NER,1994.0,7.786,206.214617135856,15.7277612686157,
Niger,NER,1995.0,7.776,237.01998956862,15.7991333007812,
Niger,NER,1996.0,7.78,239.494513213973,15.8138437271118,
Niger,NER,1997.0,7.802,220.562957209,15.8930797576904,
Niger,NER,1998.0,7.84,246.090855923026,15.9723119735718,
Niger,NER,1999.0,7.84,228.271656116064,16.0515403747559,
Niger,NER,2000.0,7.829,194.771959898935,16.1307678222656,
Niger,NER,2001.0,7.81,205.417936120931,16.2687225341797,
Niger,NER,2002.0,7.797,225.294391147438,16.2687206268311,
Niger,NER,2003.0,7.789,265.225363452469,16.2687225341797,0.462
Niger,NER,2004.0,7.777,283.468281798296,16.2687225341797,0.448
Niger,NER,2005.0,7.769,318.643121918273,16.2687225341797,0.577
Niger,NER,2006.0,7.744,333.345078419447,16.2675724894628,0.524
Niger,NER,2007.0,7.726,387.168065883301,16.2641887037781,0.529
Niger,NER,2008.0,7.702,475.044955398162,16.2586706998252,0.628
Niger,NER,2009.0,7.679,461.131533961487,16.2511180003032,0.745
Niger,NER,2010.0,7.64,474.425692340831,16.2416301279116,0.792
Niger,NER,2011.0,7.592,510.75956176268,16.2303066053496,0.838
Niger,NER,2012.0,7.527,528.510104469655,16.2141284004355,0.878
Niger,NER,2013.0,7.445,552.103334363117,16.2162595696064,
Niger,NER,2014.0,7.342,565.30989731175,16.2450424611665,
Niger,NER,2015.0,7.215,485.662574175279,16.3035606587493,2.1
Niger,NER,2016.0,7.043,502.706475406446,16.3898280543236,2.469
Niger,NER,2017.0,6.874,521.804130023434,16.5036987906896,2.402
Niger,NER,2018.0,6.706,578.568035680892,16.6449011799221,2.52
Niger,NER,2019.0,6.537,561.691304349698,16.813146499685,3.215
Niger,NER,2020.0,6.369,579.512495758236,17.0081420003794,
Niger,NER,2021.0,6.2,608.722439593808,17.2295936666686,
Niger,NER,2022.0,6.135,609.745147574878,17.477207007512,
Niger,NER,2023.0,6.061,638.336080897887,17.7506873295237,
Niger,NER,2024.0,5.935,735.270255787226,18.0497398450803,
Nigeria,NGA,1990.0,6.459,556.376449130902,35.1866181650421,
Nigeria,NGA,1991.0,6.426,596.938795710722,35.9657628204929,
Nigeria,NGA,1992.0,6.391,508.515905682785,36.7456434131176,
Nigeria,NGA,1993.0,6.354,539.573202297542,37.5335756091442,
Nigeria,NGA,1994.0,6.319,744.884247151377,38.3306573470114,
Nigeria,NGA,1995.0,6.273,1271.61617353199,39.1364103583649,
Nigeria,NGA,1996.0,6.217,1632.72469370276,39.9503563748504,
Nigeria,NGA,1997.0,6.138,1720.27540949396,40.7720171281134,
Nigeria,NGA,1998.0,6.069,1822.46998452473,41.6009143497997,
Nigeria,NGA,1999.0,6.082,480.669363941805,42.4365697715547,5.059
Nigeria,NGA,2000.0,6.124,547.318298903379,43.2785051250243,
Nigeria,NGA,2001.0,6.128,566.428231812933,44.1262421418539,
Nigeria,NGA,2002.0,6.116,712.164852077686,44.9793025536893,
Nigeria,NGA,2003.0,6.1,763.388745367223,45.8372080921761,7.511
Nigeria,NGA,2004.0,6.09,962.48104194733,46.6994804889599,7.843
Nigeria,NGA,2005.0,6.063,1211.37703504386,47.5656414756863,8.321
Nigeria,NGA,2006.0,6.053,1599.53891556365,48.424271994461,
Nigeria,NGA,2007.0,6.027,1815.52697545827,49.2357987173198,
Nigeria,NGA,2008.0,6.024,2154.10543545364,50.0505212312351,
Nigeria,NGA,2009.0,5.993,1820.48633854782,50.86453484762,
Nigeria,NGA,2010.0,5.948,2202.25672957344,51.6778188255446,7.822
Nigeria,NGA,2011.0,5.893,2418.41316975875,52.490352424079,7.96
Nigeria,NGA,2012.0,5.797,2633.19734671361,53.302114902293,
Nigeria,NGA,2013.0,5.694,2872.79083379398,54.1130855192568,
Nigeria,NGA,2014.0,5.622,3088.72131316169,54.9232435340404,
Nigeria,NGA,2015.0,5.503,2585.73360671797,55.7325682057138,
Nigeria,NGA,2016.0,5.343,2070.4127339595,56.541038793347,
Nigeria,NGA,2017.0,5.182,1876.34027111773,57.3486345560101,
Nigeria,NGA,2018.0,5.021,2057.87944554011,58.1553347527729,
Nigeria,NGA,2019.0,4.861,3189.81286498516,58.9611186427056,
Nigeria,NGA,2020.0,4.7,2797.18458068686,59.7659654848781,
Nigeria,NGA,2021.0,4.636,2787.48779224428,60.5698545383604,
Nigeria,NGA,2022.0,4.552,2899.16047470324,61.3727650622225,
Nigeria,NGA,2023.0,4.482,2138.76383719983,62.1746763155343,
Nigeria,NGA,2024.0,4.382,1084.16041805436,62.9755675573659,
North Macedonia,MKD,1990.0,2.269,2277.30372314314,57.4735520982155,
North Macedonia,MKD,1991.0,2.31,2402.13517656378,57.9279731988744,
North Macedonia,MKD,1992.0,2.281,1198.92829846257,58.5568077404273,
North Macedonia,MKD,1993.0,2.26,1336.64775641463,59.3634005625664,
North Macedonia,MKD,1994.0,2.232,1786.35488334914,59.7558735093252,
North Macedonia,MKD,1995.0,2.13,2355.24705371138,59.7277853696842,
North Macedonia,MKD,1996.0,2.059,2306.53366957635,59.6584367661814,
North Macedonia,MKD,1997.0,1.916,1959.56073782188,59.5653457641602,
North Macedonia,MKD,1998.0,1.89,1875.81662735988,59.3418252359274,
North Macedonia,MKD,1999.0,1.77,1915.39281060996,58.9458313681452,
North Macedonia,MKD,2000.0,1.863,1861.89899780644,58.4918382392587,25.24
North Macedonia,MKD,2001.0,1.729,1823.02267682636,58.0943199277127,27.875
North Macedonia,MKD,2002.0,1.786,1989.13537265159,57.8726144171205,30.37
North Macedonia,MKD,2003.0,1.745,2445.36286400013,57.8501791693323,32.247
North Macedonia,MKD,2004.0,1.524,2818.5814561242,57.8527941292946,33.155
North Macedonia,MKD,2005.0,1.5,3120.98401394233,57.8614206464767,34.695
North Macedonia,MKD,2006.0,1.46,3440.4411057968,57.8796574341199,33.998
North Macedonia,MKD,2007.0,1.46,4204.11328760452,57.9111032054655,39.445
North Macedonia,MKD,2008.0,1.47,5026.4202989873,57.9593566737547,43.272
North Macedonia,MKD,2009.0,1.5,4799.78722768888,58.0280165522288,43.354
North Macedonia,MKD,2010.0,1.6,4833.36586759968,58.1206815541291,41.307
North Macedonia,MKD,2011.0,1.46,5416.86672931659,58.2409503926967,
North Macedonia,MKD,2012.0,1.5,5049.8265386157,58.3924217811729,43.638
North Macedonia,MKD,2013.0,1.5,5626.26115664893,58.578694432799,43.737
North Macedonia,MKD,2014.0,1.5,5925.38592218015,58.8033670608162,44.012
North Macedonia,MKD,2015.0,1.49,5262.68671928674,59.0700383784659,46.996
North Macedonia,MKD,2016.0,1.5,5598.48622617967,59.3823070989891,
North Macedonia,MKD,2017.0,1.43,5955.2973863451,59.7437719356273,49.859
North Macedonia,MKD,2018.0,1.42,6713.98925398989,60.1580316016216,50.195
North Macedonia,MKD,2019.0,1.34,6718.85826635458,60.6286848102132,50.496
North Macedonia,MKD,2020.0,1.31,6659.59651070776,61.1593302746435,51.609
North Macedonia,MKD,2021.0,1.6,7620.80296977508,61.6841975628139,53.033
North Macedonia,MKD,2022.0,1.6,7606.2375253797,61.9530566607267,63.171
North Macedonia,MKD,2023.0,1.5,8674.35846327485,62.2518322545779,64.969
North Macedonia,MKD,2024.0,1.4,9291.85661671864,62.5645376928533,
Northern Mariana Islands,MNP,1990.0,2.338,,89.7384626797676,
Northern Mariana Islands,MNP,1991.0,2.823,,89.7144497477592,
Northern Mariana Islands,MNP,1992.0,3.066,,89.6693094968231,
Northern Mariana Islands,MNP,1993.0,3.226,,89.617537095238,
Northern Mariana Islands,MNP,1994.0,2.978,,89.5732787274411,
Northern Mariana Islands,MNP,1995.0,3.077,,89.5508930843623,
Northern Mariana Islands,MNP,1996.0,2.588,,89.5865309072347,
Northern Mariana Islands,MNP,1997.0,2.245,,89.708154992241,
Northern Mariana Islands,MNP,1998.0,1.685,,89.8728262435101,
Northern Mariana Islands,MNP,1999.0,1.614,,90.0362235307544,
Northern Mariana Islands,MNP,2000.0,1.64,,90.1578212649113,
Northern Mariana Islands,MNP,2001.0,1.736,,90.2518305832026,
Northern Mariana Islands,MNP,2002.0,1.678,19227.8894246608,90.3408350832433,
Northern Mariana Islands,MNP,2003.0,1.893,18938.8728389967,90.4244081904616,
Northern Mariana Islands,MNP,2004.0,2.066,18924.5831899653,90.5036416127499,
Northern Mariana Islands,MNP,2005.0,2.256,17015.7487891715,90.5796270580004,
Northern Mariana Islands,MNP,2006.0,2.613,16314.5578590027,90.6534562341057,
Northern Mariana Islands,MNP,2007.0,2.786,15914.2193040498,90.726220848958,
Northern Mariana Islands,MNP,2008.0,2.815,16430.4461942257,90.7990126104496,
Northern Mariana Islands,MNP,2009.0,2.736,14369.6339810212,90.8729232264729,
Northern Mariana Islands,MNP,2010.0,2.982,14771.4037455399,90.9488180328106,
Northern Mariana Islands,MNP,2011.0,3.208,13598.7166094613,91.0253367901352,
Northern Mariana Islands,MNP,2012.0,3.328,14013.6003306158,91.1011927559234,
Northern Mariana Islands,MNP,2013.0,3.535,14632.8518897608,91.1764941872129,
Northern Mariana Islands,MNP,2014.0,3.372,15945.417608954,91.2512344351276,
Northern Mariana Islands,MNP,2015.0,3.134,17665.1007493109,91.3254068507915,
Northern Mariana Islands,MNP,2016.0,2.923,24225.474169342,91.3990047853283,
Northern Mariana Islands,MNP,2017.0,2.762,31225.6049960968,91.4720215898621,
Northern Mariana Islands,MNP,2018.0,2.643,26509.3628379893,91.5444506155168,
Northern Mariana Islands,MNP,2019.0,2.559,24496.6652122421,91.6162852134162,
Northern Mariana Islands,MNP,2020.0,2.494,18220.8382427201,91.6908367362908,
Northern Mariana Islands,MNP,2021.0,2.441,19455.50139424,91.7842137303802,
Northern Mariana Islands,MNP,2022.0,2.388,23785.754590043,91.8785788645608,
Northern Mariana Islands,MNP,2023.0,2.348,,91.9754112887573,
Northern Mariana Islands,MNP,2024.0,2.324,,92.0747260922394,
Norway,NOR,1990.0,1.93,28242.981402822,71.8768588741127,
Norway,NOR,1991.0,1.92,28596.9330036444,72.1586354507439,
Norway,NOR,1992.0,1.88,30523.9850558974,72.6495385440231,
Norway,NOR,1993.0,1.86,27963.6979095744,73.2031436754498,
Norway,NOR,1994.0,1.87,29315.8092337732,73.6500015258789,
Norway,NOR,1995.0,1.87,34875.7043347536,73.9197422341132,
Norway,NOR,1996.0,1.89,37321.9741993473,74.1999969482422,
Norway,NOR,1997.0,1.86,36629.0309036621,74.7024361307612,
Norway,NOR,1998.0,1.81,34803.4634058738,75.3306335451989,
Norway,NOR,1999.0,1.85,36393.2927471088,75.8399963378906,
Norway,NOR,2000.0,1.85,38178.2368777076,76.1338922449534,83.032
Norway,NOR,2001.0,1.78,38601.897639231,76.3958619273785,84.313
Norway,NOR,2002.0,1.75,43170.557174499,76.7955442460288,87.82
Norway,NOR,2003.0,1.8,50250.3298214345,77.2600021362305,94.822
Norway,NOR,2004.0,1.83,57768.6980958462,77.5684593888498,95.398
Norway,NOR,2005.0,1.84,67047.1704558264,77.8260148882032,95.16
Norway,NOR,2006.0,1.9,74434.4996835671,78.0877227783203,95.16
Norway,NOR,2007.0,1.9,85502.2677087731,78.4072502632828,94.803
Norway,NOR,2008.0,1.96,97503.5407803783,78.7541006020666,91.522
Norway,NOR,2009.0,1.98,80347.5700665184,79.0570820210427,91.295
Norway,NOR,2010.0,1.95,88163.2085931423,79.245002746582,89.488
Norway,NOR,2011.0,1.88,101221.813476644,79.311620451463,87.424
Norway,NOR,2012.0,1.85,102175.919298374,79.4905925441617,88.366
Norway,NOR,2013.0,1.78,103553.840134417,79.9723980455359,91.644
Norway,NOR,2014.0,1.75,97666.6951838749,80.6117159535579,92.989
Norway,NOR,2015.0,1.72,74809.9658049898,81.2378240971353,94.626
Norway,NOR,2016.0,1.71,70867.3609970749,81.6800003051758,98.51
Norway,NOR,2017.0,1.62,76131.8384032764,81.9699745912375,101.07
Norway,NOR,2018.0,1.56,82792.8427113304,82.2452112401723,102.747
Norway,NOR,2019.0,1.53,76430.5889473338,82.4935894878281,103.331
Norway,NOR,2020.0,1.48,68340.0181033702,82.7029885700532,105.445
Norway,NOR,2021.0,1.55,93072.8925119571,82.8612877226956,113.76
Norway,NOR,2022.0,1.41,109269.520580298,82.9563661816034,118.181
Norway,NOR,2023.0,1.4,87497.2179649556,83.0718560702166,114.607
Norway,NOR,2024.0,1.45,86785.4334489176,83.3293737928469,
Oman,OMN,1990.0,6.456,7545.70305230441,70.3642795175068,
Oman,OMN,1991.0,6.197,6977.3285922345,71.0040009041544,
Oman,OMN,1992.0,5.919,7317.78815838166,71.4364862570961,
Oman,OMN,1993.0,5.638,7038.9301587736,71.64228414407,
Oman,OMN,1994.0,5.359,7068.38996979073,71.66849688191,
Oman,OMN,1995.0,5.067,7414.30279204109,71.6582885191073,
Oman,OMN,1996.0,4.79,8068.00076784612,71.6407545318941,
Oman,OMN,1997.0,4.524,8234.64063759005,71.6180309794696,
Oman,OMN,1998.0,4.274,7219.02932432025,71.5922539210329,
Oman,OMN,1999.0,4.064,7915.44169380534,71.5655594157832,
Oman,OMN,2000.0,3.852,9753.84755185404,71.5400835229196,
Oman,OMN,2001.0,3.662,9611.96360191054,71.5179623016414,
Oman,OMN,2002.0,3.51,9869.13050219438,71.5013318111475,
Oman,OMN,2003.0,3.371,10463.5425832141,71.4926171971641,12.186
Oman,OMN,2004.0,3.2,11800.8507411171,71.5428923484265,16.084
Oman,OMN,2005.0,3.029,14434.8577924647,71.8577803438712,18.168
Oman,OMN,2006.0,2.879,16930.8565071853,72.3920261203777,20.31
Oman,OMN,2007.0,2.761,18792.653772482,73.0679250158092,21.802
Oman,OMN,2008.0,2.762,26576.779241509,73.807772368029,
Oman,OMN,2009.0,2.829,20655.9180249218,74.5338635149003,25.836
Oman,OMN,2010.0,2.973,23570.1798147325,75.1579724666274,30.469
Oman,OMN,2011.0,2.955,25188.0074151885,75.6585803514688,34.899
Oman,OMN,2012.0,2.928,24642.2978768596,76.088156621068,
Oman,OMN,2013.0,2.954,23458.0233840053,76.4914234214313,42.616
Oman,OMN,2014.0,2.97,23160.6502252547,76.8892576748951,52.041
Oman,OMN,2015.0,2.965,18808.3077921839,77.3025363037955,57.808
Oman,OMN,2016.0,2.949,17110.1897460545,77.7521362304688,62.342
Oman,OMN,2017.0,2.923,17820.0661809335,78.3142260040136,57.011
Oman,OMN,2018.0,2.81,19901.7615642016,78.9655839720276,57.488
Oman,OMN,2019.0,2.696,19180.1864152801,79.5780017545962,56.336
Oman,OMN,2020.0,2.638,16784.8630630058,80.0176378922722,58.24
Oman,OMN,2021.0,2.588,19403.4600160211,80.1239942103569,52.946
Oman,OMN,2022.0,2.449,23223.5829405935,80.0117053152301,
Oman,OMN,2023.0,2.525,21027.7384778886,79.5702973228932,
Oman,OMN,2024.0,2.508,20285.2272897377,79.4440302814714,
Pakistan,PAK,1990.0,6.364,344.45547384189,30.753044893749,1.64
Pakistan,PAK,1991.0,6.291,380.019843346229,30.9910784489553,
Pakistan,PAK,1992.0,6.207,395.67720859593,31.2258184044289,0.817
Pakistan,PAK,1993.0,6.112,407.888140688466,31.4576832320988,
Pakistan,PAK,1994.0,6.008,399.955927561352,31.6870914038941,
Pakistan,PAK,1995.0,5.894,450.550279346206,31.9144613917436,
Pakistan,PAK,1996.0,5.771,456.996961832943,32.1402116675762,
Pakistan,PAK,1997.0,5.642,438.030942680153,32.3647607033211,
Pakistan,PAK,1998.0,5.507,424.453697798497,32.5871723893723,
Pakistan,PAK,1999.0,5.462,418.249257055367,32.8015812487933,
Pakistan,PAK,2000.0,5.352,642.338346499898,33.0046884491535,
Pakistan,PAK,2001.0,5.182,609.939506905073,33.1988471664032,
Pakistan,PAK,2002.0,5.012,599.937345723927,33.3857078542752,
Pakistan,PAK,2003.0,4.894,672.44178669894,33.5669209665019,2.103
Pakistan,PAK,2004.0,4.685,771.902247348954,33.7441369568158,2.611
Pakistan,PAK,2005.0,4.595,827.619861189926,33.9190062789495,4.011
Pakistan,PAK,2006.0,4.589,900.873564984808,34.0931793866356,4.021
Pakistan,PAK,2007.0,4.554,998.090114197524,34.2683067336065,4.539
Pakistan,PAK,2008.0,4.515,1067.04324565284,34.4460387735948,4.471
Pakistan,PAK,2009.0,4.465,963.788066395225,34.6280259603331,5.478
Pakistan,PAK,2010.0,4.398,987.304571124485,34.8159187475539,6.454
Pakistan,PAK,2011.0,4.305,1131.73513834324,35.0113675889897,7.051
Pakistan,PAK,2012.0,4.204,1204.36475491585,35.2160229383731,8.184
Pakistan,PAK,2013.0,4.125,1225.4340119198,35.4315352494366,8.671
Pakistan,PAK,2014.0,4.055,1266.61340849959,35.6595549759128,9.068
Pakistan,PAK,2015.0,3.988,1380.47020838317,35.9017325715342,7.89
Pakistan,PAK,2016.0,3.902,1424.69161195897,36.1597184900333,7.761
Pakistan,PAK,2017.0,3.9,1519.23459514248,36.4351548223399,8.022
Pakistan,PAK,2018.0,3.855,1569.33814626355,36.7478511550359,7.627
Pakistan,PAK,2019.0,3.81,1390.41690981745,37.1091631735769,10.993
Pakistan,PAK,2020.0,3.765,1278.39735206896,37.5080192948099,11.646
Pakistan,PAK,2021.0,3.72,1455.31922370186,37.9333395514173,12.124
Pakistan,PAK,2022.0,3.662,1538.3228133171,38.3740439760816,10.337
Pakistan,PAK,2023.0,3.605,1360.32417758419,38.8191861872791,10.322
Pakistan,PAK,2024.0,3.547,1478.77277977996,39.1734368360905,11.012
Palau,PLW,1990.0,2.881,6402.929615309,69.5314760089153,
Palau,PLW,1991.0,2.742,6824.34353785065,69.9517325157421,
Palau,PLW,1992.0,2.71,6552.7112389768,70.4277022862451,
Palau,PLW,1993.0,2.727,5891.50378695334,70.8789048721161,
Palau,PLW,1994.0,2.661,6329.06976744186,71.2273418983072,
Palau,PLW,1995.0,2.553,7038.00523407967,71.3933455111353,
Palau,PLW,1996.0,2.39,7788.29726974057,71.2484528378583,
Palau,PLW,1997.0,2.187,7944.59907223327,70.7652327658767,
Palau,PLW,1998.0,2.006,8047.91621679983,70.1693100482288,
Palau,PLW,1999.0,1.906,7629.56986402836,69.6896962372638,
Palau,PLW,2000.0,1.819,7798.07504193852,69.5876201801789,68.325
Palau,PLW,2001.0,1.87,8239.26354006532,70.5337109001769,50.497
Palau,PLW,2002.0,1.923,8340.18981304558,72.3817031907384,51.597
Palau,PLW,2003.0,1.962,7862.3931898737,74.5444848058291,
Palau,PLW,2004.0,1.989,8393.73052541231,76.445323887982,
Palau,PLW,2005.0,2.017,9635.28357539048,77.574268209537,
Palau,PLW,2006.0,1.996,9881.65970716981,78.306895759147,
Palau,PLW,2007.0,1.968,10402.5367528907,79.019601300651,
Palau,PLW,2008.0,1.947,10577.501907762,79.6639213135968,
Palau,PLW,2009.0,1.935,10147.7741092815,80.2186712923386,
Palau,PLW,2010.0,1.937,10221.9163762354,80.6626667312304,
Palau,PLW,2011.0,1.965,10993.6038613491,80.9747231246263,
Palau,PLW,2012.0,2.006,12137.1732239921,81.1285663568435,
Palau,PLW,2013.0,2.054,12698.9240118945,81.0756895339142,84.087
Palau,PLW,2014.0,2.032,13863.4544155068,80.7338640362566,
Palau,PLW,2015.0,2.002,16154.0532152373,80.388246269234,
Palau,PLW,2016.0,2.055,17150.4759377239,80.1089335766065,
Palau,PLW,2017.0,2.019,16401.7847567871,79.8284579022498,
Palau,PLW,2018.0,1.97,16166.9671073752,79.5520868568744,
Palau,PLW,2019.0,1.984,15846.7968470167,79.2803814152827,
Palau,PLW,2020.0,1.972,14708.2119536914,79.0796884006264,
Palau,PLW,2021.0,1.95,13009.2481630213,79.0890798782416,
Palau,PLW,2022.0,1.927,13729.7602761496,79.1134831712956,57.749
Palau,PLW,2023.0,1.907,15610.8231931032,79.1531991438847,49.696
Palau,PLW,2024.0,1.883,,79.2095042878667,
Panama,PAN,1990.0,3.072,2620.13827266274,53.8712763235306,
Panama,PAN,1991.0,2.999,2820.54547665418,54.5277463774443,
Panama,PAN,1992.0,2.95,3139.89952899581,55.3376133253207,
Panama,PAN,1993.0,2.909,3358.41411740053,56.2553745051635,
Panama,PAN,1994.0,2.877,3508.19570069218,57.2394879441357,31.333
Panama,PAN,1995.0,2.852,3513.89737854631,58.2484116694001,
Panama,PAN,1996.0,2.83,3308.18430390528,59.2406037081197,
Panama,PAN,1997.0,2.81,3545.97670392453,60.1745220874573,
Panama,PAN,1998.0,2.789,3807.83868807701,61.0086248345759,45.864
Panama,PAN,1999.0,2.767,3950.34144236614,61.7013699766382,48.811
Panama,PAN,2000.0,2.744,3975.09310275544,62.2165370013582,53.744
Panama,PAN,2001.0,2.72,3991.77672094655,62.6337017277411,52.857
Panama,PAN,2002.0,2.698,4090.58616456082,63.0330904426342,51.56
Panama,PAN,2003.0,2.679,4264.66428949623,63.4079949945516,54.601
Panama,PAN,2004.0,2.68,4644.56581177581,63.7553758418416,53.996
Panama,PAN,2005.0,2.643,5017.74110414832,64.0721934428526,51.893
Panama,PAN,2006.0,2.62,5528.76705854901,64.355408255933,52.991
Panama,PAN,2007.0,2.612,6317.8173051466,64.6019807394311,52.994
Panama,PAN,2008.0,2.608,7347.59049046839,64.8088713516952,52.445
Panama,PAN,2009.0,2.593,7796.92618363433,64.9730405510737,52.268
Panama,PAN,2010.0,2.587,8331.46422259967,65.0926097647906,53.477
Panama,PAN,2011.0,2.604,9662.29590911979,65.1896678664818,51.189
Panama,PAN,2012.0,2.591,11064.8063662003,65.2829468288151,53.356
Panama,PAN,2013.0,2.569,12273.3224983788,65.3709770103365,
Panama,PAN,2014.0,2.552,13213.1989591137,65.4531164770096,55.088
Panama,PAN,2015.0,2.53,14082.6548434996,65.5287232947981,58.564
Panama,PAN,2016.0,2.502,14832.3611652459,65.5971555296656,59.548
Panama,PAN,2017.0,2.462,15694.6297518495,65.6577712475758,
Panama,PAN,2018.0,2.402,16151.3273433486,65.7099285144924,
Panama,PAN,2019.0,2.288,16477.9066268111,65.752985396379,
Panama,PAN,2020.0,2.184,13290.5608397749,65.7862999591993,55.025
Panama,PAN,2021.0,2.152,15509.8069124139,65.8092302689169,65.105
Panama,PAN,2022.0,2.139,17378.6070017557,65.8211343914956,71.858
Panama,PAN,2023.0,2.119,18797.1933994045,65.8601271176084,66.319
Panama,PAN,2024.0,2.106,19161.2188501596,65.9958447685488,
Papua New Guinea,PNG,1990.0,5.18,826.317152082832,15.3756788160602,
Papua New Guinea,PNG,1991.0,5.109,941.707721616563,15.3221352858539,
Papua New Guinea,PNG,1992.0,5.033,1050.7071689258,15.1695383588822,
Papua New Guinea,PNG,1993.0,4.962,1151.28388116601,14.9415801437447,
Papua New Guinea,PNG,1994.0,4.87,1228.24343638772,14.6619125571302,
Papua New Guinea,PNG,1995.0,4.78,998.229967376131,14.3541875157278,2.055
Papua New Guinea,PNG,1996.0,4.728,1071.04185150251,14.0420569362263,2.839
Papua New Guinea,PNG,1997.0,4.679,989.721550965343,13.7491727353146,
Papua New Guinea,PNG,1998.0,4.632,733.479860137662,13.4991868296818,1.465
Papua New Guinea,PNG,1999.0,4.587,649.994719718763,13.3157511360166,1.409
Papua New Guinea,PNG,2000.0,4.525,635.957919047725,13.2228772276955,
Papua New Guinea,PNG,2001.0,4.469,537.847459634131,13.1864094716078,
Papua New Guinea,PNG,2002.0,4.419,506.331789534482,13.1530694608835,
Papua New Guinea,PNG,2003.0,4.362,577.467922387259,13.1226067833938,
Papua New Guinea,PNG,2004.0,4.283,620.596147680561,13.0951673752744,
Papua New Guinea,PNG,2005.0,4.22,744.486489977433,13.0708971726612,
Papua New Guinea,PNG,2006.0,4.148,1238.18282926706,13.04994211169,
Papua New Guinea,PNG,2007.0,4.076,1370.753415829,13.0324481284965,
Papua New Guinea,PNG,2008.0,4.015,1624.79319935188,13.0185611592166,
Papua New Guinea,PNG,2009.0,3.941,1568.83193368607,13.008427139986,
Papua New Guinea,PNG,2010.0,3.883,1866.86889851208,13.0021920069407,
Papua New Guinea,PNG,2011.0,3.816,2288.37591141234,13.0000025015364,
Papua New Guinea,PNG,2012.0,3.746,2635.0873631547,13.0143796071362,
Papua New Guinea,PNG,2013.0,3.684,2560.77458976327,13.0582475733094,
Papua New Guinea,PNG,2014.0,3.625,2723.17529825196,13.1316404025265,
Papua New Guinea,PNG,2015.0,3.558,2484.5963398603,13.2341359836319,
Papua New Guinea,PNG,2016.0,3.495,2316.39479758492,13.3653651942392,
Papua New Guinea,PNG,2017.0,3.432,2477.76530986323,13.5249644881888,
Papua New Guinea,PNG,2018.0,3.382,2566.36833735041,13.7125720532162,
Papua New Guinea,PNG,2019.0,3.322,2575.77274140393,13.9278267446947,
Papua New Guinea,PNG,2020.0,3.274,2429.61134585269,14.1703677185729,
Papua New Guinea,PNG,2021.0,3.215,2607.57861874444,14.4398342822353,
Papua New Guinea,PNG,2022.0,3.165,3102.28968594061,14.7358658260841,
Papua New Guinea,PNG,2023.0,3.099,2966.06830432055,15.0581017891206,
Papua New Guinea,PNG,2024.0,3.072,3006.70564478923,15.4061816403333,
Paraguay,PRY,1990.0,4.565,1440.15829610029,50.0918634104713,
Paraguay,PRY,1991.0,4.481,1685.26890082621,50.9890243427719,
Paraguay,PRY,1992.0,4.402,1682.67444777611,51.8012367901724,
Paraguay,PRY,1993.0,4.282,1661.70955306218,52.5682771504092,10.059
Paraguay,PRY,1994.0,4.196,1760.28807083292,53.3488083347573,
Paraguay,PRY,1995.0,4.108,1978.71514099575,54.1320651066411,
Paraguay,PRY,1996.0,4.014,2088.17109102236,54.9016155849672,11.147
Paraguay,PRY,1997.0,3.911,2078.50841313824,55.6410278886419,
Paraguay,PRY,1998.0,3.798,1889.88455618586,56.3338701365719,
Paraguay,PRY,1999.0,3.67,1766.30657288259,56.9637104476634,16.666
Paraguay,PRY,2000.0,3.508,1736.11729210765,57.5141169408231,20.041
Paraguay,PRY,2001.0,3.361,1637.68615122932,57.9686577349574,22.536
Paraguay,PRY,2002.0,3.233,1367.76506935997,58.3089732866691,33.234
Paraguay,PRY,2003.0,3.123,1443.99885236205,58.5521334403429,31.42
Paraguay,PRY,2004.0,3.053,1786.21533938543,58.7421370296254,31.307
Paraguay,PRY,2005.0,2.973,1970.87169852378,58.894079141979,29.656
Paraguay,PRY,2006.0,2.889,2439.43124694576,59.0202286834627,
Paraguay,PRY,2007.0,2.823,3211.93621659546,59.1328545601355,35.953
Paraguay,PRY,2008.0,2.792,4384.95469437803,59.2442256780564,42.731
Paraguay,PRY,2009.0,2.757,3941.84815479431,59.3666109432844,47.208
Paraguay,PRY,2010.0,2.695,4750.96273669458,59.5122792618786,44.265
Paraguay,PRY,2011.0,2.667,5805.40154542925,59.693499539898,
Paraguay,PRY,2012.0,2.658,5642.16991672846,59.9212909454702,
Paraguay,PRY,2013.0,2.636,6435.68342733004,60.2375315600901,
Paraguay,PRY,2014.0,2.646,6652.25478942461,60.7101965948157,
Paraguay,PRY,2015.0,2.645,5879.33792308762,61.3302768533263,
Paraguay,PRY,2016.0,2.624,5775.15963399596,62.0827613208606,
Paraguay,PRY,2017.0,2.591,6152.2671153779,62.9526389826574,
Paraguay,PRY,2018.0,2.561,6258.44991640984,63.9248988239553,
Paraguay,PRY,2019.0,2.525,5821.18199548738,64.9845298299929,
Paraguay,PRY,2020.0,2.497,5365.47220721104,66.116520986009,
Paraguay,PRY,2021.0,2.469,5976.93179789949,67.3058612772421,
Paraguay,PRY,2022.0,2.444,6205.62595379319,68.6396537819458,
Paraguay,PRY,2023.0,2.422,6299.99026533713,69.3466081733694,
Paraguay,PRY,2024.0,2.416,6416.09708970845,69.8622585886961,
Peru,PER,1990.0,3.912,1199.66666756615,68.9308005041295,
Peru,PER,1991.0,3.794,1527.38879472866,69.3117215938287,
Peru,PER,1992.0,3.673,1567.40910765128,69.7000538774584,
Peru,PER,1993.0,3.552,1487.67404314175,70.0997909655959,
Peru,PER,1994.0,3.432,1879.36657757919,70.5003156312488,
Peru,PER,1995.0,3.315,2189.53431515311,70.8898533910601,
Peru,PER,1996.0,3.203,2226.91682429265,71.271133088093,
Peru,PER,1997.0,3.099,2300.67200774461,71.6470953159639,
Peru,PER,1998.0,3.002,2156.39377651613,72.0206806682894,
Peru,PER,1999.0,2.917,1916.53397367908,72.3948297386861,
Peru,PER,2000.0,2.845,1945.41338451698,72.7724831207703,
Peru,PER,2001.0,2.744,1929.57273038846,73.1565814081586,29.524
Peru,PER,2002.0,2.693,2007.37019626753,73.5500651944675,31.208
Peru,PER,2003.0,2.661,2129.44114197634,73.9558750733136,31.287
Peru,PER,2004.0,2.673,2397.25147277714,74.3769516383133,32.43
Peru,PER,2005.0,2.643,2706.66947297608,74.8162354830832,32.72
Peru,PER,2006.0,2.619,3129.55996496982,75.2766672012397,34.782
Peru,PER,2007.0,2.583,3581.0893081917,75.7615250588738,
Peru,PER,2008.0,2.528,4197.58444634142,76.2744879116779,
Peru,PER,2009.0,2.48,4181.18755462253,76.822147540745,
Peru,PER,2010.0,2.421,5072.11494019615,77.4020936833934,
Peru,PER,2011.0,2.413,5861.35793645245,78.0118164985462,
Peru,PER,2012.0,2.356,6519.37852981527,78.6488061451268,
Peru,PER,2013.0,2.317,6746.80025696601,79.3105527820586,
Peru,PER,2014.0,2.271,6667.13410360861,79.9945465682649,
Peru,PER,2015.0,2.229,6231.71150338894,80.698277662669,
Peru,PER,2016.0,2.189,6217.03599995447,81.4192362241943,74.72
Peru,PER,2017.0,2.152,6736.16693725487,82.1931650502403,74.008
Peru,PER,2018.0,2.118,6978.49121548627,82.6854929960921,
Peru,PER,2019.0,2.086,7037.00803692604,83.1033003087105,
Peru,PER,2020.0,2.056,6133.32552410183,83.5267437189637,
Peru,PER,2021.0,2.029,6826.20255614477,83.9480118272361,
Peru,PER,2022.0,2.004,7350.63034300417,84.3663554951194,
Peru,PER,2023.0,1.98,7887.54185920108,84.7810255849745,
Peru,PER,2024.0,1.965,8452.37167056621,85.1912729600355,
Philippines,PHL,1990.0,4.322,803.572588255813,36.0011791352366,
Philippines,PHL,1991.0,4.273,804.323330530547,36.2572326716808,
Philippines,PHL,1992.0,4.161,916.515694532029,36.5239357507243,30.182
Philippines,PHL,1993.0,4.098,918.642953796961,36.8021006492264,
Philippines,PHL,1994.0,4.079,1059.9838951587,37.0925396440467,
Philippines,PHL,1995.0,4.067,1199.84171414993,37.3960650120444,31.559
Philippines,PHL,1996.0,4.004,1311.09249403865,37.713489030079,33.153
Philippines,PHL,1997.0,3.943,1273.27604875636,38.0456239750098,
Philippines,PHL,1998.0,3.884,982.865943728564,38.3932821236964,30.689
Philippines,PHL,1999.0,3.825,1101.43515975318,38.757275752998,31.094
Philippines,PHL,2000.0,3.754,1050.79273107952,39.1384171397742,
Philippines,PHL,2001.0,3.719,969.530611744453,39.5375185608843,30.321
Philippines,PHL,2002.0,3.651,1014.90879320106,39.9553922931877,32.436
Philippines,PHL,2003.0,3.591,1027.2301192843,40.3928506135438,30.965
Philippines,PHL,2004.0,3.524,1099.63013023758,40.8507057988121,30.165
Philippines,PHL,2005.0,3.448,1220.46018559867,41.3297701258519,28.813
Philippines,PHL,2006.0,3.466,1426.14649179546,41.8308558715226,29.465
Philippines,PHL,2007.0,3.403,1712.65543282793,42.3470499959497,
Philippines,PHL,2008.0,3.401,1959.29233534978,43.1547492407016,30.428
Philippines,PHL,2009.0,3.376,1864.45043406471,44.3356772609527,29.743
Philippines,PHL,2010.0,3.315,2162.91375885614,45.5208176726647,31.27
Philippines,PHL,2011.0,3.236,2383.91892522087,46.6833632464759,32.684
Philippines,PHL,2012.0,3.143,2614.61644401308,47.9182784810426,33.184
Philippines,PHL,2013.0,3.042,2781.27957677397,49.1313688766206,36.108
Philippines,PHL,2014.0,2.894,2866.83803761407,50.2392400212368,38.62
Philippines,PHL,2015.0,2.829,2909.85818010301,51.1549047745227,41.061
Philippines,PHL,2016.0,2.679,2985.19564024046,51.9114748151175,43.557
Philippines,PHL,2017.0,2.525,3038.12124959289,52.6010482354344,38.286
Philippines,PHL,2018.0,2.378,3168.51036609727,53.2088897464754,31.817
Philippines,PHL,2019.0,2.215,3400.78949767074,53.7157859948017,33.672
Philippines,PHL,2020.0,2.075,3227.57910235199,54.1077719895977,34.978
Philippines,PHL,2021.0,1.95,3484.38593882819,54.4504102510776,38.029
Philippines,PHL,2022.0,1.929,3548.06930572116,54.7902343568327,44.83
Philippines,PHL,2023.0,1.916,3804.08274131097,55.1242716168851,50.95
Philippines,PHL,2024.0,1.894,3984.8315387656,55.4520983215477,53.299
Poland,POL,1990.0,2.06,1731.2095094382,61.3009151063249,
Poland,POL,1991.0,2.07,2235.54108862522,61.3708913076577,
Poland,POL,1992.0,1.95,2459.02068468253,61.4357163819024,
Poland,POL,1993.0,1.87,2497.13055936127,61.4951989928981,
Poland,POL,1994.0,1.81,2874.83163555069,61.5491478044841,
Poland,POL,1995.0,1.62,3700.95956775144,61.5973714804995,
Poland,POL,1996.0,1.59,4163.51195431959,61.6396786847836,
Poland,POL,1997.0,1.51,4137.00831823145,61.6758780811754,
Poland,POL,1998.0,1.44,4533.5356551781,61.7057783335144,
Poland,POL,1999.0,1.37,4415.50067547826,61.7291881056396,
Poland,POL,2000.0,1.37,4520.64100449111,61.7459160613903,58.976
Poland,POL,2001.0,1.31,5015.23790036613,61.7557708646056,66.496
Poland,POL,2002.0,1.25,5223.45178967082,61.7581534555696,70.137
Poland,POL,2003.0,1.22,5720.81366178104,61.7281374379602,71.315
Poland,POL,2004.0,1.23,6711.72715262967,61.6555172559989,72.32
Poland,POL,2005.0,1.24,8043.92332253757,61.5497010774856,74.706
Poland,POL,2006.0,1.27,9068.85528307627,61.4199688499096,76.133
Poland,POL,2007.0,1.31,11272.5293683383,61.2756005207604,78.233
Poland,POL,2008.0,1.39,14048.5604672654,61.1258760375274,82.425
Poland,POL,2009.0,1.4,11556.3026866026,60.9800753477,85.713
Poland,POL,2010.0,1.41,12567.7317676382,60.8474783987677,92.477
Poland,POL,2011.0,1.33,13867.6669408192,60.7357090652544,92.713
Poland,POL,2012.0,1.33,13087.420943321,60.6341632788866,91.734
Poland,POL,2013.0,1.29,13621.9023794031,60.5333187465323,89.609
Poland,POL,2014.0,1.32,14262.2841914116,60.4340063344328,85.142
Poland,POL,2015.0,1.32,12637.5220324406,60.3362886805635,83.558
Poland,POL,2016.0,1.39,12464.0110508476,60.2402284228997,84.113
Poland,POL,2017.0,1.48,13913.3402919927,60.145888199417,85.078
Poland,POL,2018.0,1.46,15658.2120316794,60.0533306480907,85.932
Poland,POL,2019.0,1.44,15874.5220531254,59.9626184068963,86.261
Poland,POL,2020.0,1.39,16150.9304813473,59.8738141138092,85.629
Poland,POL,2021.0,1.33,18635.5104895754,59.8096513205543,87.253
Poland,POL,2022.0,1.29,18891.2121169279,59.8315488048321,91.933
Poland,POL,2023.0,1.2,22145.2660647429,59.8859561370214,93.493
Poland,POL,2024.0,1.14,25103.565661423,59.9705468695101,
Portugal,PRT,1990.0,1.56,7884.61798756332,47.7384263697872,
Portugal,PRT,1991.0,1.56,8958.9853330247,48.365859825148,
Portugal,PRT,1992.0,1.54,10810.5665079626,49.0028717408102,
Portugal,PRT,1993.0,1.52,9534.6563637308,49.6589521380037,
Portugal,PRT,1994.0,1.45,9977.31990905771,50.3288062784649,
Portugal,PRT,1995.0,1.41,11781.3618502221,51.008291015927,
Portugal,PRT,1996.0,1.44,12185.0914010629,51.6932632041232,
Portugal,PRT,1997.0,1.47,11575.5071124358,52.3795796967868,
Portugal,PRT,1998.0,1.47,12199.206385024,53.063097347651,
Portugal,PRT,1999.0,1.5,12475.2917701476,53.7396730104491,
Portugal,PRT,2000.0,1.55,11526.3720667968,54.4051635389142,
Portugal,PRT,2001.0,1.45,11734.7649743954,55.0679833009212,
Portugal,PRT,2002.0,1.46,12936.6928204482,55.789299869679,
Portugal,PRT,2003.0,1.44,15797.7821340276,56.5865509520713,
Portugal,PRT,2004.0,1.4,18064.1580932987,57.4171857647664,
Portugal,PRT,2005.0,1.41,18780.12751241,58.2450763389585,
Portugal,PRT,2006.0,1.37,19839.4540499032,59.0340947058419,
Portugal,PRT,2007.0,1.35,22811.0564844365,59.7481128966109,
Portugal,PRT,2008.0,1.39,24949.0413566739,60.3510029424595,
Portugal,PRT,2009.0,1.34,23151.2154130712,60.8066368745822,
Portugal,PRT,2010.0,1.39,22551.935098809,61.0788867241731,
Portugal,PRT,2011.0,1.35,23246.5425416481,61.1410698395502,
Portugal,PRT,2012.0,1.28,20593.4274224109,61.1409793914666,
Portugal,PRT,2013.0,1.21,21676.4859642714,61.1405315215642,
Portugal,PRT,2014.0,1.24,22120.6850127107,61.1394537361116,
Portugal,PRT,2015.0,1.31,19215.7813014347,61.137469211538,66.965
Portugal,PRT,2016.0,1.37,19980.2808866516,61.1343011242723,68.324
Portugal,PRT,2017.0,1.38,21442.3842768879,61.1296726507436,69.803
Portugal,PRT,2018.0,1.42,23541.1401075289,61.1233069673808,71.06
Portugal,PRT,2019.0,1.44,23343.3628970034,61.114927250613,72.434
Portugal,PRT,2020.0,1.42,22299.4044062173,61.1042566768691,74.812
Portugal,PRT,2021.0,1.35,24711.4510062111,61.0951249296597,79.465
Portugal,PRT,2022.0,1.43,24620.5197587181,61.1259255772782,82.421
Portugal,PRT,2023.0,1.45,27634.6183139773,61.2048652633664,85.413
Portugal,PRT,2024.0,1.41,29292.242104753,61.3281907341332,
Puerto Rico (US),PRI,1990.0,2.378,8652.50749222505,83.9288567237013,
Puerto Rico (US),PRI,1991.0,2.302,9064.01851711486,85.660052585199,
Puerto Rico (US),PRI,1992.0,2.29,9659.33889995916,87.303231035254,
Puerto Rico (US),PRI,1993.0,2.307,10212.2767630564,88.8343579280057,
Puerto Rico (US),PRI,1994.0,2.278,10876.4188239898,90.2293991175933,
Puerto Rico (US),PRI,1995.0,2.248,11579.1849969985,91.464320458156,
Puerto Rico (US),PRI,1996.0,1.94,12173.163688986,92.5150878038331,
Puerto Rico (US),PRI,1997.0,1.9,12817.6449621352,93.3576670087639,
Puerto Rico (US),PRI,1998.0,1.9,14304.4049868015,93.9680239270876,
Puerto Rico (US),PRI,1999.0,2.0,15220.9913420267,94.3221244129435,
Puerto Rico (US),PRI,2000.0,2.0485,16192.1269719638,94.4035182032107,
Puerto Rico (US),PRI,2001.0,1.9346,18123.1987019918,94.3774462314518,
Puerto Rico (US),PRI,2002.0,1.8317,18731.4593897378,94.3218712450313,
Puerto Rico (US),PRI,2003.0,1.7624,19557.1202492358,94.2449445194985,
Puerto Rico (US),PRI,2004.0,1.7822,20988.9923326534,94.1544210292187,
Puerto Rico (US),PRI,2005.0,1.7702,21959.322696986,94.058055748557,
Puerto Rico (US),PRI,2006.0,1.7123,22935.9411586313,93.9636036518786,
Puerto Rico (US),PRI,2007.0,1.6505,23664.8823485096,93.8788197135489,96.732
Puerto Rico (US),PRI,2008.0,1.6516,24898.3345857045,93.8114589079331,102.631
Puerto Rico (US),PRI,2009.0,1.6528,25768.7258883384,93.7692762093964,105.435
Puerto Rico (US),PRI,2010.0,1.6235,26414.8810634548,93.7588772214391,108.283
Puerto Rico (US),PRI,2011.0,1.5965,27170.0766543278,93.7598202101009,108.992
Puerto Rico (US),PRI,2012.0,1.5425,27742.024476618,93.7630744424317,111.211
Puerto Rico (US),PRI,2013.0,1.47,28212.0499737431,93.7698316907305,112.584
Puerto Rico (US),PRI,2014.0,1.432,28576.0988023209,93.7813071818968,113.911
Puerto Rico (US),PRI,2015.0,1.3365,29242.041465085,93.7987161428303,117.423
Puerto Rico (US),PRI,2016.0,1.2425,29978.0889268918,93.8232738004303,116.799
Puerto Rico (US),PRI,2017.0,1.101,30328.479490518,93.8561953815964,117.311
Puerto Rico (US),PRI,2018.0,1.035,30679.9181934488,93.8986961132283,126.873
Puerto Rico (US),PRI,2019.0,0.982,31830.5284993358,93.9519912222253,113.391
Puerto Rico (US),PRI,2020.0,0.922,31427.1130762831,94.0116144995587,105.543
Puerto Rico (US),PRI,2021.0,0.907,32619.0704601174,94.0550712597302,108.968
Puerto Rico (US),PRI,2022.0,0.914,35353.6821570014,94.1110923054937,101.106
Puerto Rico (US),PRI,2023.0,0.92,36980.7884784287,94.1774359275881,95.929
Puerto Rico (US),PRI,2024.0,0.92,39343.7154660139,94.2539505199436,
Qatar,QAT,1990.0,4.23,16721.6207714589,92.9237368851153,
Qatar,QAT,1991.0,3.988,15133.4969397069,93.4360979613416,
Qatar,QAT,1992.0,3.852,16280.2938815273,93.9055949154706,
Qatar,QAT,1993.0,3.765,14769.7193322522,94.3339062703838,
Qatar,QAT,1994.0,3.665,14764.8771355222,94.7227105489626,
Qatar,QAT,1995.0,3.557,15822.5090711554,95.0736862740883,
Qatar,QAT,1996.0,3.444,17124.7920861356,95.3885119686424,
Qatar,QAT,1997.0,3.327,20522.8012995179,95.6663501954995,
Qatar,QAT,1998.0,3.211,17665.4408438222,95.9063773884453,
Qatar,QAT,1999.0,3.117,20233.6846826643,96.1111838707823,
Qatar,QAT,2000.0,3.073,27535.182940934,96.2942718926638,
Qatar,QAT,2001.0,3.08,25870.7991864314,96.4674307551724,33.57
Qatar,QAT,2002.0,3.011,27226.6593510117,96.6424497593905,31.075
Qatar,QAT,2003.0,2.925,31602.470865136,96.8311182064009,29.254
Qatar,QAT,2004.0,2.794,41035.5008380177,97.0472579559041,32.031
Qatar,QAT,2005.0,2.635,53949.6764091147,97.3016654918171,30.466
Qatar,QAT,2006.0,2.509,62582.4453138755,97.5827378795062,30.624
Qatar,QAT,2007.0,2.438,65954.3419525051,97.8663125111735,31.734
Qatar,QAT,2008.0,2.369,80781.4039187792,98.1295193937322,33.901
Qatar,QAT,2009.0,2.254,60785.7351551657,98.3494885340955,34.464
Qatar,QAT,2010.0,2.137,76462.6119486736,98.5066232166665,31.923
Qatar,QAT,2011.0,2.07,103261.510293068,98.6300610210909,34.02
Qatar,QAT,2012.0,2.04,108470.387023229,98.7428010471968,35.54
Qatar,QAT,2013.0,2.032,103697.062789144,98.8357621827901,43.421
Qatar,QAT,2014.0,2.03,95840.6898934238,98.901627838826,51.566
Qatar,QAT,2015.0,1.976,68985.2433380102,98.9382407681154,49.862
Qatar,QAT,2016.0,1.856,61253.6217997091,98.9855265345423,47.967
Qatar,QAT,2017.0,1.834,63279.8767486216,99.0310125265978,62.752
Qatar,QAT,2018.0,1.756,71039.9308240078,99.0755684762244,65.802
Qatar,QAT,2019.0,1.731,66841.3623185691,99.1191696672067,70.11
Qatar,QAT,2020.0,1.675,51683.5681078949,99.1617913833034,75.143
Qatar,QAT,2021.0,1.605,71751.9363398856,99.203408908243,68.186
Qatar,QAT,2022.0,1.739,88701.4689763536,99.243997525719,77.343
Qatar,QAT,2023.0,1.729,81816.9797967481,99.2835325193835,
Qatar,QAT,2024.0,1.717,76688.6941743178,99.3219891728394,
Romania,ROU,1990.0,1.83,1648.48522974542,54.213790243794,
Romania,ROU,1991.0,1.59,1254.3124421298,54.3126803188199,
Romania,ROU,1992.0,1.51,1102.10378473246,54.3130567791968,
Romania,ROU,1993.0,1.43,1158.05632799712,54.2356756582215,
Romania,ROU,1994.0,1.4,1323.03237766927,54.0905691656188,
Romania,ROU,1995.0,1.33,1650.04922365201,53.8985438392597,
Romania,ROU,1996.0,1.3,1633.01064354117,53.677523113411,
Romania,ROU,1997.0,1.32,1577.33656023974,53.4454304223393,
Romania,ROU,1998.0,1.32,1852.5549693339,53.2201892003114,
Romania,ROU,1999.0,1.3,1599.90622808339,53.0197228815939,
Romania,ROU,2000.0,1.31,1659.92904910528,52.8619549004535,24.646
Romania,ROU,2001.0,1.27,1825.19299373184,52.764808691157,30.633
Romania,ROU,2002.0,1.27,2119.85509684554,52.7466427937759,37.491
Romania,ROU,2003.0,1.3,2679.40626016154,52.8023493819682,43.125
Romania,ROU,2004.0,1.33,3494.99056448955,52.9175295523808,46.726
Romania,ROU,2005.0,1.4,4618.00350802913,53.074507031037,50.705
Romania,ROU,2006.0,1.42,5757.53127301178,53.2566380678272,61.514
Romania,ROU,2007.0,1.45,8360.33775916596,53.4472789126416,69.318
Romania,ROU,2008.0,1.6,10435.1561230787,53.6297858153706,85.245
Romania,ROU,2009.0,1.66,8548.4543409242,53.7875150259042,94.939
Romania,ROU,2010.0,1.59,8399.5374234284,53.9038227941329,87.817
Romania,ROU,2011.0,1.47,9560.6755277458,53.9608874244169,77.392
Romania,ROU,2012.0,1.52,8929.95366231474,53.9563092496073,61.649
Romania,ROU,2013.0,1.46,9497.67411615237,53.9101758034365,57.427
Romania,ROU,2014.0,1.56,10031.7710755404,53.8267187624053,57.08
Romania,ROU,2015.0,1.62,8977.01748158196,53.7071839518893,54.753
Romania,ROU,2016.0,1.69,9404.54005870715,53.5528171972639,55.408
Romania,ROU,2017.0,1.78,10727.9822007426,53.3648643239046,55.692
Romania,ROU,2018.0,1.76,12416.134317959,53.1445711571868,57.525
Romania,ROU,2019.0,1.77,12909.6104013244,52.8931835224862,58.615
Romania,ROU,2020.0,1.8,13009.1770573223,52.611947245178,60.137
Romania,ROU,2021.0,1.81,14907.9803652143,52.2321512130811,62.768
Romania,ROU,2022.0,1.71,15503.551804598,52.1634832477272,66.324
Romania,ROU,2023.0,1.54,18244.4186876321,52.1645747011867,62.962
Romania,ROU,2024.0,1.39,20080.2096215595,52.1674778928768,
Russian Federation,RUS,1990.0,1.892,3494.06323242188,73.7116088867188,
Russian Federation,RUS,1991.0,1.732,3490.45239257813,73.7095108032227,
Russian Federation,RUS,1992.0,1.552,3098.802734375,73.3822937011719,
Russian Federation,RUS,1993.0,1.385,2930.67016601563,73.0590972900391,
Russian Federation,RUS,1994.0,1.4,2662.10400390625,72.9541091918945,
Russian Federation,RUS,1995.0,1.337,2665.77978515625,72.9352798461914,
Russian Federation,RUS,1996.0,1.27,2643.92919921875,73.0623092651367,
Russian Federation,RUS,1997.0,1.218,2737.57202148438,73.1156616210938,
Russian Federation,RUS,1998.0,1.232,1834.86181640625,73.1912078857422,
Russian Federation,RUS,1999.0,1.157,1330.75720214844,72.96533203125,
Russian Federation,RUS,2000.0,1.195,1771.59411621094,73.1568222045898,
Russian Federation,RUS,2001.0,1.223,2100.3525390625,73.22998046875,68.48
Russian Federation,RUS,2002.0,1.286,2377.52954101563,73.2929008030615,74.907
Russian Federation,RUS,2003.0,1.319,2975.123046875,73.4057388305664,78.248
Russian Federation,RUS,2004.0,1.344,4102.36474609375,73.3065795898438,80.513
Russian Federation,RUS,2005.0,1.294,5323.455078125,73.1613922119141,83.104
Russian Federation,RUS,2006.0,1.305,6920.19970703125,73.2439193725586,84.096
Russian Federation,RUS,2007.0,1.416,9101.2392578125,73.3856048583984,86.85
Russian Federation,RUS,2008.0,1.502,11635.2841796875,73.4822463989258,88.741
Russian Federation,RUS,2009.0,1.542,8562.82421875,73.5288696289062,89.301
Russian Federation,RUS,2010.0,1.567,10674.990234375,73.6696307887624,
Russian Federation,RUS,2011.0,1.582,14305.33203125,73.8534851074219,91.691
Russian Federation,RUS,2012.0,1.691,15401.8515625,73.97265625,90.05
Russian Federation,RUS,2013.0,1.707,15941.4482421875,74.0762949770228,91.34
Russian Federation,RUS,2014.0,1.75,14055.47265625,74.1776476748791,91.871
Russian Federation,RUS,2015.0,1.777,9277.7138671875,74.275919065527,91.789
Russian Federation,RUS,2016.0,1.762,8663.158203125,74.3703138709243,90.728
Russian Federation,RUS,2017.0,1.621,10658.9130859375,74.460036813029,88.644
Russian Federation,RUS,2018.0,1.579,11211.8876953125,74.5442926137992,88.523
Russian Federation,RUS,2019.0,1.504,11447.701171875,74.6222859951926,87.858
Russian Federation,RUS,2020.0,1.505,10108.3271484375,74.6932216791674,61.815
Russian Federation,RUS,2021.0,1.505,12425.029296875,74.7516840220252,59.323
Russian Federation,RUS,2022.0,1.416,15619.6142578125,74.8544893625017,57.086
Russian Federation,RUS,2023.0,1.41,14159.3876953125,74.9805047873279,98.126
Russian Federation,RUS,2024.0,1.418,14889.0185546875,75.1119136177067,62.668
Rwanda,RWA,1990.0,6.803,345.773495134655,5.27494050180917,
Rwanda,RWA,1991.0,6.622,253.966902025944,5.36287370946222,
Rwanda,RWA,1992.0,6.539,264.083914517464,5.66334740292516,
Rwanda,RWA,1993.0,6.479,247.023318476014,6.4000266086375,
Rwanda,RWA,1994.0,6.415,110.953668251372,7.48340913293057,
Rwanda,RWA,1995.0,6.345,227.971147849318,8.81556593108499,
Rwanda,RWA,1996.0,6.289,206.04911417485,10.2985679583814,
Rwanda,RWA,1997.0,6.235,238.749371368214,11.8344861701004,
Rwanda,RWA,1998.0,6.171,246.154673288384,13.3253915215227,
Rwanda,RWA,1999.0,6.059,264.74368682977,14.6733549679289,
Rwanda,RWA,2000.0,5.967,251.86926386091,15.7804474645996,
Rwanda,RWA,2001.0,5.893,237.308846200901,16.5487399668155,0.991
Rwanda,RWA,2002.0,5.816,234.043016755733,16.8778847116752,1.219
Rwanda,RWA,2003.0,5.737,249.012274982252,16.8947432312369,1.642
Rwanda,RWA,2004.0,5.64,269.540446333402,16.9020099536792,2.05
Rwanda,RWA,2005.0,5.5,324.016863847189,16.9072114459454,
Rwanda,RWA,2006.0,5.335,356.995022901154,16.9110139245047,
Rwanda,RWA,2007.0,5.141,426.234183487629,16.9140836058266,
Rwanda,RWA,2008.0,4.922,528.326391755502,16.9170867063804,
Rwanda,RWA,2009.0,4.707,564.039095842449,16.9206894426355,4.319
Rwanda,RWA,2010.0,4.522,593.624927744346,16.9255580310614,4.95
Rwanda,RWA,2011.0,4.332,651.133677964662,16.9323586881273,5.773
Rwanda,RWA,2012.0,4.201,706.817269168561,16.9410248882148,5.889
Rwanda,RWA,2013.0,4.136,704.92421851123,17.0742206053612,5.49
Rwanda,RWA,2014.0,4.117,724.957526520906,17.5020716539756,6.65
Rwanda,RWA,2015.0,4.108,733.998629882494,18.1953149858416,6.608
Rwanda,RWA,2016.0,4.106,729.519133812945,19.1213951786548,6.602
Rwanda,RWA,2017.0,4.084,758.300966509647,20.2477568101111,6.914
Rwanda,RWA,2018.0,4.047,771.773511207309,21.5418444579064,6.007
Rwanda,RWA,2019.0,3.985,810.051412137354,22.9711026997362,5.704
Rwanda,RWA,2020.0,3.913,778.701498925026,24.5029761132966,6.669
Rwanda,RWA,2021.0,3.841,829.544845263697,26.1049092762833,
Rwanda,RWA,2022.0,3.778,975.469323735369,27.7806702737761,6.413
Rwanda,RWA,2023.0,3.698,1027.03446826565,28.8555310645477,7.744
Rwanda,RWA,2024.0,3.645,999.65456165547,29.8849714294083,8.403
Samoa,WSM,1990.0,5.007,743.994213008355,20.9620088291213,
Samoa,WSM,1991.0,4.912,741.563963808482,21.1123265721407,
Samoa,WSM,1992.0,4.865,776.740824409711,21.2265977009629,
Samoa,WSM,1993.0,4.826,774.988631552282,21.3371352093158,
Samoa,WSM,1994.0,4.792,1276.85021574897,21.4491707347126,
Samoa,WSM,1995.0,4.767,1288.10473321401,21.5591351263865,
Samoa,WSM,1996.0,4.739,1419.35849045228,21.6634592335707,
Samoa,WSM,1997.0,4.695,1607.88744330521,21.7585739054982,
Samoa,WSM,1998.0,4.645,1506.30359215846,21.8409099914022,8.145
Samoa,WSM,1999.0,4.572,1416.76915966987,21.9068983405159,10.968
Samoa,WSM,2000.0,4.523,1424.75240002471,21.9529698020724,6.693
Samoa,WSM,2001.0,4.477,1453.87021324606,21.9749895503804,
Samoa,WSM,2002.0,4.444,1527.55790455937,21.9431903680112,
Samoa,WSM,2003.0,4.392,1798.12429714048,21.7806875309864,
Samoa,WSM,2004.0,4.343,2189.26042607992,21.5282844040566,
Samoa,WSM,2005.0,4.322,2550.04221437511,21.2352904191687,
Samoa,WSM,2006.0,4.322,2663.29135939532,20.9567957063672,
Samoa,WSM,2007.0,4.358,3038.61904093377,20.6944481303605,
Samoa,WSM,2008.0,4.417,3373.60639884263,20.4038457706991,
Samoa,WSM,2009.0,4.466,3279.18269477295,20.1045321482817,
Samoa,WSM,2010.0,4.52,3524.2479246203,19.8302101862085,
Samoa,WSM,2011.0,4.56,3821.50678264479,19.6174273708146,
Samoa,WSM,2012.0,4.545,3934.60320799981,19.478718368689,
Samoa,WSM,2013.0,4.491,4023.5254013825,19.3865949620667,
Samoa,WSM,2014.0,4.423,3982.68080202084,19.3126679480432,
Samoa,WSM,2015.0,4.344,4084.36083819933,19.2340105383551,
Samoa,WSM,2016.0,4.262,4147.07097674888,19.126462366749,
Samoa,WSM,2017.0,4.196,4307.59381964907,18.9657191879831,17.652
Samoa,WSM,2018.0,4.136,4231.81409469194,18.7241267935467,18.785
Samoa,WSM,2019.0,4.061,4351.94234943706,18.4147344481283,17.239
Samoa,WSM,2020.0,4.002,4099.59660548583,18.0516608994722,19.75
Samoa,WSM,2021.0,3.94,4021.55934894283,17.5672426452007,25.787
Samoa,WSM,2022.0,3.883,4132.44717734444,17.5007949951039,25.478
Samoa,WSM,2023.0,3.829,4822.74084650019,17.5012799804602,21.83
Samoa,WSM,2024.0,3.801,5392.87761915762,17.5029115108018,
San Marino,SMR,1990.0,1.162,,90.5081313103143,
San Marino,SMR,1991.0,1.167,,90.6839471071196,
San Marino,SMR,1992.0,1.15,,90.9486426338301,
San Marino,SMR,1993.0,1.123,,91.2814270498757,
San Marino,SMR,1994.0,1.138,,91.6615095146862,
San Marino,SMR,1995.0,1.166,,92.0680991876912,
San Marino,SMR,1996.0,1.212,,92.4804052283208,
San Marino,SMR,1997.0,1.243,37852.9810311,92.8776367960046,
San Marino,SMR,1998.0,1.263,40126.93686908,93.2390030501725,
San Marino,SMR,1999.0,1.288,41931.7951488407,93.5437131502544,
San Marino,SMR,2000.0,1.404,37600.7077379601,93.7709762556799,
San Marino,SMR,2001.0,1.519,39035.1034290445,93.9000015258789,
San Marino,SMR,2002.0,1.432,41790.8432718184,93.9488167294543,
San Marino,SMR,2003.0,1.296,52529.9093701059,94.0,
San Marino,SMR,2004.0,1.298,58232.0176184948,94.2143791763566,
San Marino,SMR,2005.0,1.198,59877.8005839737,94.6454896824635,
San Marino,SMR,2006.0,1.242,63270.7780755157,95.2084276028853,
San Marino,SMR,2007.0,1.257,70124.4634385624,95.8182890221867,
San Marino,SMR,2008.0,1.521,75902.1320521765,96.3901700249324,78.614
San Marino,SMR,2009.0,1.358,62428.9943269418,96.8391666956869,
San Marino,SMR,2010.0,1.459,56543.1898204098,97.074615769187,79.1
San Marino,SMR,2011.0,1.456,55601.3929703047,97.0999984741211,77.305
San Marino,SMR,2012.0,1.289,47945.8991734281,97.0999984741211,69.886
San Marino,SMR,2013.0,1.483,50807.8289138024,97.0999984741211,
San Marino,SMR,2014.0,1.259,51260.4938347125,97.0999984741211,
San Marino,SMR,2015.0,1.196,43146.8240435428,97.0999984741211,
San Marino,SMR,2016.0,1.127,44359.4797662688,97.0999984741211,
San Marino,SMR,2017.0,1.054,45192.0279766943,97.0999984741211,
San Marino,SMR,2018.0,1.077,47950.6880557136,97.0999984741211,39.17
San Marino,SMR,2019.0,1.096,46630.1443120725,97.0999984741211,44.472
San Marino,SMR,2020.0,1.113,44326.9556746411,97.0999984741211,49.566
San Marino,SMR,2021.0,1.125,54176.4798021628,97.1035668453272,53.381
San Marino,SMR,2022.0,1.136,54190.8417700372,97.1141889380465,48.76
San Marino,SMR,2023.0,1.149,59879.7173015651,97.1317310361655,48.187
San Marino,SMR,2024.0,1.158,,97.1560555881096,57.733
Sao Tome and Principe,STP,1990.0,5.828,970.059625606155,43.7335696403591,
Sao Tome and Principe,STP,1991.0,5.769,855.105075821698,44.8152889990418,
Sao Tome and Principe,STP,1992.0,5.704,740.471318576498,45.7968298871752,
Sao Tome and Principe,STP,1993.0,5.635,963.785698734091,46.7288366793672,
Sao Tome and Principe,STP,1994.0,5.562,989.500757799244,47.625880905236,
Sao Tome and Principe,STP,1995.0,5.554,768.710751184259,48.5003270529522,
Sao Tome and Principe,STP,1996.0,5.474,987.048712395264,49.3645396106862,
Sao Tome and Principe,STP,1997.0,5.396,661.668232822488,50.2308830666086,
Sao Tome and Principe,STP,1998.0,5.304,513.569380269738,51.1117219088898,
Sao Tome and Principe,STP,1999.0,5.228,542.692548018387,52.0194206257004,
Sao Tome and Principe,STP,2000.0,5.157,529.089383412262,52.9663437052108,
Sao Tome and Principe,STP,2001.0,5.097,518.88050130005,53.9612039920776,
Sao Tome and Principe,STP,2002.0,5.062,568.10257252271,55.0882710997103,
Sao Tome and Principe,STP,2003.0,5.013,663.696211810494,56.4128470868097,
Sao Tome and Principe,STP,2004.0,4.962,726.560882130444,57.8774845467458,
Sao Tome and Principe,STP,2005.0,4.939,844.169181884274,59.4188016908917,
Sao Tome and Principe,STP,2006.0,4.933,861.970707697664,60.9734167306206,
Sao Tome and Principe,STP,2007.0,4.957,878.885791918745,62.4779478773056,
Sao Tome and Principe,STP,2008.0,4.906,1081.8684584729,63.8690133423199,
Sao Tome and Principe,STP,2009.0,4.838,1128.28046213305,65.0832313370367,3.776
Sao Tome and Principe,STP,2010.0,4.769,1045.20958234528,66.0572200728291,4.174
Sao Tome and Principe,STP,2011.0,4.718,1219.80189089671,66.7275977610702,
Sao Tome and Principe,STP,2012.0,4.664,1192.0202911189,67.0335889448132,7.241
Sao Tome and Principe,STP,2013.0,4.584,1382.5757842916,67.1306686401367,
Sao Tome and Principe,STP,2014.0,4.485,1489.67633417608,67.2606735229492,8.582
Sao Tome and Principe,STP,2015.0,4.354,1298.10946596396,67.3915710449219,13.004
Sao Tome and Principe,STP,2016.0,4.203,1434.87018050521,67.5218887329102,
Sao Tome and Principe,STP,2017.0,4.069,1555.79477812888,67.6520004272461,
Sao Tome and Principe,STP,2018.0,3.977,1825.59971753966,67.7828826904297,
Sao Tome and Principe,STP,2019.0,3.9,1935.2931816596,67.9129943847656,
Sao Tome and Principe,STP,2020.0,3.827,2167.22001796925,68.0436706542969,
Sao Tome and Principe,STP,2021.0,3.759,2362.58827248102,68.1738967895508,
Sao Tome and Principe,STP,2022.0,3.695,2389.73729784737,68.3720919798341,
Sao Tome and Principe,STP,2023.0,3.644,2990.6606143535,68.6043921103568,
Sao Tome and Principe,STP,2024.0,3.596,3490.56883486557,68.8710170184884,
Saudi Arabia,SAU,1990.0,5.804,11054.7495049666,77.0087350727391,
Saudi Arabia,SAU,1991.0,5.644,11847.1699534218,77.5670358381365,15.852
Saudi Arabia,SAU,1992.0,5.489,11730.2687665244,78.0,14.724
Saudi Arabia,SAU,1993.0,5.326,10884.8607880777,78.3431652316083,19.147
Saudi Arabia,SAU,1994.0,5.161,10601.9196697805,78.64816223271,18.629
Saudi Arabia,SAU,1995.0,4.986,10786.4008952769,78.9202387655061,21.51
Saudi Arabia,SAU,1996.0,4.812,11471.5045960191,79.164642592198,22.408
Saudi Arabia,SAU,1997.0,4.656,11545.3455998551,79.3866214749866,22.254
Saudi Arabia,SAU,1998.0,4.524,9836.05729768574,79.5914231760733,25.513
Saudi Arabia,SAU,1999.0,4.354,10452.1899400479,79.7842954576591,31.52
Saudi Arabia,SAU,2000.0,4.206,11714.5623675159,79.9704860819453,33.318
Saudi Arabia,SAU,2001.0,3.964,10805.311325122,80.155242811133,32.85
Saudi Arabia,SAU,2002.0,3.709,10586.0543471363,80.3438134074234,32.169
Saudi Arabia,SAU,2003.0,3.465,11487.220410693,80.5414456330177,37.043
Saudi Arabia,SAU,2004.0,3.264,13154.4978989446,80.7542316538166,38.127
Saudi Arabia,SAU,2005.0,3.161,15975.7473782258,80.9775503092999,37.154
Saudi Arabia,SAU,2006.0,3.176,17563.6145370639,81.2008588083072,36.806
Saudi Arabia,SAU,2007.0,3.185,18596.1502627898,81.4230015549063,34.941
Saudi Arabia,SAU,2008.0,3.074,22320.4888964331,81.6441431042994,35.428
Saudi Arabia,SAU,2009.0,2.95,17718.3911648365,81.8644480116889,36.292
Saudi Arabia,SAU,2010.0,2.81,22028.3901426586,82.0791668544465,40.568
Saudi Arabia,SAU,2011.0,2.8,27126.7498747702,82.2543876159947,44.403
Saudi Arabia,SAU,2012.0,2.78,28733.4375513452,82.4311918025358,50.485
Saudi Arabia,SAU,2013.0,2.67,27865.465604962,82.6071884619102,55.914
Saudi Arabia,SAU,2014.0,2.68,27805.4850319422,82.7822571294871,63.781
Saudi Arabia,SAU,2015.0,2.63,23256.1549553531,82.9562773406163,67.44
Saudi Arabia,SAU,2016.0,2.65,22267.7217050387,83.129128630626,73.371
Saudi Arabia,SAU,2017.0,2.67,23929.2907135982,83.300690534822,77.352
Saudi Arabia,SAU,2018.0,2.67,29360.0658968566,83.4708425884849,79.374
Saudi Arabia,SAU,2019.0,2.49,29566.7933827436,83.6394643268678,84.202
Saudi Arabia,SAU,2020.0,2.27,24338.8307301067,83.8064352851942,81.136
Saudi Arabia,SAU,2021.0,2.17,31920.7653655643,83.9716349986538,75.807
Saudi Arabia,SAU,2022.0,2.14,38510.2276211037,84.1349430023993,77.707
Saudi Arabia,SAU,2023.0,2.28,36156.848337701,84.2962388315415,
Saudi Arabia,SAU,2024.0,2.308,35121.6628687742,84.4554020211443,84.154
Senegal,SEN,1990.0,6.396,957.314337438177,38.9466557465895,
Senegal,SEN,1991.0,6.267,913.399575796737,39.1402262390545,
Senegal,SEN,1992.0,6.149,951.204960087807,39.3197068566225,1.495
Senegal,SEN,1993.0,6.049,877.52900343803,39.4885845930629,
Senegal,SEN,1994.0,5.915,583.782776032181,39.6503464421449,
Senegal,SEN,1995.0,5.819,714.994396357297,39.808479397638,
Senegal,SEN,1996.0,5.723,723.469950081149,39.9664704533115,
Senegal,SEN,1997.0,5.639,650.776321407448,40.1278066029348,
Senegal,SEN,1998.0,5.581,684.588105785786,40.2959748402772,
Senegal,SEN,1999.0,5.573,677.516338727268,40.474462159108,
Senegal,SEN,2000.0,5.498,603.233162455158,40.6667555531967,
Senegal,SEN,2001.0,5.397,637.213530563724,40.8763420163126,
Senegal,SEN,2002.0,5.301,669.430447319209,41.1081471561292,
Senegal,SEN,2003.0,5.246,817.888034221442,41.35893934855,
Senegal,SEN,2004.0,5.192,918.102079522155,41.6248193895895,
Senegal,SEN,2005.0,5.133,979.846101520171,41.9057599695838,
Senegal,SEN,2006.0,5.064,1017.20196747987,42.2046413043069,3.444
Senegal,SEN,2007.0,5.018,1188.93877808175,42.524343609533,4.217
Senegal,SEN,2008.0,5.024,1398.79218010021,42.867747101036,5.434
Senegal,SEN,2009.0,5.025,1308.69404336205,43.23773199459,5.797
Senegal,SEN,2010.0,5.055,1275.88357492357,43.6371785059692,5.625
Senegal,SEN,2011.0,5.099,1374.67591873844,44.0689668509475,7.413
Senegal,SEN,2012.0,5.129,1326.83798848379,44.5359772452989,7.525
Senegal,SEN,2013.0,5.049,1379.83196553924,45.0398750539456,7.769
Senegal,SEN,2014.0,4.884,1398.89137601382,45.6020905341588,8.072
Senegal,SEN,2015.0,4.751,1218.00613555438,46.2747669629858,8.134
Senegal,SEN,2016.0,4.648,1266.43957151587,47.0553579909929,8.157
Senegal,SEN,2017.0,4.489,1356.80518449031,47.9338349639053,8.582
Senegal,SEN,2018.0,4.294,1452.55612562445,48.9001692274485,10.094
Senegal,SEN,2019.0,4.1,1431.18128932159,49.9443321273477,10.872
Senegal,SEN,2020.0,4.003,1461.08720350553,51.0562950093282,11.743
Senegal,SEN,2021.0,3.936,1598.10676952274,52.2260292191155,14.082
Senegal,SEN,2022.0,3.864,1574.0281059306,53.4435061024348,15.458
Senegal,SEN,2023.0,3.818,1698.03387300843,54.6992276190794,16.458
Senegal,SEN,2024.0,3.765,1773.21829923448,55.2368169057304,16.219
Serbia,SRB,1990.0,1.649,,50.3664886343009,
Serbia,SRB,1991.0,1.612,,50.8151651099233,
Serbia,SRB,1992.0,1.573,,51.299314734908,
Serbia,SRB,1993.0,1.544,,51.8163433117438,
Serbia,SRB,1994.0,1.505,,52.3566205795925,
Serbia,SRB,1995.0,1.468,2349.40645150289,52.9113216254578,
Serbia,SRB,1996.0,1.436,3053.90516860949,53.4716215363434,
Serbia,SRB,1997.0,1.398,3573.50440240049,54.028695399253,
Serbia,SRB,1998.0,1.37,2775.47372982047,54.5737183011903,
Serbia,SRB,1999.0,1.354,2768.91041346166,55.0978653291589,
Serbia,SRB,2000.0,1.48,974.725469278615,55.5923115701625,
Serbia,SRB,2001.0,1.58,1812.42088281393,56.0482321112049,41.438
Serbia,SRB,2002.0,1.57,2390.73459447107,56.462901503343,39.585
Serbia,SRB,2003.0,1.59,3153.9011312754,56.8784264526306,44.98
Serbia,SRB,2004.0,1.57,3597.08798057009,57.3144555999278,46.651
Serbia,SRB,2005.0,1.45,3807.97417321786,57.7508909888183,50.062
Serbia,SRB,2006.0,1.43,4492.7136699046,58.1709152910668,52.846
Serbia,SRB,2007.0,1.38,6081.08765700202,58.5577111784378,54.151
Serbia,SRB,2008.0,1.4,7376.73517910716,58.8944613226962,55.137
Serbia,SRB,2009.0,1.44,6414.0448463847,59.1643483956067,56.383
Serbia,SRB,2010.0,1.4,5970.92660940072,59.3505550689338,55.627
Serbia,SRB,2011.0,1.4,7082.2861666075,59.4349187787267,58.843
Serbia,SRB,2012.0,1.45,6263.04086072815,59.3468437194824,61.167
Serbia,SRB,2013.0,1.43,7040.41812068781,59.6111068725586,64.54
Serbia,SRB,2014.0,1.46,6886.67809068704,59.8779373168945,66.011
Serbia,SRB,2015.0,1.46,5820.3215576888,60.1388092041016,66.878
Serbia,SRB,2016.0,1.46,5982.37030126471,60.3853870034026,70.861
Serbia,SRB,2017.0,1.49,6548.03653824187,60.621208190918,76.855
Serbia,SRB,2018.0,1.49,7559.86165747394,60.8433609008789,78.253
Serbia,SRB,2019.0,1.52,7755.632986437,61.0492248535156,79.284
Serbia,SRB,2020.0,1.48,8098.70955668849,61.223201751709,79.945
Serbia,SRB,2021.0,1.52,9680.52798074468,61.363899230957,81.782
Serbia,SRB,2022.0,1.59,10024.8191112596,61.9013813540396,83.192
Serbia,SRB,2023.0,1.62,12281.707946167,62.1434649229738,87.737
Serbia,SRB,2024.0,1.64,13679.2065983557,62.3830029804177,
Seychelles,SYC,1990.0,2.607,5642.072897243,48.9088869731444,
Seychelles,SYC,1991.0,2.692,5654.63975724251,48.6792044691366,
Seychelles,SYC,1992.0,2.526,6520.48950519188,48.3956533724673,
Seychelles,SYC,1993.0,2.582,6978.68075445824,48.0597061439028,
Seychelles,SYC,1994.0,2.597,6974.86770636796,47.6882836168039,
Seychelles,SYC,1995.0,2.361,7180.66832748656,46.8516399097002,
Seychelles,SYC,1996.0,2.311,7004.33603896356,45.4469524119701,
Seychelles,SYC,1997.0,2.1,7746.69851330444,44.3776725669881,
Seychelles,SYC,1998.0,2.04,8209.51444287,43.9534538495124,
Seychelles,SYC,1999.0,2.04,8243.23610099084,43.6406066285756,
Seychelles,SYC,2000.0,2.08,8063.65500575169,43.3974230710038,
Seychelles,SYC,2001.0,1.98,8153.2986369879,43.2172985855685,
Seychelles,SYC,2002.0,2.04,8864.16919495467,43.0948464521927,
Seychelles,SYC,2003.0,2.06,9070.28460757013,43.0049328648162,
Seychelles,SYC,2004.0,2.01,10827.671636033,42.9237756892027,
Seychelles,SYC,2005.0,2.2,11802.1118276833,42.8510349075107,
Seychelles,SYC,2006.0,2.11,12782.9938926475,42.7880431397027,
Seychelles,SYC,2007.0,2.24,12669.3026687222,42.7361330057413,
Seychelles,SYC,2008.0,2.33,11265.4376270005,42.696637125589,
Seychelles,SYC,2009.0,2.38,9747.09180546291,42.6708881192085,
Seychelles,SYC,2010.0,2.13,10934.79494629,42.660307244583,
Seychelles,SYC,2011.0,2.3,12110.0937461973,42.6739844860866,4.645
Seychelles,SYC,2012.0,2.32,12337.1554669388,42.7261758463169,2.507
Seychelles,SYC,2013.0,2.21,14821.2921476077,42.815069634181,5.028
Seychelles,SYC,2014.0,2.19,15188.1902175113,42.9386256186342,10.714
Seychelles,SYC,2015.0,2.26,15333.1051727105,43.094803568632,23.134
Seychelles,SYC,2016.0,2.33,16566.9946042294,43.2815632531296,36.421
Seychelles,SYC,2017.0,2.34,17480.3651911372,43.4968644410824,66.448
Seychelles,SYC,2018.0,2.34,18440.2340460932,43.7386669014459,64.974
Seychelles,SYC,2019.0,2.31,19141.5118743615,44.0049304031754,61.979
Seychelles,SYC,2020.0,2.2,14041.4754074575,44.2936147152263,39.34
Seychelles,SYC,2021.0,2.38,14982.9111487767,44.6026796065539,41.252
Seychelles,SYC,2022.0,2.2,16836.6721895387,44.9108209981157,19.591
Seychelles,SYC,2023.0,2.18,18262.7115849287,45.0971081321658,18.564
Seychelles,SYC,2024.0,1.85,17858.8226383978,45.2898622460415,20.106
Sierra Leone,SLE,1990.0,6.567,154.794072467618,33.4573295025833,
Sierra Leone,SLE,1991.0,6.553,183.686515027567,33.6815092617457,
Sierra Leone,SLE,1992.0,6.555,163.197571684381,33.8956435735053,
Sierra Leone,SLE,1993.0,6.569,184.951609154872,34.102113310888,
Sierra Leone,SLE,1994.0,6.557,218.507275126222,34.3032993469197,
Sierra Leone,SLE,1995.0,6.555,208.351997250955,34.5015825546266,
Sierra Leone,SLE,1996.0,6.552,224.258711163044,34.6993438070346,
Sierra Leone,SLE,1997.0,6.531,199.880001395777,34.8989639771697,
Sierra Leone,SLE,1998.0,6.495,156.51811883387,35.1028239380579,
Sierra Leone,SLE,1999.0,6.423,155.020833269007,35.3133045627252,
Sierra Leone,SLE,2000.0,6.355,143.743743239644,35.5327867241975,1.506
Sierra Leone,SLE,2001.0,6.305,358.315716051546,35.763651295501,1.203
Sierra Leone,SLE,2002.0,6.23,388.995111216836,36.0082791496616,1.142
Sierra Leone,SLE,2003.0,6.087,413.817607346927,36.2690511597053,
Sierra Leone,SLE,2004.0,5.919,417.749983329227,36.5491283814755,
Sierra Leone,SLE,2005.0,5.807,462.633324427945,36.8485519672439,
Sierra Leone,SLE,2006.0,5.737,580.26796974773,37.1703805343647,
Sierra Leone,SLE,2007.0,5.643,631.889926264998,37.5122859420526,
Sierra Leone,SLE,2008.0,5.563,705.359014080005,37.8725951588418,
Sierra Leone,SLE,2009.0,5.448,652.845806767943,38.2496351532666,
Sierra Leone,SLE,2010.0,5.327,685.039673490948,38.6417328938613,
Sierra Leone,SLE,2011.0,5.209,761.146365577281,39.0472153491602,
Sierra Leone,SLE,2012.0,5.064,937.504428180231,39.4644094876975,
Sierra Leone,SLE,2013.0,4.873,1117.47183075115,39.8916422780075,
Sierra Leone,SLE,2014.0,4.703,1117.7586465721,40.3272406886245,
Sierra Leone,SLE,2015.0,4.548,964.575980888989,40.7669565187099,
Sierra Leone,SLE,2016.0,4.466,844.416411175476,41.229411538771,
Sierra Leone,SLE,2017.0,4.389,779.186007841728,41.7106682105058,
Sierra Leone,SLE,2018.0,4.294,845.914540460932,42.2011025267803,
Sierra Leone,SLE,2019.0,4.192,843.712517809977,42.7018444914441,
Sierra Leone,SLE,2020.0,4.08,845.277557920549,43.2129659123546,
Sierra Leone,SLE,2021.0,3.978,885.396401885395,43.7345385973699,
Sierra Leone,SLE,2022.0,3.876,860.371067916096,44.2666343543487,
Sierra Leone,SLE,2023.0,3.791,758.329137378248,44.809324991151,
Sierra Leone,SLE,2024.0,3.703,806.654650417726,45.3626823156371,
Singapore,SGP,1990.0,1.83,11861.7561591366,100.0,
Singapore,SGP,1991.0,1.73,14502.3799938606,100.0,
Singapore,SGP,1992.0,1.72,16136.2405377661,100.0,
Singapore,SGP,1993.0,1.74,18290.130113185,100.0,
Singapore,SGP,1994.0,1.71,21552.4100366948,100.0,
Singapore,SGP,1995.0,1.67,24914.8507020358,100.0,
Singapore,SGP,1996.0,1.66,26232.866096827,100.0,
Singapore,SGP,1997.0,1.61,26375.8653668113,100.0,
Singapore,SGP,1998.0,1.48,21829.2737831583,100.0,
Singapore,SGP,1999.0,1.47,21796.6373891001,100.0,
Singapore,SGP,2000.0,1.6,23852.8389514753,100.0,
Singapore,SGP,2001.0,1.41,21699.7414868907,100.0,
Singapore,SGP,2002.0,1.37,22159.8373710639,100.0,
Singapore,SGP,2003.0,1.27,23730.3840054566,100.0,
Singapore,SGP,2004.0,1.26,27608.080013423,100.0,
Singapore,SGP,2005.0,1.26,29961.3172812732,100.0,
Singapore,SGP,2006.0,1.28,33768.4528234651,100.0,
Singapore,SGP,2007.0,1.29,39432.8860198877,100.0,
Singapore,SGP,2008.0,1.28,40008.5720489092,100.0,
Singapore,SGP,2009.0,1.22,38926.8054365453,100.0,
Singapore,SGP,2010.0,1.15,47236.683084953,100.0,94.867
Singapore,SGP,2011.0,1.2,53891.4570264372,100.0,98.374
Singapore,SGP,2012.0,1.29,55547.5553077786,100.0,105.311
Singapore,SGP,2013.0,1.19,56967.4257940383,100.0,
Singapore,SGP,2014.0,1.25,57564.8023114977,100.0,
Singapore,SGP,2015.0,1.24,55645.6068614606,100.0,
Singapore,SGP,2016.0,1.2,57005.5887176547,100.0,90.575
Singapore,SGP,2017.0,1.16,61236.251270627,100.0,91.197
Singapore,SGP,2018.0,1.14,66881.6067035265,100.0,95.418
Singapore,SGP,2019.0,1.14,65952.0378959293,100.0,97.09
Singapore,SGP,2020.0,1.1,61410.0792630788,100.0,98.27
Singapore,SGP,2021.0,1.12,80056.1288247844,100.0,102.329
Singapore,SGP,2022.0,1.04,90299.0694637269,100.0,103.249
Singapore,SGP,2023.0,0.97,85412.230345235,100.0,102.128
Singapore,SGP,2024.0,0.97,90674.066632628,100.0,
Sint Maarten (Dutch part),SXM,1990.0,1.848,,100.0,
Sint Maarten (Dutch part),SXM,1991.0,1.847,,100.0,
Sint Maarten (Dutch part),SXM,1992.0,1.882,,100.0,
Sint Maarten (Dutch part),SXM,1993.0,1.942,,100.0,
Sint Maarten (Dutch part),SXM,1994.0,2.054,,100.0,
Sint Maarten (Dutch part),SXM,1995.0,2.143,,100.0,
Sint Maarten (Dutch part),SXM,1996.0,2.184,,100.0,
Sint Maarten (Dutch part),SXM,1997.0,2.173,,100.0,
Sint Maarten (Dutch part),SXM,1998.0,2.142,,100.0,
Sint Maarten (Dutch part),SXM,1999.0,2.066,,100.0,
Sint Maarten (Dutch part),SXM,2000.0,1.982,,100.0,
Sint Maarten (Dutch part),SXM,2001.0,1.892,,100.0,
Sint Maarten (Dutch part),SXM,2002.0,1.809,,100.0,
Sint Maarten (Dutch part),SXM,2003.0,1.742,,100.0,
Sint Maarten (Dutch part),SXM,2004.0,1.702,,100.0,
Sint Maarten (Dutch part),SXM,2005.0,1.708,,100.0,
Sint Maarten (Dutch part),SXM,2006.0,1.758,,100.0,
Sint Maarten (Dutch part),SXM,2007.0,1.572,,100.0,
Sint Maarten (Dutch part),SXM,2008.0,1.728,,100.0,
Sint Maarten (Dutch part),SXM,2009.0,1.713,25528.412619483,100.0,
Sint Maarten (Dutch part),SXM,2010.0,1.848,26403.8143692163,100.0,
Sint Maarten (Dutch part),SXM,2011.0,1.99,27317.5178881974,100.0,
Sint Maarten (Dutch part),SXM,2012.0,1.959,28149.0997855041,100.0,11.236
Sint Maarten (Dutch part),SXM,2013.0,1.894,28529.7324687053,100.0,
Sint Maarten (Dutch part),SXM,2014.0,1.817,37134.912423099,100.0,10.743
Sint Maarten (Dutch part),SXM,2015.0,1.732,37839.6283815163,100.0,12.248
Sint Maarten (Dutch part),SXM,2016.0,1.642,37308.6147795736,100.0,
Sint Maarten (Dutch part),SXM,2017.0,1.571,34701.3058494468,100.0,14.793
Sint Maarten (Dutch part),SXM,2018.0,1.522,31708.3110124742,100.0,
Sint Maarten (Dutch part),SXM,2019.0,1.481,34861.469528968,100.0,
Sint Maarten (Dutch part),SXM,2020.0,1.467,30150.8998380477,100.0,
Sint Maarten (Dutch part),SXM,2021.0,1.456,32548.4366854902,100.0,
Sint Maarten (Dutch part),SXM,2022.0,1.453,37793.1284399157,100.0,13.573
Sint Maarten (Dutch part),SXM,2023.0,1.447,39451.8223361963,100.0,12.554
Sint Maarten (Dutch part),SXM,2024.0,1.44,41472.5874498583,100.0,
Slovak Republic,SVK,1990.0,2.09,2437.17517010845,56.7967872243793,
Slovak Republic,SVK,1991.0,2.05,2726.59305498582,56.8271887773122,
Slovak Republic,SVK,1992.0,1.93,2959.33644860111,56.807175465707,
Slovak Republic,SVK,1993.0,1.87,3143.10143068756,56.7645334025874,
Slovak Republic,SVK,1994.0,1.67,3820.96427542658,56.7028303199392,
Slovak Republic,SVK,1995.0,1.52,4882.51158238228,56.6251654840935,
Slovak Republic,SVK,1996.0,1.47,5247.70081044708,56.5346381613813,
Slovak Republic,SVK,1997.0,1.43,5172.41757491248,56.4343476181338,
Slovak Republic,SVK,1998.0,1.37,5560.916177503,56.3273931206821,
Slovak Republic,SVK,1999.0,1.33,5651.62327514236,56.2168739353574,
Slovak Republic,SVK,2000.0,1.3,5421.6448441887,56.1058893284907,29.509
Slovak Republic,SVK,2001.0,1.2,5712.47802761654,55.9968426739371,32.232
Slovak Republic,SVK,2002.0,1.19,6554.62808369461,55.8776140379959,34.793
Slovak Republic,SVK,2003.0,1.2,8675.39633696465,55.7386007222942,37.453
Slovak Republic,SVK,2004.0,1.25,10650.1290097126,55.5843833415875,40.537
Slovak Republic,SVK,2005.0,1.27,11641.5410321763,55.4189847597721,46.093
Slovak Republic,SVK,2006.0,1.25,13167.8954730379,55.2464278407442,53.103
Slovak Republic,SVK,2007.0,1.27,16110.4817265237,55.0707354484001,60.698
Slovak Republic,SVK,2008.0,1.34,18744.3192278346,54.895930446636,66.573
Slovak Republic,SVK,2009.0,1.44,16586.7527805228,54.7260356993483,69.996
Slovak Republic,SVK,2010.0,1.43,16899.448680529,54.5650740704331,70.737
Slovak Republic,SVK,2011.0,1.45,18469.4354316836,54.4167387988534,69.442
Slovak Republic,SVK,2012.0,1.34,17516.9691054078,54.2764528316182,69.374
Slovak Republic,SVK,2013.0,1.34,18312.7805149823,54.1384024098892,67.348
Slovak Republic,SVK,2014.0,1.37,18770.9289896545,54.0029125499893,65.685
Slovak Republic,SVK,2015.0,1.4,16442.0760860018,53.8700628001622,64.162
Slovak Republic,SVK,2016.0,1.48,16636.0769133073,53.7399327086517,61.002
Slovak Republic,SVK,2017.0,1.52,17645.5298716761,53.6126018237016,59.692
Slovak Republic,SVK,2018.0,1.54,19573.3717031314,53.4881496935559,57.842
Slovak Republic,SVK,2019.0,1.57,19406.0589683582,53.3666558664583,58.248
Slovak Republic,SVK,2020.0,1.59,19735.4858280801,53.2481998906526,58.13
Slovak Republic,SVK,2021.0,1.63,22123.3342114545,53.1901479870605,60.786
Slovak Republic,SVK,2022.0,1.57,21317.7943982363,53.1902831072528,63.247
Slovak Republic,SVK,2023.0,1.49,24614.8734642794,53.190805019646,63.111
Slovak Republic,SVK,2024.0,1.46,25992.6748502048,53.1919702985684,
Slovenia,SVN,1990.0,1.46,9925.14071044684,50.5835609436035,
Slovenia,SVN,1991.0,1.42,7229.31149788617,50.527096993728,
Slovenia,SVN,1992.0,1.33,7151.15243829224,50.6631317138672,
Slovenia,SVN,1993.0,1.33,7254.58887417768,50.3572006225586,
Slovenia,SVN,1994.0,1.32,8243.89895545106,50.1755294799805,
Slovenia,SVN,1995.0,1.29,10738.0887611468,50.2029106884133,
Slovenia,SVN,1996.0,1.28,10796.7399446283,50.2747487580715,
Slovenia,SVN,1997.0,1.25,10436.7260661871,50.3755853554947,
Slovenia,SVN,1998.0,1.23,11131.5666628231,50.4899621472228,
Slovenia,SVN,1999.0,1.21,11401.4906790909,50.6024207997953,
Slovenia,SVN,2000.0,1.26,10135.7219109212,50.6975029797519,64.227
Slovenia,SVN,2001.0,1.21,10375.6255869861,50.7597503536323,70.704
Slovenia,SVN,2002.0,1.21,11639.1297780477,50.7744556266555,79.27
Slovenia,SVN,2003.0,1.2,14711.674874253,50.7553842628349,80.498
Slovenia,SVN,2004.0,1.25,17103.8297783905,50.7124410611224,85.568
Slovenia,SVN,2005.0,1.26,17969.7095907161,50.648781400021,96.393
Slovenia,SVN,2006.0,1.31,19563.005059144,50.5672552816963,102.039
Slovenia,SVN,2007.0,1.38,23725.1596001515,50.4707127083144,104.679
Slovenia,SVN,2008.0,1.53,27461.9764165315,50.3620036820409,105.936
Slovenia,SVN,2009.0,1.53,24501.7897290425,50.2439782050416,106.716
Slovenia,SVN,2010.0,1.57,23329.8417691156,50.1194862794826,109.365
Slovenia,SVN,2011.0,1.56,24940.6284841605,49.9463818748723,109.785
Slovenia,SVN,2012.0,1.58,22442.1417859955,49.7619476318359,106.389
Slovenia,SVN,2013.0,1.55,23236.9655321695,50.0466580754027,104.173
Slovenia,SVN,2014.0,1.58,24013.0682060959,50.983470916748,99.943
Slovenia,SVN,2015.0,1.57,20697.2748530619,53.6612160294144,98.115
Slovenia,SVN,2016.0,1.58,21447.8377796036,53.647274017334,94.171
Slovenia,SVN,2017.0,1.62,23303.077705959,55.2451133728027,93.813
Slovenia,SVN,2018.0,1.6,25888.0481065655,55.1913430955675,92.127
Slovenia,SVN,2019.0,1.61,25814.1687167572,55.4523277282715,92.903
Slovenia,SVN,2020.0,1.59,25392.0651093612,55.384391784668,92.902
Slovenia,SVN,2021.0,1.64,29192.8401933019,55.3046289429588,100.995
Slovenia,SVN,2022.0,1.55,28360.3041467268,55.3377817873563,100.368
Slovenia,SVN,2023.0,1.51,32660.4753581346,55.5378927789875,97.771
Slovenia,SVN,2024.0,1.52,34301.0318686594,55.7577708405917,
Solomon Islands,SLB,1990.0,5.74,648.325212624098,13.7716874423522,
Solomon Islands,SLB,1991.0,5.62,665.833104132659,13.9475479872714,
Solomon Islands,SLB,1992.0,5.509,763.857968549522,14.1156307980977,
Solomon Islands,SLB,1993.0,5.453,828.869997791691,14.28070381854,
Solomon Islands,SLB,1994.0,5.398,1078.0410925874,14.4475349923074,
Solomon Islands,SLB,1995.0,5.335,1220.17919311126,14.620892263109,
Solomon Islands,SLB,1996.0,5.221,1289.33036923435,14.8055435746538,
Solomon Islands,SLB,1997.0,5.093,1292.23951946469,15.006256870651,
Solomon Islands,SLB,1998.0,4.977,1091.89096889326,15.2278000948096,
Solomon Islands,SLB,1999.0,4.861,1133.62256531791,15.4759628886412,
Solomon Islands,SLB,2000.0,4.757,953.17190137706,15.7523593692696,
Solomon Islands,SLB,2001.0,4.673,911.791935385411,16.0619258388978,
Solomon Islands,SLB,2002.0,4.602,756.890296490792,16.4026212138182,
Solomon Islands,SLB,2003.0,4.539,895.984242546501,16.7733115757749,
Solomon Islands,SLB,2004.0,4.466,986.070953503889,17.172863006512,
Solomon Islands,SLB,2005.0,4.411,1144.49233397681,17.6001415877737,
Solomon Islands,SLB,2006.0,4.39,1255.62447417684,18.0540134013038,
Solomon Islands,SLB,2007.0,4.372,1390.14870956707,18.5333445288467,
Solomon Islands,SLB,2008.0,4.358,1525.84666261203,19.0370010521463,
Solomon Islands,SLB,2009.0,4.349,1554.70671006386,19.5633740998673,
Solomon Islands,SLB,2010.0,4.341,1685.14535823757,20.1194058206257,
Solomon Islands,SLB,2011.0,4.335,1924.05795643133,20.7284892962955,
Solomon Islands,SLB,2012.0,4.332,2066.25738638356,21.3906964219987,
Solomon Islands,SLB,2013.0,4.325,2161.38627543917,22.1027262484765,
Solomon Islands,SLB,2014.0,4.36,2164.95289873002,22.8612778264703,
Solomon Islands,SLB,2015.0,4.291,2045.47721526649,23.6630502067213,
Solomon Islands,SLB,2016.0,4.2,2082.62383124213,24.5047424399707,
Solomon Islands,SLB,2017.0,4.06,2143.57670489272,25.3830535769599,
Solomon Islands,SLB,2018.0,3.93,2278.19908624102,26.2946826684302,
Solomon Islands,SLB,2019.0,3.8,2223.65890942466,27.275106750276,
Solomon Islands,SLB,2020.0,3.749,2063.32780991967,28.0327555150022,
Solomon Islands,SLB,2021.0,3.694,2043.44413170658,28.6889396820578,
Solomon Islands,SLB,2022.0,3.62,1877.78104490956,29.3511689856806,
Solomon Islands,SLB,2023.0,3.557,1882.64394148042,30.0088821088389,
Solomon Islands,SLB,2024.0,3.513,1933.55538435227,30.6617188562194,
"Somalia, Fed. Rep.",SOM,1990.0,7.44,145.603501373513,29.4046402659076,
"Somalia, Fed. Rep.",SOM,1991.0,7.47,105.37132651622,29.7180106745758,
"Somalia, Fed. Rep.",SOM,1992.0,7.5,109.204910481074,30.0394744239389,
"Somalia, Fed. Rep.",SOM,1993.0,7.526,188.603158677914,30.3703404224041,
"Somalia, Fed. Rep.",SOM,1994.0,7.544,210.793779581384,30.7119175783784,
"Somalia, Fed. Rep.",SOM,1995.0,7.581,210.673254610492,31.0655148002693,
"Somalia, Fed. Rep.",SOM,1996.0,7.621,237.241440951671,31.4324409964838,
"Somalia, Fed. Rep.",SOM,1997.0,7.662,280.112724233259,31.8140050754292,
"Somalia, Fed. Rep.",SOM,1998.0,7.656,363.200013489992,32.2115159455126,
"Somalia, Fed. Rep.",SOM,1999.0,7.657,358.658780828071,32.6262825151413,
"Somalia, Fed. Rep.",SOM,2000.0,7.645,386.119274401275,33.0596136927225,
"Somalia, Fed. Rep.",SOM,2001.0,7.636,244.914842538455,33.5128183866634,
"Somalia, Fed. Rep.",SOM,2002.0,7.626,229.598918310039,33.9872055053711,
"Somalia, Fed. Rep.",SOM,2003.0,7.603,286.273025198975,34.4719665654476,
"Somalia, Fed. Rep.",SOM,2004.0,7.568,375.410326225387,34.9620706047618,
"Somalia, Fed. Rep.",SOM,2005.0,7.527,439.979907805478,35.4674928136211,
"Somalia, Fed. Rep.",SOM,2006.0,7.49,457.996662206659,35.9982083823331,
"Somalia, Fed. Rep.",SOM,2007.0,7.457,479.635628065289,36.5641925012053,
"Somalia, Fed. Rep.",SOM,2008.0,7.415,507.03744334738,37.1754203605454,
"Somalia, Fed. Rep.",SOM,2009.0,7.376,246.513251675105,37.8418671506609,
"Somalia, Fed. Rep.",SOM,2010.0,7.322,219.202453852397,38.5735080618592,
"Somalia, Fed. Rep.",SOM,2011.0,7.268,235.325945610434,39.380318284448,
"Somalia, Fed. Rep.",SOM,2012.0,7.211,350.261946720512,40.2722730087349,
"Somalia, Fed. Rep.",SOM,2013.0,7.14,393.398703952979,41.2593474250273,
"Somalia, Fed. Rep.",SOM,2014.0,7.061,429.431656725102,42.3515167236328,
"Somalia, Fed. Rep.",SOM,2015.0,6.975,445.583080073396,43.8618107408479,
"Somalia, Fed. Rep.",SOM,2016.0,6.878,460.928490585175,45.942842729174,
"Somalia, Fed. Rep.",SOM,2017.0,6.766,510.939952317726,48.3639630032265,
"Somalia, Fed. Rep.",SOM,2018.0,6.662,509.497273804534,50.9506215336872,
"Somalia, Fed. Rep.",SOM,2019.0,6.56,539.954816211694,51.6421170703225,
"Somalia, Fed. Rep.",SOM,2020.0,6.453,518.16113333875,52.286318011754,
"Somalia, Fed. Rep.",SOM,2021.0,6.353,549.056994756254,52.9060649733324,
"Somalia, Fed. Rep.",SOM,2022.0,6.255,573.141165798229,53.5010115886789,
"Somalia, Fed. Rep.",SOM,2023.0,6.132,596.885985135589,54.0714435506882,
"Somalia, Fed. Rep.",SOM,2024.0,6.013,629.538899449007,54.6176465524521,
South Africa,ZAF,1990.0,3.724,3093.48920352334,51.9679908313922,10.437
South Africa,ZAF,1991.0,3.618,3243.23616023953,52.4000015258789,11.134
South Africa,ZAF,1992.0,3.479,3462.39400202835,52.6805094926402,11.762
South Africa,ZAF,1993.0,3.372,3399.64009566241,52.893505042748,12.719
South Africa,ZAF,1994.0,3.258,3488.59711541763,53.0838026074521,15.893
South Africa,ZAF,1995.0,3.172,3855.6340871567,53.2962166180026,
South Africa,ZAF,1996.0,2.991,3617.55336002932,53.5749191516739,
South Africa,ZAF,1997.0,2.734,3700.23554789867,54.0040163031993,
South Africa,ZAF,1998.0,2.63,3309.60933087472,54.6562438276427,
South Africa,ZAF,1999.0,2.559,3242.36830483958,55.4408521794673,
South Africa,ZAF,2000.0,2.413,3217.84693448467,56.2589954883628,
South Africa,ZAF,2001.0,2.373,2847.15191945908,57.0014339378269,
South Africa,ZAF,2002.0,2.324,2688.23676032806,57.6723587528482,
South Africa,ZAF,2003.0,2.358,4062.21755993786,58.3724341232066,
South Africa,ZAF,2004.0,2.436,5221.46333731721,59.0977390950102,
South Africa,ZAF,2005.0,2.512,5836.87663325127,59.8241758378997,
South Africa,ZAF,2006.0,2.548,6077.38293388876,60.5276465215157,
South Africa,ZAF,2007.0,2.545,6591.85535960564,61.1840533154988,
South Africa,ZAF,2008.0,2.679,6184.75474328399,61.7692983894896,
South Africa,ZAF,2009.0,2.501,6374.70560042992,62.2592839131287,
South Africa,ZAF,2010.0,2.445,7973.47195771517,62.6299120560569,
South Africa,ZAF,2011.0,2.436,8646.05571071635,62.850627754452,
South Africa,ZAF,2012.0,2.447,8076.97678479741,62.9616560303263,21.133
South Africa,ZAF,2013.0,2.428,7331.65467384919,63.0524024097034,21.904
South Africa,ZAF,2014.0,2.424,6856.73137092522,63.1352327065742,21.681
South Africa,ZAF,2015.0,2.359,6112.27382485974,63.2096349937231,22.392
South Africa,ZAF,2016.0,2.261,5651.20585165749,63.2750973439347,22.341
South Africa,ZAF,2017.0,2.283,6618.33508255701,63.3311078299936,24.859
South Africa,ZAF,2018.0,2.27,6914.1780318076,63.3771545246841,26.525
South Africa,ZAF,2019.0,2.264,6533.71121032856,63.4127255007908,26.586
South Africa,ZAF,2020.0,2.257,5580.60383075189,63.4373088310982,27.59
South Africa,ZAF,2021.0,2.248,6828.75624590017,63.4503925883909,27.575
South Africa,ZAF,2022.0,2.227,6534.24867783397,63.4766699210327,29.682
South Africa,ZAF,2023.0,2.216,6034.27208964673,63.5823705163545,29.843
South Africa,ZAF,2024.0,2.205,6267.186814093,63.6917984858172,
South Sudan,SSD,1990.0,7.377,,12.6318078623073,
South Sudan,SSD,1991.0,7.377,,13.2785549213056,
South Sudan,SSD,1992.0,7.37,,13.8010477426381,
South Sudan,SSD,1993.0,7.36,,14.1628125972768,
South Sudan,SSD,1994.0,7.346,,14.4519115878723,
South Sudan,SSD,1995.0,7.337,,14.741959594823,
South Sudan,SSD,1996.0,7.321,,15.0253277804679,
South Sudan,SSD,1997.0,7.199,,15.299558729894,
South Sudan,SSD,1998.0,7.078,,15.5621950281887,
South Sudan,SSD,1999.0,6.937,,15.8107792604388,
South Sudan,SSD,2000.0,6.803,,16.0428540117317,
South Sudan,SSD,2001.0,6.654,,16.2559618671544,
South Sudan,SSD,2002.0,6.515,,16.447645411794,
South Sudan,SSD,2003.0,6.353,,16.6154472307377,
South Sudan,SSD,2004.0,6.19,,16.7569099090725,
South Sudan,SSD,2005.0,6.022,,16.8695760318857,
South Sudan,SSD,2006.0,5.853,,16.9509881842643,
South Sudan,SSD,2007.0,5.704,,16.9986889512954,
South Sudan,SSD,2008.0,5.569,1654.21153546555,17.0301141193955,
South Sudan,SSD,2009.0,5.446,1323.22068747862,17.2937284639317,
South Sudan,SSD,2010.0,5.318,1498.27034985194,17.535620199576,
South Sudan,SSD,2011.0,5.193,1448.98435006408,17.7817678106789,
South Sudan,SSD,2012.0,5.061,1109.26050083408,18.0321885447664,
South Sudan,SSD,2013.0,4.939,1650.18943353528,18.2868996493633,
South Sudan,SSD,2014.0,4.818,1242.73450181032,18.5459183719929,
South Sudan,SSD,2015.0,4.695,1080.14718624765,18.8092619601773,
South Sudan,SSD,2016.0,4.579,,19.0769476614377,
South Sudan,SSD,2017.0,4.483,,19.3489927232944,
South Sudan,SSD,2018.0,4.37,,19.6254143932663,
South Sudan,SSD,2019.0,4.26,,19.9062299188719,
South Sudan,SSD,2020.0,4.16,,20.1914565476286,
South Sudan,SSD,2021.0,4.047,,20.4811115270532,
South Sudan,SSD,2022.0,3.964,,20.7752121046616,
South Sudan,SSD,2023.0,3.864,,21.0737755279692,
South Sudan,SSD,2024.0,3.785,,21.3768190444906,
Spain,ESP,1990.0,1.36,13795.0159385128,74.8374358949045,
Spain,ESP,1991.0,1.33,14801.3226152172,75.0307020244923,
Spain,ESP,1992.0,1.31,16100.6799428032,75.1991108679216,
Spain,ESP,1993.0,1.26,13330.3798192211,75.3443453546763,
Spain,ESP,1994.0,1.19,13405.704414883,75.4723725309182,
Spain,ESP,1995.0,1.16,15460.9110266653,75.588297274636,
Spain,ESP,1996.0,1.14,16100.6215831114,75.6972244638181,
Spain,ESP,1997.0,1.15,14722.3717633536,75.804258976453,
Spain,ESP,1998.0,1.13,15382.3348573373,75.9145056905294,
Spain,ESP,1999.0,1.17,15707.9473068138,76.0330694840356,
Spain,ESP,2000.0,1.22,14743.2671031455,76.1650552349602,63.361
Spain,ESP,2001.0,1.23,15368.2337984435,76.3156889510385,65.556
Spain,ESP,2002.0,1.25,17111.0685058941,76.4934217249538,69.397
Spain,ESP,2003.0,1.3,21522.0170990262,76.709335590859,71.4
Spain,ESP,2004.0,1.31,24925.0267844576,76.9549627547133,74.449
Spain,ESP,2005.0,1.33,26450.9530130382,77.2206801920294,75.08
Spain,ESP,2006.0,1.36,28421.686527407,77.4968648783202,76.173
Spain,ESP,2007.0,1.38,32652.015594702,77.7738937890987,76.64
Spain,ESP,2008.0,1.45,35603.248328071,78.0421438998777,76.949
Spain,ESP,2009.0,1.38,32279.8208476151,78.2919921861701,79.27
Spain,ESP,2010.0,1.37,30658.7422282912,78.5138156234888,84.451
Spain,ESP,2011.0,1.34,31824.6219134777,78.695397956495,89.177
Spain,ESP,2012.0,1.32,28456.4438151477,78.8455680301618,91.113
Spain,ESP,2013.0,1.27,29228.846559842,78.9858086902112,93.59
Spain,ESP,2014.0,1.32,29707.765509467,79.1196713833488,96.318
Spain,ESP,2015.0,1.33,25982.4416197775,79.2454892743023,96.542
Spain,ESP,2016.0,1.33,26755.6061149398,79.3615955277997,98.156
Spain,ESP,2017.0,1.31,28381.3425596906,79.4663233085683,100.662
Spain,ESP,2018.0,1.26,30602.4212881113,79.5580057813361,101.434
Spain,ESP,2019.0,1.23,29786.5245689007,79.6349761108307,100.553
Spain,ESP,2020.0,1.18,27233.9426461608,79.6955674617799,101.531
Spain,ESP,2021.0,1.18,30799.4775937775,79.7846242983598,106.153
Spain,ESP,2022.0,1.16,30319.4987196616,79.9548794567814,106.553
Spain,ESP,2023.0,1.12,33493.2225409111,80.128491001856,106.625
Spain,ESP,2024.0,1.1,35326.7683069278,80.315199821207,
Sri Lanka,LKA,1990.0,2.541,491.213686238493,18.0909081032944,
Sri Lanka,LKA,1991.0,2.514,546.292515570886,17.6140997276515,
Sri Lanka,LKA,1992.0,2.487,579.655117618283,17.1453343172557,
Sri Lanka,LKA,1993.0,2.438,607.231847102846,16.6924029697495,
Sri Lanka,LKA,1994.0,2.405,678.268012020205,16.2630967827755,3.127
Sri Lanka,LKA,1995.0,2.353,741.838255293455,15.8652068539762,
Sri Lanka,LKA,1996.0,2.285,776.192371057587,15.5065242809941,
Sri Lanka,LKA,1997.0,2.215,827.035756058631,15.1948401614719,
Sri Lanka,LKA,1998.0,2.136,847.533577843861,14.9379455930521,
Sri Lanka,LKA,1999.0,2.142,829.356379527539,14.7436316733772,
Sri Lanka,LKA,2000.0,2.213,860.199884304769,14.6196895000898,
Sri Lanka,LKA,2001.0,2.283,803.544026627385,14.5739539539707,
Sri Lanka,LKA,2002.0,2.31,834.936014905338,14.6107836754127,
Sri Lanka,LKA,2003.0,2.301,946.382255128072,14.7256630416211,
Sri Lanka,LKA,2004.0,2.271,1028.62068132555,14.9130061059922,
Sri Lanka,LKA,2005.0,2.263,1207.21994764165,15.167273918248,
Sri Lanka,LKA,2006.0,2.292,1388.89739119932,15.4829275281105,
Sri Lanka,LKA,2007.0,2.295,1578.63451125392,15.8544279853018,
Sri Lanka,LKA,2008.0,2.232,1973.58476901287,16.2762363395441,
Sri Lanka,LKA,2009.0,2.179,2026.65939950702,16.7428136405592,
Sri Lanka,LKA,2010.0,2.134,2808.36244503709,17.2486209380693,20.138
Sri Lanka,LKA,2011.0,2.144,3224.95745150496,17.7881192817964,18.315
Sri Lanka,LKA,2012.0,2.173,3327.77613691283,18.2617686748284,19.943
Sri Lanka,LKA,2013.0,2.178,3739.43181100202,18.4323136480916,21.544
Sri Lanka,LKA,2014.0,2.134,3972.04375736464,18.6153877203724,20.205
Sri Lanka,LKA,2015.0,2.09,4057.7158346231,18.796256612131,22.16
Sri Lanka,LKA,2016.0,2.062,4149.19190775593,18.9747679368162,21.04
Sri Lanka,LKA,2017.0,2.044,4398.88828068715,19.1507693078088,20.917
Sri Lanka,LKA,2018.0,2.033,4358.56095906047,19.3241083384127,21.624
Sri Lanka,LKA,2019.0,2.022,4081.94772722003,19.4946326418437,24.292
Sri Lanka,LKA,2020.0,2.007,3847.60137695639,19.6621898312161,25.273
Sri Lanka,LKA,2021.0,1.995,3996.96240014909,19.8266275195269,25.777
Sri Lanka,LKA,2022.0,1.984,3342.63650253855,19.9877933196367,27.999
Sri Lanka,LKA,2023.0,1.974,3798.89016573011,20.1455348442463,26.046
Sri Lanka,LKA,2024.0,1.952,4515.56787322732,20.2996997058686,
St. Kitts and Nevis,KNA,1990.0,2.725,5373.44824048425,34.6369138371462,
St. Kitts and Nevis,KNA,1991.0,2.597,5464.61025672087,34.4786979982536,
St. Kitts and Nevis,KNA,1992.0,2.433,5947.1211356266,34.315544470369,6.659
St. Kitts and Nevis,KNA,1993.0,2.375,6395.31437746849,34.1362064106915,11.522
St. Kitts and Nevis,KNA,1994.0,2.31,7065.28291984056,33.9452400262317,
St. Kitts and Nevis,KNA,1995.0,2.304,7406.44486096454,33.7463783110243,
St. Kitts and Nevis,KNA,1996.0,2.26,7788.42839854571,33.543354259104,
St. Kitts and Nevis,KNA,1997.0,2.3,8626.72257471312,33.3399008645055,
St. Kitts and Nevis,KNA,1998.0,2.31,8710.78984057184,33.1397511212637,
St. Kitts and Nevis,KNA,1999.0,2.256,9116.28627997718,32.9466380234133,
St. Kitts and Nevis,KNA,2000.0,2.126,9319.65545093525,32.764294564989,
St. Kitts and Nevis,KNA,2001.0,2.082,10022.5919235637,32.5960599951138,
St. Kitts and Nevis,KNA,2002.0,2.038,10453.6587064313,32.4368354358251,
St. Kitts and Nevis,KNA,2003.0,2.004,10175.6295449989,32.2808981467536,
St. Kitts and Nevis,KNA,2004.0,1.964,10944.6183741768,32.1287199225823,
St. Kitts and Nevis,KNA,2005.0,1.931,11783.7867154145,31.9804975781124,
St. Kitts and Nevis,KNA,2006.0,1.902,13837.8495311219,31.8364279281447,
St. Kitts and Nevis,KNA,2007.0,1.871,14757.9579751035,31.6967077874804,
St. Kitts and Nevis,KNA,2008.0,1.833,16604.9448615905,31.5615339709202,26.921
St. Kitts and Nevis,KNA,2009.0,1.8,16503.4119292794,31.4311032932653,
St. Kitts and Nevis,KNA,2010.0,1.762,16622.9457908577,31.3056125693165,
St. Kitts and Nevis,KNA,2011.0,1.74,17832.4572919975,31.2000648379646,
St. Kitts and Nevis,KNA,2012.0,1.713,17532.0559008608,31.2035138804223,
St. Kitts and Nevis,KNA,2013.0,1.682,18580.1301949935,31.2131485582887,
St. Kitts and Nevis,KNA,2014.0,1.665,20219.3954237956,31.2290015317909,89.046
St. Kitts and Nevis,KNA,2015.0,1.643,20328.8003530109,31.2513929695583,122.766
St. Kitts and Nevis,KNA,2016.0,1.633,21387.5415511103,31.2806171906169,
St. Kitts and Nevis,KNA,2017.0,1.61,22464.9899633959,31.3169642505921,
St. Kitts and Nevis,KNA,2018.0,1.587,22901.3816403197,31.3607229995076,
St. Kitts and Nevis,KNA,2019.0,1.568,23595.4923231291,31.4121818392285,
St. Kitts and Nevis,KNA,2020.0,1.55,18859.0190361046,31.4716289738952,
St. Kitts and Nevis,KNA,2021.0,1.531,18361.1449697886,31.5393525093972,
St. Kitts and Nevis,KNA,2022.0,1.512,21011.5744209816,31.6156404983167,
St. Kitts and Nevis,KNA,2023.0,1.505,22576.9248439166,31.7007809622822,
St. Kitts and Nevis,KNA,2024.0,1.526,23960.6534357084,31.795061903951,
St. Lucia,LCA,1990.0,3.238,4204.57161863111,29.5389632139216,
St. Lucia,LCA,1991.0,3.19,4398.67906897723,29.5736982837359,
St. Lucia,LCA,1992.0,3.11,4759.83867808296,29.5408675059156,
St. Lucia,LCA,1993.0,2.999,4764.72464839218,29.4587481057258,7.016
St. Lucia,LCA,1994.0,3.028,4892.06733637469,29.3316316964674,
St. Lucia,LCA,1995.0,3.026,5147.92024022295,29.1636117100817,
St. Lucia,LCA,1996.0,2.712,5244.01665086076,28.9587815785097,25.454
St. Lucia,LCA,1997.0,2.743,5282.37011402006,28.7212347336928,
St. Lucia,LCA,1998.0,2.403,5672.51373770766,28.4550646075721,
St. Lucia,LCA,1999.0,2.501,5882.83398968649,28.1643646320887,
St. Lucia,LCA,2000.0,2.207,5879.56191426207,27.8532282391838,
St. Lucia,LCA,2001.0,2.125,5570.45247098106,27.5160334778671,
St. Lucia,LCA,2002.0,2.032,5567.89428424719,26.9383251458178,
St. Lucia,LCA,2003.0,1.939,6058.60622059326,26.0119584764195,
St. Lucia,LCA,2004.0,1.863,6494.60034867886,24.8459172882296,20.859
St. Lucia,LCA,2005.0,1.807,6863.43641919345,23.5419158996884,18.997
St. Lucia,LCA,2006.0,1.765,7611.17856675319,22.2016686292365,16.244
St. Lucia,LCA,2007.0,1.7,7964.38211480117,20.9268897953144,12.092
St. Lucia,LCA,2008.0,1.7,8516.96075488787,19.8192937163625,22.202
St. Lucia,LCA,2009.0,1.735,8250.52180732734,18.9805947108213,25.708
St. Lucia,LCA,2010.0,1.673,8673.68720340529,18.5125070971313,18.45
St. Lucia,LCA,2011.0,1.5,9128.99442011613,18.4743479557314,21.27
St. Lucia,LCA,2012.0,1.5,9260.30006551714,18.6193081275177,14.487
St. Lucia,LCA,2013.0,1.5,9577.21733754358,18.9258370999948,19.172
St. Lucia,LCA,2014.0,1.485,10044.8218377677,19.3915445904726,23.627
St. Lucia,LCA,2015.0,1.473,10334.9860823918,20.0204288176073,22.782
St. Lucia,LCA,2016.0,1.461,10638.1269396653,20.8164880000551,26.684
St. Lucia,LCA,2017.0,1.448,11333.1123822102,21.783720356472,28.097
St. Lucia,LCA,2018.0,1.436,11642.6984727769,22.9261241055144,19.727
St. Lucia,LCA,2019.0,1.424,11794.0597229805,24.2476974658382,21.963
St. Lucia,LCA,2020.0,1.411,8411.07474936367,25.7524386560998,22.969
St. Lucia,LCA,2021.0,1.399,10459.1321248092,27.4443458949551,
St. Lucia,LCA,2022.0,1.387,13103.8243147472,29.097678526676,22.51
St. Lucia,LCA,2023.0,1.379,13554.7684784933,29.0976313248036,20.59
St. Lucia,LCA,2024.0,1.385,14181.6303351598,29.0973354237452,
St. Martin (French part),MAF,1990.0,2.745,,100.0,
St. Martin (French part),MAF,1991.0,2.708,,100.0,
St. Martin (French part),MAF,1992.0,2.68,,100.0,
St. Martin (French part),MAF,1993.0,2.665,,100.0,
St. Martin (French part),MAF,1994.0,2.669,,100.0,
St. Martin (French part),MAF,1995.0,2.688,,100.0,
St. Martin (French part),MAF,1996.0,2.71,,100.0,
St. Martin (French part),MAF,1997.0,2.746,,100.0,
St. Martin (French part),MAF,1998.0,2.795,,100.0,
St. Martin (French part),MAF,1999.0,2.839,,100.0,
St. Martin (French part),MAF,2000.0,2.876,,100.0,
St. Martin (French part),MAF,2001.0,2.897,,100.0,
St. Martin (French part),MAF,2002.0,2.896,,100.0,
St. Martin (French part),MAF,2003.0,2.872,,100.0,
St. Martin (French part),MAF,2004.0,2.827,,100.0,
St. Martin (French part),MAF,2005.0,2.779,,100.0,
St. Martin (French part),MAF,2006.0,2.711,,100.0,
St. Martin (French part),MAF,2007.0,2.633,,100.0,
St. Martin (French part),MAF,2008.0,2.55,,100.0,
St. Martin (French part),MAF,2009.0,2.464,,100.0,
St. Martin (French part),MAF,2010.0,2.4,,100.0,
St. Martin (French part),MAF,2011.0,2.424,20930.5821177758,100.0,
St. Martin (French part),MAF,2012.0,2.773,,100.0,
St. Martin (French part),MAF,2013.0,2.719,,100.0,
St. Martin (French part),MAF,2014.0,2.707,20638.7705882379,100.0,
St. Martin (French part),MAF,2015.0,2.665,,100.0,
St. Martin (French part),MAF,2016.0,2.643,,100.0,
St. Martin (French part),MAF,2017.0,2.657,,100.0,
St. Martin (French part),MAF,2018.0,2.725,,100.0,
St. Martin (French part),MAF,2019.0,2.791,19033.0649634889,100.0,
St. Martin (French part),MAF,2020.0,2.829,,100.0,
St. Martin (French part),MAF,2021.0,2.804,21668.3776525323,100.0,
St. Martin (French part),MAF,2022.0,2.763,,100.0,
St. Martin (French part),MAF,2023.0,2.718,,100.0,
St. Martin (French part),MAF,2024.0,2.673,,100.0,
St. Vincent and the Grenadines,VCT,1990.0,2.731,2149.73944358984,43.857023029613,8.551
St. Vincent and the Grenadines,VCT,1991.0,2.747,2270.76357246912,43.9075600985447,
St. Vincent and the Grenadines,VCT,1992.0,2.759,2470.51840791008,43.9730261698332,
St. Vincent and the Grenadines,VCT,1993.0,2.737,2539.64968649849,44.0568821225065,
St. Vincent and the Grenadines,VCT,1994.0,2.678,2563.24976564442,44.155714886646,
St. Vincent and the Grenadines,VCT,1995.0,2.609,2795.36305613955,44.2664367297579,
St. Vincent and the Grenadines,VCT,1996.0,2.526,2930.44394742606,44.3859599193481,
St. Vincent and the Grenadines,VCT,1997.0,2.433,3073.7784743848,44.5111967229227,
St. Vincent and the Grenadines,VCT,1998.0,2.345,3301.10018129103,44.6390594079879,
St. Vincent and the Grenadines,VCT,1999.0,2.307,3446.52293031878,44.7664602420497,
St. Vincent and the Grenadines,VCT,2000.0,2.306,3768.95536604022,44.8903114926141,
St. Vincent and the Grenadines,VCT,2001.0,2.3,4071.08601098962,45.0076571524878,
St. Vincent and the Grenadines,VCT,2002.0,2.218,4303.27976789727,45.1214266763803,
St. Vincent and the Grenadines,VCT,2003.0,2.142,4499.61454193342,45.236152710942,
St. Vincent and the Grenadines,VCT,2004.0,2.087,4873.48947742443,45.3517185236482,
St. Vincent and the Grenadines,VCT,2005.0,2.068,5157.39373878102,45.4681221654846,
St. Vincent and the Grenadines,VCT,2006.0,2.033,5744.8278621257,45.5853616874371,
St. Vincent and the Grenadines,VCT,2007.0,2.063,6398.19123532172,45.7034351404912,
St. Vincent and the Grenadines,VCT,2008.0,2.15,6598.90531450859,45.8223405756329,
St. Vincent and the Grenadines,VCT,2009.0,2.174,6463.78777336717,45.9420760438477,
St. Vincent and the Grenadines,VCT,2010.0,2.144,6551.96835992405,46.0626395961215,
St. Vincent and the Grenadines,VCT,2011.0,2.076,6527.68996854448,46.18402928344,
St. Vincent and the Grenadines,VCT,2012.0,2.113,6713.80768643865,46.3063114823836,
St. Vincent and the Grenadines,VCT,2013.0,2.106,7072.46737188939,46.4319347036311,
St. Vincent and the Grenadines,VCT,2014.0,2.141,7168.82875342911,46.5579930468544,34.0
St. Vincent and the Grenadines,VCT,2015.0,2.133,7353.73556054184,46.6845638727475,30.584
St. Vincent and the Grenadines,VCT,2016.0,2.055,7656.90042881178,46.8116589511271,
St. Vincent and the Grenadines,VCT,2017.0,1.94,7988.04445019298,46.9392900518098,
St. Vincent and the Grenadines,VCT,2018.0,1.9,8428.12677153069,47.0674689446123,
St. Vincent and the Grenadines,VCT,2019.0,1.864,8740.59425232061,47.1962073993512,
St. Vincent and the Grenadines,VCT,2020.0,1.83,8351.20324040982,47.3255171858432,
St. Vincent and the Grenadines,VCT,2021.0,1.808,8641.27904024443,47.4554100739049,
St. Vincent and the Grenadines,VCT,2022.0,1.791,9693.55867833025,47.585897833353,
St. Vincent and the Grenadines,VCT,2023.0,1.775,10582.3656725229,47.7169922340041,
St. Vincent and the Grenadines,VCT,2024.0,1.761,11501.2265187188,47.8487050456749,
Sudan,SDN,1990.0,6.074,1257.1875,29.9502388129759,
Sudan,SDN,1991.0,6.05,1617.55676269531,31.0353531909027,
Sudan,SDN,1992.0,6.019,252.610092163086,31.7438179745549,
Sudan,SDN,1993.0,5.97,312.693908691406,31.9884478944617,
Sudan,SDN,1994.0,5.912,439.420806884766,32.0486931236115,
Sudan,SDN,1995.0,5.856,462.585235595703,32.1100625013715,
Sudan,SDN,1996.0,5.792,294.826965332031,32.1664651904255,
Sudan,SDN,1997.0,5.717,373.09375,32.2179601401085,
Sudan,SDN,1998.0,5.646,350.702880859375,32.2646062997555,
Sudan,SDN,1999.0,5.622,324.659606933594,32.3064626187016,6.861
Sudan,SDN,2000.0,5.596,362.116882324219,32.3435880462815,7.31
Sudan,SDN,2001.0,5.562,451.293304443359,32.3760415318304,8.758
Sudan,SDN,2002.0,5.531,506.262634277344,32.4038820246832,9.969
Sudan,SDN,2003.0,5.489,580.320251464844,32.4271684741748,9.152
Sudan,SDN,2004.0,5.455,705.113342285156,32.4459598296403,10.978
Sudan,SDN,2005.0,5.397,905.543640136719,32.4603150404146,12.249
Sudan,SDN,2006.0,5.332,1132.474609375,32.4702930558327,14.125
Sudan,SDN,2007.0,5.27,1444.37219238281,32.4759528252296,13.753
Sudan,SDN,2008.0,5.212,1527.58239746094,32.4816230749746,14.605
Sudan,SDN,2009.0,5.173,1178.22180175781,32.5774622972843,15.154
Sudan,SDN,2010.0,5.141,1305.63598632813,32.7174026591513,15.648
Sudan,SDN,2011.0,5.087,1332.6572265625,32.9059760141986,14.573
Sudan,SDN,2012.0,5.031,1019.22210693359,33.1425561614901,15.471
Sudan,SDN,2013.0,4.965,1138.62780761719,33.4264777958103,17.381
Sudan,SDN,2014.0,4.912,1275.43835449219,33.7624582408117,16.319
Sudan,SDN,2015.0,4.898,1292.37963867188,34.0914394628597,15.899
Sudan,SDN,2016.0,4.829,1033.21594238281,34.1881958841213,
Sudan,SDN,2017.0,4.761,966.505676269531,34.2872225663509,
Sudan,SDN,2018.0,4.681,731.027465820313,34.382054222005,
Sudan,SDN,2019.0,4.617,709.975280761719,34.4727685824236,
Sudan,SDN,2020.0,4.542,577.795227050781,34.5594433789246,
Sudan,SDN,2021.0,4.457,712.122009277344,34.6421563427994,
Sudan,SDN,2022.0,4.384,1046.24084472656,34.7209852053086,
Sudan,SDN,2023.0,4.323,797.283447265625,34.7960076976764,
Sudan,SDN,2024.0,4.264,984.607666015625,34.8673015510839,
Suriname,SUR,1990.0,3.225,941.591736102188,66.3767863467252,10.311
Suriname,SUR,1991.0,3.094,1079.72521342705,66.4155344007725,
Suriname,SUR,1992.0,3.013,968.895253466926,66.4539597967158,
Suriname,SUR,1993.0,2.943,1022.44583519896,66.491660659069,
Suriname,SUR,1994.0,2.899,1433.54255652781,66.5282351123459,
Suriname,SUR,1995.0,2.897,1609.82504373206,66.5632812810604,
Suriname,SUR,1996.0,2.92,1962.88495820295,66.5963972897263,
Suriname,SUR,1997.0,2.952,2067.59814938391,66.6271812628574,
Suriname,SUR,1998.0,2.986,2428.58641994202,66.6552313249677,
Suriname,SUR,1999.0,3.016,1898.1801816053,66.680145600571,
Suriname,SUR,2000.0,3.046,1988.22172925433,66.7015222141811,
Suriname,SUR,2001.0,3.057,1714.64846637242,66.718959290312,
Suriname,SUR,2002.0,2.956,2202.340682196,66.7320549534773,14.542
Suriname,SUR,2003.0,2.839,2516.10404020956,66.7404073281911,
Suriname,SUR,2004.0,2.738,2887.7721728844,66.743604713168,
Suriname,SUR,2005.0,2.712,3453.42865937765,66.7321826490881,
Suriname,SUR,2006.0,2.727,5002.65798695759,66.6967982269052,
Suriname,SUR,2007.0,2.735,5530.17615638309,66.6433180134835,
Suriname,SUR,2008.0,2.727,6576.08546307249,66.5776961831642,
Suriname,SUR,2009.0,2.712,7129.5768626291,66.5058869102882,
Suriname,SUR,2010.0,2.688,7943.60482816915,66.4338443691967,
Suriname,SUR,2011.0,2.667,7949.88867218383,66.3675227342307,
Suriname,SUR,2012.0,2.669,8851.24050668908,66.3132562693376,
Suriname,SUR,2013.0,2.651,9043.19281529222,66.2683575134509,
Suriname,SUR,2014.0,2.62,9108.18905406764,66.2249266178037,
Suriname,SUR,2015.0,2.57,8813.61705392067,66.1828815074718,
Suriname,SUR,2016.0,2.5,5644.2061057532,66.1426466980469,
Suriname,SUR,2017.0,2.431,6049.52128553675,66.1046467051207,
Suriname,SUR,2018.0,2.381,6665.74180472239,66.0693060442846,
Suriname,SUR,2019.0,2.347,6629.66775248603,66.0370492311305,5.832
Suriname,SUR,2020.0,2.314,4755.39221710693,66.00830078125,5.894
Suriname,SUR,2021.0,2.295,5029.84838543953,65.9853973388672,11.292
Suriname,SUR,2022.0,2.274,6084.43876736445,65.8985443115234,6.909
Suriname,SUR,2023.0,2.249,5521.97602122638,65.7562408447266,6.067
Suriname,SUR,2024.0,2.231,6961.78955961526,65.7641857200885,
Sweden,SWE,1990.0,2.13,30549.3185706762,83.4041730411294,
Sweden,SWE,1991.0,2.11,31776.6680192213,83.4950691325043,
Sweden,SWE,1992.0,2.09,32753.4287003642,83.6078889853357,
Sweden,SWE,1993.0,1.99,24389.8738124128,83.7269008050895,
Sweden,SWE,1994.0,1.88,26045.5196995275,83.8312298868944,
Sweden,SWE,1995.0,1.73,30254.0273028727,83.9000015258789,
Sweden,SWE,1996.0,1.6,33022.2444768661,83.9365712484942,
Sweden,SWE,1997.0,1.52,30324.1845796306,83.96246905017,
Sweden,SWE,1998.0,1.5,30605.3669074811,83.9840819295031,
Sweden,SWE,1999.0,1.5,30968.8710702052,84.00779688509,
Sweden,SWE,2000.0,1.54,29632.5890811623,84.0400009155273,80.412
Sweden,SWE,2001.0,1.57,27259.3174300217,84.0827152824223,84.351
Sweden,SWE,2002.0,1.65,29957.7776664916,84.1342508376823,90.628
Sweden,SWE,2003.0,1.71,37292.2419727801,84.1954289653543,97.947
Sweden,SWE,2004.0,1.75,42758.0048564929,84.2670710494849,101.149
Sweden,SWE,2005.0,1.77,43378.4077394363,84.3499984741211,99.707
Sweden,SWE,2006.0,1.85,46531.3762240485,84.4553200620359,96.883
Sweden,SWE,2007.0,1.88,53568.3057787832,84.5906875454778,92.518
Sweden,SWE,2008.0,1.91,55817.1759726485,84.7517366727063,87.928
Sweden,SWE,2009.0,1.94,46707.6425044751,84.9341031919813,87.436
Sweden,SWE,2010.0,1.98,52542.5759090299,85.1334228515625,88.815
Sweden,SWE,2011.0,1.9,60379.4814599322,85.3600748880524,87.071
Sweden,SWE,2012.0,1.91,57749.5615420853,85.6250668883122,84.274
Sweden,SWE,2013.0,1.89,60843.9888799369,85.9249771259894,80.535
Sweden,SWE,2014.0,1.88,59583.4584491714,86.2563838747314,79.223
Sweden,SWE,2015.0,1.85,51188.1652120493,86.6158654081858,81.018
Sweden,SWE,2016.0,1.85,51703.5088332851,87.0,83.754
Sweden,SWE,2017.0,1.78,53210.2233318965,87.237373786911,87.072
Sweden,SWE,2018.0,1.76,54018.4554391861,87.4737430925296,92.044
Sweden,SWE,2019.0,1.71,51648.9892820514,87.7088420242759,95.324
Sweden,SWE,2020.0,1.67,52568.5726980146,87.9424046895699,101.561
Sweden,SWE,2021.0,1.67,60647.5416365347,88.1741651958315,111.165
Sweden,SWE,2022.0,1.53,54836.8907235124,88.4038576504809,108.327
Sweden,SWE,2023.0,1.45,54950.2834725622,88.631216160938,104.126
Sweden,SWE,2024.0,1.43,57117.4877440616,88.8559748346228,
Switzerland,CHE,1990.0,1.58,39574.5398083788,68.6623855629981,
Switzerland,CHE,1991.0,1.58,39544.4946826768,69.2414147163891,
Switzerland,CHE,1992.0,1.58,40713.6881521435,69.820059647118,
Switzerland,CHE,1993.0,1.51,39237.1186558781,70.4051871933076,
Switzerland,CHE,1994.0,1.49,43091.7770970073,70.9804424734025,
Switzerland,CHE,1995.0,1.48,50113.8321221345,71.5294706058473,
Switzerland,CHE,1996.0,1.5,48092.6433036512,72.0359167090865,
Switzerland,CHE,1997.0,1.48,41584.441782159,72.4834259015645,
Switzerland,CHE,1998.0,1.47,42680.5867322391,72.8556433017258,
Switzerland,CHE,1999.0,1.48,41695.6912912021,73.1362140280151,
Switzerland,CHE,2000.0,1.5,38865.021939688,73.302430524727,32.718
Switzerland,CHE,2001.0,1.38,39638.7911061864,73.3762992611964,33.748
Switzerland,CHE,2002.0,1.39,42458.7384679187,73.4195324136588,34.821
Switzerland,CHE,2003.0,1.39,49335.7456291067,73.4518762174754,38.275
Switzerland,CHE,2004.0,1.42,54659.4571488233,73.4761317507392,40.538
Switzerland,CHE,2005.0,1.42,56242.8933645639,73.4951000915434,41.967
Switzerland,CHE,2006.0,1.44,59011.0324592016,73.5115823179813,43.849
Switzerland,CHE,2007.0,1.46,64989.1553256031,73.5283795081459,45.928
Switzerland,CHE,2008.0,1.48,74175.1927898555,73.5482927401305,49.498
Switzerland,CHE,2009.0,1.5,71568.3123885672,73.5741230920283,50.593
Switzerland,CHE,2010.0,1.52,76531.3729407691,73.6086716419323,52.521
Switzerland,CHE,2011.0,1.52,90476.7589651577,73.65058748615,53.14
Switzerland,CHE,2012.0,1.52,85836.2076767359,73.7522629583622,54.922
Switzerland,CHE,2013.0,1.52,87304.3305813557,74.1121384785551,56.569
Switzerland,CHE,2014.0,1.54,88724.9909402638,74.7402679059582,58.49
Switzerland,CHE,2015.0,1.54,83806.4476003837,75.6044960143169,61.764
Switzerland,CHE,2016.0,1.54,82153.0745447889,76.6726675773771,61.998
Switzerland,CHE,2017.0,1.52,82254.3769269767,77.9126273688843,64.042
Switzerland,CHE,2018.0,1.52,85217.3691512274,79.2922201625844,66.232
Switzerland,CHE,2019.0,1.48,84121.9310304414,80.7792907322229,68.634
Switzerland,CHE,2020.0,1.46,85897.7843338323,82.3416838515457,71.191
Switzerland,CHE,2021.0,1.52,93664.7736696111,84.2006477608879,75.953
Switzerland,CHE,2022.0,1.39,94394.5106803525,84.9206266284521,78.891
Switzerland,CHE,2023.0,1.33,100623.549627296,85.1854212679815,78.751
Switzerland,CHE,2024.0,1.29,103998.186685604,85.4615370020764,
Syrian Arab Republic,SYR,1990.0,5.561,978.489616979607,48.8433810968973,13.478
Syrian Arab Republic,SYR,1991.0,5.342,1000.07798684947,49.0471498206329,13.554
Syrian Arab Republic,SYR,1992.0,5.141,990.138251191708,49.2650458476971,13.186
Syrian Arab Republic,SYR,1993.0,4.994,992.771367475098,49.5009544172498,13.612
Syrian Arab Republic,SYR,1994.0,4.856,712.387716635783,49.7587435362079,12.52
Syrian Arab Republic,SYR,1995.0,4.697,779.699100153744,50.0454433199127,12.138
Syrian Arab Republic,SYR,1996.0,4.536,918.195857362788,50.3656541639413,
Syrian Arab Republic,SYR,1997.0,4.371,940.826589804978,50.7142395730045,
Syrian Arab Republic,SYR,1998.0,4.25,960.837504927725,51.085856389276,
Syrian Arab Republic,SYR,1999.0,4.144,978.17453169496,51.4751614549293,
Syrian Arab Republic,SYR,2000.0,4.068,1138.1884854278,51.876811612138,
Syrian Arab Republic,SYR,2001.0,3.976,1186.82913474027,52.2854637030759,
Syrian Arab Republic,SYR,2002.0,3.865,1183.2473451033,52.6957745699164,11.571
Syrian Arab Republic,SYR,2003.0,3.763,1220.179077256,53.1024010548332,12.302
Syrian Arab Republic,SYR,2004.0,3.679,1368.1148230028,53.5,13.804
Syrian Arab Republic,SYR,2005.0,3.605,1533.90166536568,53.8227202374695,17.064
Syrian Arab Republic,SYR,2006.0,3.562,1718.78347217338,54.059770380523,19.691
Syrian Arab Republic,SYR,2007.0,3.538,1937.61138578027,54.2883969431774,19.633
Syrian Arab Republic,SYR,2008.0,3.481,2429.12477087189,54.5858464394493,20.381
Syrian Arab Republic,SYR,2009.0,3.415,2462.20193643202,55.0293653833552,21.824
Syrian Arab Republic,SYR,2010.0,3.355,2730.61477118949,55.6962002889119,22.817
Syrian Arab Republic,SYR,2011.0,3.285,2952.14349372257,58.4817704183521,24.387
Syrian Arab Republic,SYR,2012.0,3.221,1897.66115018696,65.0896662830335,28.462
Syrian Arab Republic,SYR,2013.0,3.165,985.892669227054,73.0620491886137,31.312
Syrian Arab Republic,SYR,2014.0,3.117,1060.59105886854,76.0,45.286
Syrian Arab Republic,SYR,2015.0,3.067,847.731631942565,75.7529067188542,50.835
Syrian Arab Republic,SYR,2016.0,3.012,656.3490586313,75.15400963398,47.381
Syrian Arab Republic,SYR,2017.0,2.972,851.502005254153,74.5395596323392,
Syrian Arab Republic,SYR,2018.0,2.932,1098.0668642357,74.0612602381775,
Syrian Arab Republic,SYR,2019.0,2.878,1109.53926036049,73.8248788261986,
Syrian Arab Republic,SYR,2020.0,2.837,572.355289831901,73.4125031102512,
Syrian Arab Republic,SYR,2021.0,2.798,663.614245706815,73.0125007629395,
Syrian Arab Republic,SYR,2022.0,2.746,1051.67149587463,72.6124992370605,
Syrian Arab Republic,SYR,2023.0,2.712,,72.1673803143204,
Syrian Arab Republic,SYR,2024.0,2.7,,72.0761345758254,
Tajikistan,TJK,1990.0,5.456,487.03612866309,31.8835141088268,
Tajikistan,TJK,1991.0,5.276,457.767825924805,31.2960416833691,
Tajikistan,TJK,1992.0,5.056,337.833145514813,30.6177365157904,
Tajikistan,TJK,1993.0,4.921,287.620123754917,29.8872550433905,
Tajikistan,TJK,1994.0,4.792,261.271254544865,29.1432537034689,
Tajikistan,TJK,1995.0,4.664,207.034457343036,28.4243889333252,
Tajikistan,TJK,1996.0,3.94,172.035088688368,27.769317170259,
Tajikistan,TJK,1997.0,4.06,150.088550171239,27.2166948515698,
Tajikistan,TJK,1998.0,4.07,213.749145581577,26.8051784145572,
Tajikistan,TJK,1999.0,3.85,175.023764735625,26.5734242965209,9.638
Tajikistan,TJK,2000.0,3.49,136.925716400723,26.5355104669232,10.167
Tajikistan,TJK,2001.0,3.49,168.676285365186,26.5345041786379,9.25
Tajikistan,TJK,2002.0,3.47,186.951638285222,26.5336513960096,9.654
Tajikistan,TJK,2003.0,3.42,233.58124845289,26.5331204386766,10.62
Tajikistan,TJK,2004.0,3.507,305.745158587502,26.5327772632159,11.58
Tajikistan,TJK,2005.0,3.398,333.927150941684,26.5324878262051,12.348
Tajikistan,TJK,2006.0,3.341,401.018403316427,26.5321180842215,13.293
Tajikistan,TJK,2007.0,3.367,516.997210618914,26.5315339938424,14.077
Tajikistan,TJK,2008.0,3.388,703.327375898643,26.5306015116451,14.683
Tajikistan,TJK,2009.0,3.43,664.795655734657,26.529186594207,14.881
Tajikistan,TJK,2010.0,3.457,737.338883219356,26.5274312963978,15.094
Tajikistan,TJK,2011.0,3.456,833.601978202852,26.4792213439941,14.667
Tajikistan,TJK,2012.0,3.421,952.452819695469,26.4102249145508,14.871
Tajikistan,TJK,2013.0,3.433,1028.19704279396,26.4883155822754,15.509
Tajikistan,TJK,2014.0,3.459,1081.54402932039,26.5633735656738,17.442
Tajikistan,TJK,2015.0,3.459,956.916310930656,26.478832244873,19.934
Tajikistan,TJK,2016.0,3.384,788.710481734485,26.3718509674072,22.68
Tajikistan,TJK,2017.0,3.29,829.45714764957,26.2731513977051,24.74
Tajikistan,TJK,2018.0,3.294,834.288404578801,26.2338752746582,
Tajikistan,TJK,2019.0,3.281,871.022372934846,26.1300735473633,
Tajikistan,TJK,2020.0,3.211,834.311715460625,26.1925442328719,30.771
Tajikistan,TJK,2021.0,3.17,896.748053372182,26.1991525151375,32.168
Tajikistan,TJK,2022.0,3.127,1052.17949484894,26.1957126615618,33.604
Tajikistan,TJK,2023.0,3.072,1178.47990060249,26.1890127571429,34.023
Tajikistan,TJK,2024.0,3.036,1341.20229027672,26.1788063651548,34.681
Tanzania,TZA,1990.0,6.201,243.611557006836,18.9291312031352,
Tanzania,TZA,1991.0,6.135,276.452453613281,19.2671438253849,0.109
Tanzania,TZA,1992.0,6.078,250.329925537109,19.589598742605,0.114
Tanzania,TZA,1993.0,5.997,224.491546630859,19.9013730856684,0.12
Tanzania,TZA,1994.0,5.894,228.890029907227,20.2073439854484,0.142
Tanzania,TZA,1995.0,5.822,258.418334960938,20.5123885728178,0.152
Tanzania,TZA,1996.0,5.826,313.658386230469,20.8213839786497,0.184
Tanzania,TZA,1997.0,5.836,363.597686767578,21.1392073338172,0.243
Tanzania,TZA,1998.0,5.811,386.378448486328,21.4707357691933,0.215
Tanzania,TZA,1999.0,5.747,392.621765136719,21.8208464156511,0.256
Tanzania,TZA,2000.0,5.67,401.698150634766,22.1944164040635,0.301
Tanzania,TZA,2001.0,5.617,396.638732910156,22.5963228653037,0.318
Tanzania,TZA,2002.0,5.57,402.649047851563,23.0306918214565,0.349
Tanzania,TZA,2003.0,5.578,422.18359375,23.5202087261949,0.55
Tanzania,TZA,2004.0,5.597,450.385284423828,24.0832469119457,0.706
Tanzania,TZA,2005.0,5.579,483.334869384766,24.7061884538741,0.924
Tanzania,TZA,2006.0,5.511,475.746734619141,25.3741033202009,
Tanzania,TZA,2007.0,5.403,543.198303222656,26.0720614791471,0.938
Tanzania,TZA,2008.0,5.324,675.977233886719,26.7851328989335,
Tanzania,TZA,2009.0,5.26,693.823547363281,27.498387547781,
Tanzania,TZA,2010.0,5.225,736.530151367188,28.1968953939105,1.909
Tanzania,TZA,2011.0,5.141,775.392761230469,28.865726405543,
Tanzania,TZA,2012.0,5.137,861.969909667969,29.4878764597911,2.78
Tanzania,TZA,2013.0,5.156,963.05712890625,30.0725108782502,2.555
Tanzania,TZA,2014.0,5.122,1022.74841308594,30.6443077170742,
Tanzania,TZA,2015.0,5.025,939.127319335938,31.2061566592472,2.768
Tanzania,TZA,2016.0,5.006,953.0107421875,31.7577303242916,2.742
Tanzania,TZA,2017.0,4.988,986.674011230469,32.2987013317296,4.004
Tanzania,TZA,2018.0,4.932,1023.10626220703,32.8287423010834,3.304
Tanzania,TZA,2019.0,4.866,1063.32250976563,33.3475258518752,2.27
Tanzania,TZA,2020.0,4.801,1117.41528320313,33.8547246036273,6.544
Tanzania,TZA,2021.0,4.734,1159.85656738281,34.3500111758619,3.098
Tanzania,TZA,2022.0,4.671,1207.52062988281,34.8234736377147,4.805
Tanzania,TZA,2023.0,4.606,1224.00219726563,35.4748019434954,4.663
Tanzania,TZA,2024.0,4.541,1186.71691894531,36.1684458862992,3.627
Thailand,THA,1990.0,2.065,1559.11209344755,18.8071480847314,
Thailand,THA,1991.0,2.036,1765.62267359529,19.3568451726218,
Thailand,THA,1992.0,2.008,1971.60879910694,20.2251472411188,
Thailand,THA,1993.0,1.967,2245.13688708983,21.344368876117,
Thailand,THA,1994.0,1.928,2517.70732641683,22.6578637457835,
Thailand,THA,1995.0,1.888,2864.36515719866,24.1089855182854,
Thailand,THA,1996.0,1.865,3054.65690806473,25.6410878617897,
Thailand,THA,1997.0,1.845,2473.14096982086,27.1975244444636,
Thailand,THA,1998.0,1.815,1847.70379269771,28.7216489344742,
Thailand,THA,1999.0,1.768,2033.24490520569,30.1568149999886,
Thailand,THA,2000.0,1.734,2005.97694514234,31.4626212652205,
Thailand,THA,2001.0,1.711,1889.93432467144,32.7428054763889,41.528
Thailand,THA,2002.0,1.688,2089.75183111554,34.0732781018222,42.387
Thailand,THA,2003.0,1.673,2347.54001286066,35.4270354382579,44.215
Thailand,THA,2004.0,1.665,2641.56268717857,36.785516284484,45.965
Thailand,THA,2005.0,1.644,2867.70383436062,38.1301594392881,47.262
Thailand,THA,2006.0,1.631,3331.32043511773,39.4424037014582,45.95
Thailand,THA,2007.0,1.616,3918.52817434581,40.7036878697821,52.867
Thailand,THA,2008.0,1.587,4309.13509292986,41.8954507430475,51.103
Thailand,THA,2009.0,1.565,4135.43986952819,42.9991311200422,51.279
Thailand,THA,2010.0,1.562,4973.86288823778,44.0018736622496,52.923
Thailand,THA,2011.0,1.571,5373.6232832898,44.8048723557374,58.983
Thailand,THA,2012.0,1.563,5725.52802835463,45.373565813715,57.531
Thailand,THA,2013.0,1.526,6018.08244729255,45.8321343847773,57.02
Thailand,THA,2014.0,1.484,5801.1978916205,46.3138799467897,57.176
Thailand,THA,2015.0,1.451,5688.85335397884,46.9521043776171,53.709
Thailand,THA,2016.0,1.4,5833.57715617098,47.8801095551247,57.421
Thailand,THA,2017.0,1.363,6413.09182530343,49.2311973571777,55.075
Thailand,THA,2018.0,1.323,7099.77650081458,54.5843734741211,53.981
Thailand,THA,2019.0,1.285,7605.69657797759,55.9266166687012,52.111
Thailand,THA,2020.0,1.259,6985.64393892574,57.2358779907227,49.248
Thailand,THA,2021.0,1.234,7057.20754802279,58.5087776184082,49.928
Thailand,THA,2022.0,1.221,6909.35281815827,59.742374420166,49.687
Thailand,THA,2023.0,1.212,7195.10130919449,60.9341926574707,52.241
Thailand,THA,2024.0,1.204,7346.62022142185,61.8689338391321,51.578
Timor-Leste,TLS,1990.0,5.811,168.621010199317,21.0,
Timor-Leste,TLS,1991.0,5.835,189.794649212749,21.3397007221907,
Timor-Leste,TLS,1992.0,5.867,235.064767714477,21.6616345464787,
Timor-Leste,TLS,1993.0,5.879,264.066994790836,21.9701051886988,
Timor-Leste,TLS,1994.0,5.912,283.058000480762,22.2694163646854,
Timor-Leste,TLS,1995.0,5.936,302.736982028369,22.5638717902731,
Timor-Leste,TLS,1996.0,5.941,344.013327625123,22.8577751812964,
Timor-Leste,TLS,1997.0,5.955,348.86424098109,23.1554302535899,
Timor-Leste,TLS,1998.0,5.963,345.59090957317,23.461140722988,
Timor-Leste,TLS,1999.0,5.97,269.987312761397,23.7792103053254,
Timor-Leste,TLS,2000.0,5.934,492.457637913906,24.1139427164365,
Timor-Leste,TLS,2001.0,5.918,587.700634429079,24.469641672156,
Timor-Leste,TLS,2002.0,5.899,533.982465942154,24.8506108883184,9.394
Timor-Leste,TLS,2003.0,5.846,534.901171348385,25.2611540807581,
Timor-Leste,TLS,2004.0,5.741,474.420726695663,25.7040830077802,
Timor-Leste,TLS,2005.0,5.611,487.464506929223,26.3097308948751,
Timor-Leste,TLS,2006.0,5.474,464.667016791076,27.121697883382,
Timor-Leste,TLS,2007.0,5.333,540.154630518785,28.0011655196859,
Timor-Leste,TLS,2008.0,5.171,628.153191495026,28.8076745459306,
Timor-Leste,TLS,2009.0,4.994,686.579329690731,29.4007657042596,13.444
Timor-Leste,TLS,2010.0,4.816,813.060220670369,29.6398840020416,14.812
Timor-Leste,TLS,2011.0,4.614,939.045238884406,29.633352306451,
Timor-Leste,TLS,2012.0,4.404,1022.61906675901,29.6136082349605,
Timor-Leste,TLS,2013.0,4.208,1204.56843320518,29.5836906253246,
Timor-Leste,TLS,2014.0,3.999,1224.74956308733,29.5463092024041,
Timor-Leste,TLS,2015.0,3.779,1319.59295003154,29.5043315008419,
Timor-Leste,TLS,2016.0,3.582,1335.54391073349,29.4462907628171,
Timor-Leste,TLS,2017.0,3.399,1266.17771143471,29.3600996787092,
Timor-Leste,TLS,2018.0,3.244,1219.46599728983,29.248617510057,
Timor-Leste,TLS,2019.0,3.116,1562.36458068032,29.1148755245217,
Timor-Leste,TLS,2020.0,3.011,1630.86938521256,28.9619049897647,
Timor-Leste,TLS,2021.0,2.892,2684.92676774277,28.7927371734472,
Timor-Leste,TLS,2022.0,2.801,2343.24954740187,28.5857292288968,
Timor-Leste,TLS,2023.0,2.707,1502.41147438211,28.595471832952,31.551
Timor-Leste,TLS,2024.0,2.627,1331.9705130185,28.6641074179574,
Togo,TGO,1990.0,6.067132,575.094511928654,28.6741525922127,0.569
Togo,TGO,1991.0,5.986704,549.808011573,29.1037702684825,0.667
Togo,TGO,1992.0,5.885765,564.71733648074,29.5373401826042,0.627
Togo,TGO,1993.0,5.782153,414.013995214907,29.9744565374785,0.542
Togo,TGO,1994.0,5.672271,328.600956079736,30.4147135360062,0.578
Togo,TGO,1995.0,5.564586,419.220334892756,30.8577053810879,0.722
Togo,TGO,1996.0,5.458922,452.068436882428,31.3030262756242,0.81
Togo,TGO,1997.0,5.362601,448.001096915436,31.750270422516,
Togo,TGO,1998.0,5.287873,461.158245854911,32.199032024664,1.046
Togo,TGO,1999.0,5.226114,445.291484100954,32.6489052849687,
Togo,TGO,2000.0,5.1652,409.889802792768,33.0994844063309,
Togo,TGO,2001.0,5.12801,396.692654520135,33.5503635916513,
Togo,TGO,2002.0,5.09187,445.238691488925,34.0011370438307,
Togo,TGO,2003.0,5.047961,538.16537776929,34.4513989657696,
Togo,TGO,2004.0,4.994707,560.266308533382,34.9007435603688,
Togo,TGO,2005.0,5.037823,551.259850017077,35.3487650305291,
Togo,TGO,2006.0,5.076201,552.50227125256,35.795057579151,
Togo,TGO,2007.0,5.102,607.587886721352,36.2392154091353,
Togo,TGO,2008.0,5.100197,718.948386717473,36.6808327233827,
Togo,TGO,2009.0,5.104276,720.693768151415,37.1195037247939,
Togo,TGO,2010.0,5.087324,704.986772286079,37.5545882975638,
Togo,TGO,2011.0,4.984234,783.988944671672,37.9872305648732,4.989
Togo,TGO,2012.0,4.853789,762.39162379069,38.4194359598204,5.585
Togo,TGO,2013.0,4.753612,826.542799987227,38.8516767884103,6.146
Togo,TGO,2014.0,4.701602,855.584809246574,39.2839506458368,6.272
Togo,TGO,2015.0,4.661566,751.051987587248,39.7162551272934,6.516
Togo,TGO,2016.0,4.633942,772.581357620609,40.1485878279739,7.5
Togo,TGO,2017.0,4.576231,792.765700965864,40.5809463430719,7.803
Togo,TGO,2018.0,4.513072,851.120561233595,41.013328267781,8.592
Togo,TGO,2019.0,4.450408,826.255209019798,41.445731197295,9.097
Togo,TGO,2020.0,4.386312,863.468665870276,41.8781527268075,10.786
Togo,TGO,2021.0,4.323871,962.075187515872,42.3105904515122,
Togo,TGO,2022.0,4.253183,951.232378690387,42.7332327975627,
Togo,TGO,2023.0,4.192401,1055.01727877926,43.2496853032436,
Togo,TGO,2024.0,4.121673,1119.38160509429,43.8148491605996,
Tonga,TON,1990.0,4.929,1139.0553819198,22.205477012687,
Tonga,TON,1991.0,4.852,1323.40098550339,22.3572430661665,
Tonga,TON,1992.0,4.787,1370.36142598699,22.4972363831331,
Tonga,TON,1993.0,4.726,1383.47386584881,22.6228339673977,
Tonga,TON,1994.0,4.658,1956.66180354821,22.7314128227714,
Tonga,TON,1995.0,4.563,2084.02759539718,22.8203499530649,
Tonga,TON,1996.0,4.455,2214.91474789811,22.8856927807696,
Tonga,TON,1997.0,4.378,2135.52111086276,22.9319816024383,
Tonga,TON,1998.0,4.309,1888.83194028282,22.9682257410741,
Tonga,TON,1999.0,4.228,1952.14626248861,22.998777247039,
Tonga,TON,2000.0,4.159,1995.07667546271,23.0251513819988,
Tonga,TON,2001.0,4.127,1753.51667576626,23.0488634076195,
Tonga,TON,2002.0,4.138,1759.4805324576,23.071428585567,7.714
Tonga,TON,2003.0,4.175,1936.04104012389,23.0943621775072,8.588
Tonga,TON,2004.0,4.186,2195.44890047673,23.1191794451059,
Tonga,TON,2005.0,4.195,2477.72620144825,23.1473956500293,
Tonga,TON,2006.0,4.141,2750.34778600857,23.1801421282521,
Tonga,TON,2007.0,4.086,2797.06560109144,23.2239976577967,
Tonga,TON,2008.0,4.012,3218.45303993196,23.2889000757567,
Tonga,TON,2009.0,3.946,2914.23774004564,23.3612068183251,
Tonga,TON,2010.0,3.879,3416.08356601207,23.4243619099178,
Tonga,TON,2011.0,3.829,3849.99375750134,23.46075468367,
Tonga,TON,2012.0,3.768,4384.17058724217,23.4589062635692,
Tonga,TON,2013.0,3.696,4219.24670113014,23.4170795020344,
Tonga,TON,2014.0,3.619,4136.59013792529,23.3431040935971,
Tonga,TON,2015.0,3.54,4123.90323993332,23.2434422818439,
Tonga,TON,2016.0,3.463,3987.98626206287,23.1277038505921,
Tonga,TON,2017.0,3.388,4365.92932788383,22.9711300654966,
Tonga,TON,2018.0,3.326,4675.04791274385,22.7017138925547,
Tonga,TON,2019.0,3.274,4788.83342304684,22.3288155626206,
Tonga,TON,2020.0,3.234,4792.35854741522,21.8766206823411,28.936
Tonga,TON,2021.0,3.198,4922.80171378368,21.258003897665,
Tonga,TON,2022.0,3.171,5298.01941509951,21.147219451842,
Tonga,TON,2023.0,3.129,5651.59373063157,21.147944541337,58.608
Tonga,TON,2024.0,3.1,,21.1505271125521,
Trinidad and Tobago,TTO,1990.0,2.394,4047.25093594674,55.0016678807098,
Trinidad and Tobago,TTO,1991.0,2.29,4205.37778348016,55.1774102229177,5.81
Trinidad and Tobago,TTO,1992.0,2.213,4277.47436935604,55.3352631976883,5.504
Trinidad and Tobago,TTO,1993.0,2.129,3646.71231742803,55.4750221159377,6.021
Trinidad and Tobago,TTO,1994.0,2.064,3839.96290233114,55.5964822885821,
Trinidad and Tobago,TTO,1995.0,1.967,4114.68908475464,55.6994390265373,
Trinidad and Tobago,TTO,1996.0,1.894,4427.27832448289,55.7836876407195,
Trinidad and Tobago,TTO,1997.0,1.831,4393.94496943068,55.8490234420447,
Trinidad and Tobago,TTO,1998.0,1.784,4612.70900312686,55.8952417414289,
Trinidad and Tobago,TTO,1999.0,1.76,5179.08350809274,55.9221378497883,6.78
Trinidad and Tobago,TTO,2000.0,1.732,6178.58975559687,55.9291468285602,6.939
Trinidad and Tobago,TTO,2001.0,1.705,6657.41466937221,55.9010190940268,7.621
Trinidad and Tobago,TTO,2002.0,1.672,6762.93080808096,55.8298121439974,10.374
Trinidad and Tobago,TTO,2003.0,1.648,8445.04653518298,55.7188050758235,10.787
Trinidad and Tobago,TTO,2004.0,1.627,9871.03419820086,55.5711241312409,13.301
Trinidad and Tobago,TTO,2005.0,1.625,12346.4373094075,55.3898955519853,
Trinidad and Tobago,TTO,2006.0,1.624,14152.6607422113,55.1782455797922,
Trinidad and Tobago,TTO,2007.0,1.622,16606.675360681,54.9393004563973,
Trinidad and Tobago,TTO,2008.0,1.617,21298.9945258063,54.6761864235364,
Trinidad and Tobago,TTO,2009.0,1.618,14634.0565003912,54.3920297229449,
Trinidad and Tobago,TTO,2010.0,1.614,16815.424737361,54.0899565963587,
Trinidad and Tobago,TTO,2011.0,1.611,19151.0870229722,53.9253615474727,
Trinidad and Tobago,TTO,2012.0,1.609,20332.1389531925,53.9254053431618,
Trinidad and Tobago,TTO,2013.0,1.603,21304.9777496628,53.9255789963372,
Trinidad and Tobago,TTO,2014.0,1.602,21908.3014555644,53.9259699537793,
Trinidad and Tobago,TTO,2015.0,1.598,19887.2327716498,53.926665238022,
Trinidad and Tobago,TTO,2016.0,1.601,17449.1538801956,53.9277523084951,
Trinidad and Tobago,TTO,2017.0,1.594,17566.0999700656,53.9293186833833,
Trinidad and Tobago,TTO,2018.0,1.588,17571.498737278,53.9314518934907,
Trinidad and Tobago,TTO,2019.0,1.578,17212.6128892163,53.9342394732739,
Trinidad and Tobago,TTO,2020.0,1.572,15283.6270531554,53.9377689584806,
Trinidad and Tobago,TTO,2021.0,1.559,17712.5674104655,53.9421278853848,
Trinidad and Tobago,TTO,2022.0,1.544,20750.5202434652,53.9474037904998,
Trinidad and Tobago,TTO,2023.0,1.532,18308.4536298575,53.9536842104572,
Trinidad and Tobago,TTO,2024.0,1.536,18733.4110406494,53.961056681951,
Tunisia,TUN,1990.0,3.441,1476.43160477311,58.0567159911676,6.06
Tunisia,TUN,1991.0,3.31,1537.87916511306,58.9804822227365,6.829
Tunisia,TUN,1992.0,3.189,1784.81850188268,59.8253634803163,7.695
Tunisia,TUN,1993.0,3.058,1649.18537309075,60.5537528217035,8.797
Tunisia,TUN,1994.0,2.874,1733.46614673506,61.1336959993493,9.567
Tunisia,TUN,1995.0,2.67,1968.16600944373,61.623411363114,10.159
Tunisia,TUN,1996.0,2.488,2107.40815649257,62.0784646432836,11.052
Tunisia,TUN,1997.0,2.338,2202.06090620956,62.5006240305309,11.912
Tunisia,TUN,1998.0,2.197,2285.01933541864,62.8945821796079,13.515
Tunisia,TUN,1999.0,2.082,2376.06566791596,63.2650317452664,15.741
Tunisia,TUN,2000.0,2.025,2199.04465936314,63.6166653822584,18.637
Tunisia,TUN,2001.0,1.975,2235.71981624751,63.9541757453358,21.677
Tunisia,TUN,2002.0,1.941,2320.7723805785,64.2822554892505,24.109
Tunisia,TUN,2003.0,1.956,2725.8643148859,64.6055972687544,29.046
Tunisia,TUN,2004.0,1.95,3067.41936376975,64.9272741461338,32.511
Tunisia,TUN,2005.0,1.953,3146.8260743927,65.2340901739004,33.996
Tunisia,TUN,2006.0,1.952,3322.56933570096,65.5209809651521,37.191
Tunisia,TUN,2007.0,1.957,3726.91672935667,65.8000030517578,38.333
Tunisia,TUN,2008.0,1.975,4255.05008019523,66.0676053984361,39.953
Tunisia,TUN,2009.0,2.004,4080.09032448781,66.3362197875977,42.267
Tunisia,TUN,2010.0,2.075,4291.86120891575,66.6280059814453,43.545
Tunisia,TUN,2011.0,2.189,4420.64772206537,66.9191886197857,44.214
Tunisia,TUN,2012.0,2.277,4297.26782454273,67.2098922729492,43.765
Tunisia,TUN,2013.0,2.31,4369.79345826358,67.4999542236328,41.876
Tunisia,TUN,2014.0,2.316,4458.97895464547,67.7524643379101,41.808
Tunisia,TUN,2015.0,2.306,4014.94773686432,67.8807907104492,41.483
Tunisia,TUN,2016.0,2.275,3847.80354448809,68.0623356528248,39.394
Tunisia,TUN,2017.0,2.205,3619.03247319953,68.2877807617188,39.515
Tunisia,TUN,2018.0,2.133,3628.10366464236,68.5485240272509,39.483
Tunisia,TUN,2019.0,2.1,3528.87213306798,68.8206382576031,40.364
Tunisia,TUN,2020.0,2.0,3548.65363663803,69.1043166438476,41.847
Tunisia,TUN,2021.0,1.8,3906.93926319391,69.3997523770568,42.581
Tunisia,TUN,2022.0,1.847,3707.29283414381,69.707138648303,47.83
Tunisia,TUN,2023.0,1.832,3951.11683376921,70.0266686486584,49.399
Tunisia,TUN,2024.0,1.818,4181.13789301228,70.3585355691955,
Turkiye,TUR,1990.0,3.107,2689.52621921233,51.0313960347918,
Turkiye,TUR,1991.0,3.003,2649.27259974439,51.9490865526896,
Turkiye,TUR,1992.0,2.939,2743.65320297936,52.7929785448463,
Turkiye,TUR,1993.0,2.916,3057.93737480422,53.5827837920161,
Turkiye,TUR,1994.0,2.874,2176.2801813809,54.3347787764387,
Turkiye,TUR,1995.0,2.835,3845.98997887841,55.0652399803539,
Turkiye,TUR,1996.0,2.779,4041.36210281686,55.7904438860013,
Turkiye,TUR,1997.0,2.744,4197.37636165642,56.5266669756207,
Turkiye,TUR,1998.0,2.707,4331.02761275037,57.2901857314518,
Turkiye,TUR,1999.0,2.63,3973.77763854116,58.0972766357343,
Turkiye,TUR,2000.0,2.487,4199.3798635759,58.9706120006403,
Turkiye,TUR,2001.0,2.392,3052.2256706793,59.8722461417316,20.762
Turkiye,TUR,2002.0,2.268,3591.08628982587,60.7385342729423,21.813
Turkiye,TUR,2003.0,2.202,4649.63668068586,61.5845060653258,25.546
Turkiye,TUR,2004.0,2.197,5979.6054216148,62.4388481173262,25.935
Turkiye,TUR,2005.0,2.197,7331.85429430255,63.3302470273874,28.361
Turkiye,TUR,2006.0,2.193,7990.08251407245,64.2873893939536,32.257
Turkiye,TUR,2007.0,2.16,9766.91734545294,65.3389618154687,34.271
Turkiye,TUR,2008.0,2.15,10913.4079047769,66.513650890377,35.913
Turkiye,TUR,2009.0,2.1,9076.92472236977,67.8401432171223,41.815
Turkiye,TUR,2010.0,2.08,10698.9699409757,69.3471253941487,51.588
Turkiye,TUR,2011.0,2.05,11373.6355760885,71.0028723528334,56.914
Turkiye,TUR,2012.0,2.11,11776.7593362033,73.7788680234324,65.121
Turkiye,TUR,2013.0,2.11,12635.5570016068,78.5218368384696,74.183
Turkiye,TUR,2014.0,2.19,12209.3862327674,83.6024850744433,81.519
Turkiye,TUR,2015.0,2.16,11064.6494504662,87.2167107972537,89.853
Turkiye,TUR,2016.0,2.11,10984.3643169061,88.1020958581776,97.504
Turkiye,TUR,2017.0,2.08,10756.3877677883,88.0320472717286,104.269
Turkiye,TUR,2018.0,2.0,9684.11819884721,88.1655749576173,109.954
Turkiye,TUR,2019.0,1.89,9395.23378001368,88.6618152857124,114.014
Turkiye,TUR,2020.0,1.77,8798.11791709313,88.9303114965222,117.806
Turkiye,TUR,2021.0,1.71,9981.76398411336,89.1762048153239,126.784
Turkiye,TUR,2022.0,1.63,10897.8397861365,89.0381164550781,130.031
Turkiye,TUR,2023.0,1.51,13375.0947282864,89.0218446796121,
Turkiye,TUR,2024.0,1.48,15892.7157287241,89.3443122873887,
Turkmenistan,TKM,1990.0,4.288,848.155047388424,45.0014960583936,
Turkmenistan,TKM,1991.0,4.145,831.99873207474,44.8948092738727,
Turkmenistan,TKM,1992.0,3.957,811.354156451902,44.802815831344,
Turkmenistan,TKM,1993.0,3.778,788.418914207107,44.7333631747595,
Turkmenistan,TKM,1994.0,3.623,622.13478015809,44.6942987480715,
Turkmenistan,TKM,1995.0,3.491,592.247247321132,44.7104145330766,
Turkmenistan,TKM,1996.0,3.292,557.894220051334,44.8415980584705,
Turkmenistan,TKM,1997.0,3.18,565.022638048501,45.0827873053312,
Turkmenistan,TKM,1998.0,3.075,590.791293266381,45.3928311026819,
Turkmenistan,TKM,1999.0,2.976,545.519003106054,45.735276090984,
Turkmenistan,TKM,2000.0,2.9,633.835487638011,46.0736689106993,
Turkmenistan,TKM,2001.0,2.814,756.034976276398,46.3715562022892,
Turkmenistan,TKM,2002.0,2.71,935.540801478466,46.5924846062154,
Turkmenistan,TKM,2003.0,2.667,1228.94870289404,46.7000007629395,
Turkmenistan,TKM,2004.0,2.674,1379.23009682692,46.7375427392139,
Turkmenistan,TKM,2005.0,2.706,1604.01618452312,46.7728683922582,
Turkmenistan,TKM,2006.0,2.724,1996.59310717308,46.8060040482349,
Turkmenistan,TKM,2007.0,2.734,2414.96071986964,46.8369760333063,
Turkmenistan,TKM,2008.0,2.75,3605.50395120549,46.8658106736347,
Turkmenistan,TKM,2009.0,2.794,3707.97850699617,46.8925342953825,
Turkmenistan,TKM,2010.0,2.848,4058.53937000739,46.9171732247121,
Turkmenistan,TKM,2011.0,2.9,5143.61929334647,46.9397537877858,
Turkmenistan,TKM,2012.0,2.955,6053.8748468749,46.9603023107661,
Turkmenistan,TKM,2013.0,3.007,6599.64529055481,46.9788451198152,
Turkmenistan,TKM,2014.0,3.023,7164.14536184006,46.9954085410955,5.474
Turkmenistan,TKM,2015.0,3.033,5759.497903834,47.0100189007695,
Turkmenistan,TKM,2016.0,2.99,5686.98040962764,47.0227025249994,
Turkmenistan,TKM,2017.0,2.934,5828.4816623489,47.0334857399476,
Turkmenistan,TKM,2018.0,2.875,6125.05169712085,47.0423948717765,
Turkmenistan,TKM,2019.0,2.834,5998.0017434754,47.0494562466485,9.942
Turkmenistan,TKM,2020.0,2.793,5972.72356566861,47.0546961907259,11.567
Turkmenistan,TKM,2021.0,2.754,5723.30227157906,47.0581410301711,13.949
Turkmenistan,TKM,2022.0,2.728,5837.84224538947,47.0592103414926,16.541
Turkmenistan,TKM,2023.0,2.69,6231.91323839698,47.0678875054171,18.933
Turkmenistan,TKM,2024.0,2.661,6856.65802730208,47.0875253910294,21.21
Turks and Caicos Islands,TCA,1990.0,3.189,,74.3523565053289,
Turks and Caicos Islands,TCA,1991.0,3.053,,75.6311625040046,
Turks and Caicos Islands,TCA,1992.0,2.939,,76.8569515208731,
Turks and Caicos Islands,TCA,1993.0,2.842,,78.0245890373966,
Turks and Caicos Islands,TCA,1994.0,2.756,,79.1346004562551,
Turks and Caicos Islands,TCA,1995.0,2.699,,80.1875111801289,
Turks and Caicos Islands,TCA,1996.0,2.649,,81.1838466116978,
Turks and Caicos Islands,TCA,1997.0,2.581,,82.124132153642,
Turks and Caicos Islands,TCA,1998.0,2.52,,83.0088932086415,
Turks and Caicos Islands,TCA,1999.0,2.464,,83.8386551793763,
Turks and Caicos Islands,TCA,2000.0,2.406,,84.6139434685266,
Turks and Caicos Islands,TCA,2001.0,2.342,18325.7458111974,85.3337963668196,
Turks and Caicos Islands,TCA,2002.0,2.242,17803.9471767733,86.0142597030394,
Turks and Caicos Islands,TCA,2003.0,2.176,18859.1890274773,86.671565520254,
Turks and Caicos Islands,TCA,2004.0,2.136,21246.00980049,87.3041883072325,
Turks and Caicos Islands,TCA,2005.0,2.106,24122.3028180757,87.908436065312,
Turks and Caicos Islands,TCA,2006.0,2.078,28734.2873064523,88.4806167958296,
Turks and Caicos Islands,TCA,2007.0,2.049,29443.8523030072,89.0170385001222,
Turks and Caicos Islands,TCA,2008.0,2.005,31453.8228752689,89.5140091795268,0.119
Turks and Caicos Islands,TCA,2009.0,1.959,24596.8938015951,89.9678368353804,
Turks and Caicos Islands,TCA,2010.0,1.907,23093.8498268267,90.3748294690201,0.375
Turks and Caicos Islands,TCA,2011.0,1.859,27327.4006354146,90.7312950817828,
Turks and Caicos Islands,TCA,2012.0,1.805,25923.6156503875,91.0352667584286,
Turks and Caicos Islands,TCA,2013.0,1.752,25653.819867471,91.3168927865286,
Turks and Caicos Islands,TCA,2014.0,1.729,27292.5820256776,91.5971200472541,
Turks and Caicos Islands,TCA,2015.0,1.718,29457.0140691162,91.8737937193851,
Turks and Caicos Islands,TCA,2016.0,1.713,31373.5612684327,92.1466904484552,
Turks and Caicos Islands,TCA,2017.0,1.704,30014.2309523213,92.4155868799755,
Turks and Caicos Islands,TCA,2018.0,1.677,31625.616593277,92.6802596594323,15.726
Turks and Caicos Islands,TCA,2019.0,1.617,31780.5217068989,92.9404854322845,15.621
Turks and Caicos Islands,TCA,2020.0,1.552,20690.9160546118,93.1960408439605,
Turks and Caicos Islands,TCA,2021.0,1.501,27329.2885087196,93.4467025398547,
Turks and Caicos Islands,TCA,2022.0,1.477,31280.5418020808,93.6922471653237,23.212
Turks and Caicos Islands,TCA,2023.0,1.463,35470.2151608295,93.9324513656818,32.908
Turks and Caicos Islands,TCA,2024.0,1.452,37506.7798431288,94.1670917861964,
Tuvalu,TUV,1990.0,3.75,1084.66707221699,39.6648377303813,
Tuvalu,TUV,1991.0,3.789,1134.33175551477,40.5636816628167,
Tuvalu,TUV,1992.0,3.86,1165.63710360353,41.3141941367199,
Tuvalu,TUV,1993.0,3.922,1141.17904410247,41.9608854792056,
Tuvalu,TUV,1994.0,3.923,1278.65870076399,42.5373653208915,
Tuvalu,TUV,1995.0,3.963,1284.76446104166,43.0613148507687,
Tuvalu,TUV,1996.0,3.951,1427.80960501753,43.5504152578283,
Tuvalu,TUV,1997.0,3.952,1461.08618049276,44.0223477310614,
Tuvalu,TUV,1998.0,3.951,1459.64937141718,44.494793459459,
Tuvalu,TUV,1999.0,3.919,1558.60396569869,44.9854336320122,
Tuvalu,TUV,2000.0,3.841,1579.41906275542,45.5119494377121,
Tuvalu,TUV,2001.0,3.749,1456.78409421177,46.0920220655498,
Tuvalu,TUV,2002.0,3.637,1750.25175052348,46.7435481854875,
Tuvalu,TUV,2003.0,3.579,2006.84249941442,47.4986511586165,
Tuvalu,TUV,2004.0,3.553,2322.56265072892,48.4012126478499,
Tuvalu,TUV,2005.0,3.546,2304.82694329052,49.4209790930126,
Tuvalu,TUV,2006.0,3.525,2396.26844307702,50.5229861226256,
Tuvalu,TUV,2007.0,3.446,2794.16310084119,51.6722693652096,
Tuvalu,TUV,2008.0,3.415,3088.30877413836,52.8338644492855,
Tuvalu,TUV,2009.0,3.425,2683.96749549583,53.9728070033742,
Tuvalu,TUV,2010.0,3.442,3024.8170790571,55.0541326559964,
Tuvalu,TUV,2011.0,3.463,3636.08139989792,56.0428770356731,
Tuvalu,TUV,2012.0,3.47,3598.46163091053,56.8964903305448,
Tuvalu,TUV,2013.0,3.389,3510.21640142483,57.6314336806359,
Tuvalu,TUV,2014.0,3.33,3528.85858102782,58.2999596618832,
Tuvalu,TUV,2015.0,3.308,3357.83417700071,58.9148502652344,
Tuvalu,TUV,2016.0,3.297,3808.69755015909,59.4744768348285,
Tuvalu,TUV,2017.0,3.301,4165.66338700106,59.9531274910912,
Tuvalu,TUV,2018.0,3.328,4466.12034928245,60.5596409590777,
Tuvalu,TUV,2019.0,3.331,5115.13075950206,61.2406529218636,
Tuvalu,TUV,2020.0,3.309,4976.11254109571,61.9212610534937,
Tuvalu,TUV,2021.0,3.277,5905.08198095343,62.6098296425994,
Tuvalu,TUV,2022.0,3.244,5911.32727055301,63.3065768081154,
Tuvalu,TUV,2023.0,3.208,6344.7750188689,64.0117206689787,27.833
Tuvalu,TUV,2024.0,3.174,,64.7254793441291,
Uganda,UGA,1990.0,7.014,244.987168126806,9.76236043110886,0.588
Uganda,UGA,1991.0,6.943,182.955897348348,10.0053233054698,0.673
Uganda,UGA,1992.0,6.913,152.113542415537,10.2158523630824,0.681
Uganda,UGA,1993.0,6.886,165.616476211716,10.4008727872617,0.775
Uganda,UGA,1994.0,6.899,198.441987998795,10.5688660932226,0.912
Uganda,UGA,1995.0,6.871,278.520835668767,10.7273719125031,1.006
Uganda,UGA,1996.0,6.835,284.698259285733,10.8839298766407,1.178
Uganda,UGA,1997.0,6.856,286.846637912964,11.0460796171733,
Uganda,UGA,1998.0,6.837,292.453037058835,11.2213607656387,
Uganda,UGA,1999.0,6.825,257.921949601357,11.4173129535746,1.337
Uganda,UGA,2000.0,6.788,258.050338731086,11.6414758125187,1.756
Uganda,UGA,2001.0,6.757,236.021188853993,11.9013889740088,1.951
Uganda,UGA,2002.0,6.735,241.984688408335,12.202793574555,2.7
Uganda,UGA,2003.0,6.671,250.71543664681,12.5904136719317,2.814
Uganda,UGA,2004.0,6.612,292.38185796262,13.1221118400615,2.786
Uganda,UGA,2005.0,6.525,330.405402707025,13.7907239496723,
Uganda,UGA,2006.0,6.429,346.518255310647,14.5851520274647,3.06
Uganda,UGA,2007.0,6.326,401.389130865581,15.494298100139,
Uganda,UGA,2008.0,6.202,472.842681495852,16.5070641943955,3.349
Uganda,UGA,2009.0,6.124,798.947089938247,17.6123523369348,3.689
Uganda,UGA,2010.0,6.019,823.488144282,18.7990645544572,3.426
Uganda,UGA,2011.0,5.885,835.620060555838,20.0561028736631,3.803
Uganda,UGA,2012.0,5.729,795.222867553127,21.372369321253,3.137
Uganda,UGA,2013.0,5.563,818.285427416713,22.7367659239271,
Uganda,UGA,2014.0,5.408,896.054795546394,24.1938503391826,4.013
Uganda,UGA,2015.0,5.251,862.934610355811,24.9777856560427,
Uganda,UGA,2016.0,5.112,752.696571725656,25.6953567134098,
Uganda,UGA,2017.0,4.987,765.218332297361,26.4139260579546,
Uganda,UGA,2018.0,4.867,792.16570022814,27.1280475018884,
Uganda,UGA,2019.0,4.744,822.171150036357,27.8369781799403,
Uganda,UGA,2020.0,4.621,845.766463890124,28.5399752271502,
Uganda,UGA,2021.0,4.51,882.791717542504,29.2362957789022,
Uganda,UGA,2022.0,4.388,963.067314117178,29.9251969709665,
Uganda,UGA,2023.0,4.283,1002.30913917142,30.6059359395495,
Uganda,UGA,2024.0,4.165,1077.91278452817,31.2777698213557,
Ukraine,UKR,1990.0,1.845,1563.63415527344,67.4111923982858,
Ukraine,UKR,1991.0,1.773,1482.6396484375,67.6912828510751,
Ukraine,UKR,1992.0,1.674,1413.24011230469,67.8603420916046,
Ukraine,UKR,1993.0,1.564,1254.02868652344,67.9179660907452,
Ukraine,UKR,1994.0,1.471,1009.09405517578,67.9169130547952,
Ukraine,UKR,1995.0,1.399,933.191772460938,67.8409658081403,
Ukraine,UKR,1996.0,1.333,869.846069335938,67.7194202781316,
Ukraine,UKR,1997.0,1.271,987.489807128906,67.6298703351538,
Ukraine,UKR,1998.0,1.206,831.336791992188,67.5546753434196,
Ukraine,UKR,1999.0,1.127,631.910461425781,67.4811633424084,
Ukraine,UKR,2000.0,1.108,653.294311523438,67.403857296906,54.046
Ukraine,UKR,2001.0,1.092,800.49072265625,67.2749805493459,57.248
Ukraine,UKR,2002.0,1.127,903.011901855469,67.2672733350904,61.738
Ukraine,UKR,2003.0,1.173,1076.48156738281,67.419679868405,66.239
Ukraine,UKR,2004.0,1.215,1401.01806640625,67.5970968423685,69.968
Ukraine,UKR,2005.0,1.221,1875.33508300781,67.8136046317755,73.926
Ukraine,UKR,2006.0,1.297,2366.494140625,68.0293347798948,79.635
Ukraine,UKR,2007.0,1.343,3160.32763671875,68.2102322372037,84.667
Ukraine,UKR,2008.0,1.444,4017.806640625,68.3752085755346,88.831
Ukraine,UKR,2009.0,1.47,2607.08764648438,68.5251442249547,92.607
Ukraine,UKR,2010.0,1.436,3039.63232421875,68.637397133357,91.439
Ukraine,UKR,2011.0,1.464,3656.69799804688,68.7234299826222,92.028
Ukraine,UKR,2012.0,1.528,3951.34228515625,68.8241983107739,89.863
Ukraine,UKR,2013.0,1.515,4129.89697265625,68.9326288082226,89.096
Ukraine,UKR,2014.0,1.466,3054.908203125,69.0554339301313,90.288
Ukraine,UKR,2015.0,1.387,2094.47387695313,69.1587317201337,82.857
Ukraine,UKR,2016.0,1.391,2158.46118164063,69.2102241609089,82.179
Ukraine,UKR,2017.0,1.3,2604.28759765625,69.2633108489282,85.566
Ukraine,UKR,2018.0,1.233,3059.0517578125,69.3157992777909,86.488
Ukraine,UKR,2019.0,1.218,3619.86157226563,69.3527648708735,89.98
Ukraine,UKR,2020.0,1.208,3709.76928710938,69.3839100516745,86.314
Ukraine,UKR,2021.0,1.148,4775.94580078125,69.4027032653896,80.678
Ukraine,UKR,2022.0,0.897,4199.6708984375,69.42345912103,
Ukraine,UKR,2023.0,0.977,5139.59814453125,69.4754455027606,
Ukraine,UKR,2024.0,0.988,5389.47314453125,69.5315643200148,
United Arab Emirates,ARE,1990.0,4.506,26709.993440327,78.6857684415241,
United Arab Emirates,ARE,1991.0,4.251,25690.9686321448,78.5538626919677,
United Arab Emirates,ARE,1992.0,4.088,25648.2727760844,78.4413740139383,
United Arab Emirates,ARE,1993.0,3.819,25032.7822702907,78.3519240018627,
United Arab Emirates,ARE,1994.0,3.761,25472.6396578979,78.2891342501676,
United Arab Emirates,ARE,1995.0,3.278,27003.2006807782,78.2578079598212,
United Arab Emirates,ARE,1996.0,3.06,28323.1650870532,78.2689693716933,
United Arab Emirates,ARE,1997.0,2.825,27982.7957040564,78.3820753836003,
United Arab Emirates,ARE,1998.0,2.765,24889.4269192279,78.5955507596055,
United Arab Emirates,ARE,1999.0,2.793,25855.8605046587,78.9002662187301,
United Arab Emirates,ARE,2000.0,2.733,29865.502347066,79.287092479995,
United Arab Emirates,ARE,2001.0,2.622,27745.1708087672,79.7469002624215,
United Arab Emirates,ARE,2002.0,2.541,27753.6089526346,80.2705602850306,
United Arab Emirates,ARE,2003.0,2.491,29659.5428567811,80.8489432668434,
United Arab Emirates,ARE,2004.0,2.385,33376.7152295209,81.4729199268812,
United Arab Emirates,ARE,2005.0,2.232,38719.3138307623,82.2122832763517,
United Arab Emirates,ARE,2006.0,1.958,44342.6048322482,82.5588968646829,
United Arab Emirates,ARE,2007.0,1.792,45854.7325158162,82.758608500318,
United Arab Emirates,ARE,2008.0,1.516,50054.1700681803,82.9658963549658,
United Arab Emirates,ARE,2009.0,1.582,37803.0663738777,83.1701992996163,
United Arab Emirates,ARE,2010.0,1.565,44795.2949302268,83.3714299144178,
United Arab Emirates,ARE,2011.0,1.539,51921.904511613,83.5695007795347,
United Arab Emirates,ARE,2012.0,1.532,53141.6124340099,83.7643244751488,
United Arab Emirates,ARE,2013.0,1.527,53247.2409495441,83.9558135814626,
United Arab Emirates,ARE,2014.0,1.483,52725.2358407934,84.1438806787019,
United Arab Emirates,ARE,2015.0,1.417,44910.334995523,84.3284383471193,
United Arab Emirates,ARE,2016.0,1.366,42721.0999383185,84.5093991669984,
United Arab Emirates,ARE,2017.0,1.35,43733.6192287435,84.686675718659,
United Arab Emirates,ARE,2018.0,1.288,47135.3591943971,84.8601805824625,54.167
United Arab Emirates,ARE,2019.0,1.247,45938.6073581994,85.0298263388195,58.219
United Arab Emirates,ARE,2020.0,1.289,37991.7492971665,85.1955255681984,65.992
United Arab Emirates,ARE,2021.0,1.162,44118.5047192771,85.3571908511355,62.581
United Arab Emirates,ARE,2022.0,1.148,50759.7589231191,85.5147347682487,68.079
United Arab Emirates,ARE,2023.0,1.2,49850.6872175164,85.6680699002526,70.178
United Arab Emirates,ARE,2024.0,1.213,50273.5060469837,85.8171088279791,72.566
United Kingdom,GBR,1990.0,1.83,19095.4669984608,78.1091783885209,
United Kingdom,GBR,1991.0,1.82,19900.7266505069,78.1020654236402,
United Kingdom,GBR,1992.0,1.79,20487.1707852878,78.1549335902337,
United Kingdom,GBR,1993.0,1.76,18389.0195675099,78.2748023147801,
United Kingdom,GBR,1994.0,1.74,19709.2380983653,78.4474219748331,
United Kingdom,GBR,1995.0,1.71,23252.6157127423,78.6591002712985,
United Kingdom,GBR,1996.0,1.73,24503.3829602903,78.8961449050823,
United Kingdom,GBR,1997.0,1.72,26910.1381529902,79.1448635770901,
United Kingdom,GBR,1998.0,1.71,28396.3523548013,79.391563988228,
United Kingdom,GBR,1999.0,1.68,28858.0065333126,79.6225538394017,
United Kingdom,GBR,2000.0,1.64,28383.8761094996,79.8241408315172,62.238
United Kingdom,GBR,2001.0,1.63,28013.8729635508,79.9838301298823,63.151
United Kingdom,GBR,2002.0,1.63,30158.7017807858,80.1146062677742,68.134
United Kingdom,GBR,2003.0,1.7,34556.7726095905,80.2331593332802,69.476
United Kingdom,GBR,2004.0,1.75,40504.4118103928,80.3423284929998,68.748
United Kingdom,GBR,2005.0,1.76,42240.2462987547,80.4455938127627,68.641
United Kingdom,GBR,2006.0,1.82,44695.161023424,80.5464353583991,68.457
United Kingdom,GBR,2007.0,1.86,50629.0799172887,80.6483331957387,67.892
United Kingdom,GBR,2008.0,1.91,47652.4030691881,80.7547673906116,66.161
United Kingdom,GBR,2009.0,1.89,39009.3715547821,80.8692180088478,67.71
United Kingdom,GBR,2010.0,1.92,39778.3220528565,80.995165116277,68.326
United Kingdom,GBR,2011.0,1.91,42295.9273835322,81.1359685592627,67.869
United Kingdom,GBR,2012.0,1.92,42688.3263728372,81.2905667759508,67.69
United Kingdom,GBR,2013.0,1.83,43606.9837896348,81.4573768694887,64.708
United Kingdom,GBR,2014.0,1.81,47746.2421759562,81.6355750750722,64.272
United Kingdom,GBR,2015.0,1.8,45255.3449216209,81.8243772295647,64.47
United Kingdom,GBR,2016.0,1.79,41257.9085545556,82.0229991698295,66.631
United Kingdom,GBR,2017.0,1.74,40916.8115070354,82.23065673273,68.649
United Kingdom,GBR,2018.0,1.68,43702.9976303165,82.4465657551295,70.428
United Kingdom,GBR,2019.0,1.632,43158.7411267323,82.6699420738913,75.379
United Kingdom,GBR,2020.0,1.571,40812.6794663879,82.9000015258789,79.481
United Kingdom,GBR,2021.0,1.583,47691.3768799404,82.9886431523641,88.352
United Kingdom,GBR,2022.0,1.56,47057.043229179,83.0753982997505,92.432
United Kingdom,GBR,2023.0,1.56,49944.4702124201,83.1601932891335,93.725
United Kingdom,GBR,2024.0,1.551,53246.3676145108,83.2429544416085,
United States,USA,1990.0,2.081,23888.6000088133,75.2685508261939,
United States,USA,1991.0,2.0625,24342.2589048189,75.543016838308,
United States,USA,1992.0,2.046,25418.9907763319,75.8943317611462,
United States,USA,1993.0,2.0195,26387.2937338171,76.2998113365493,
United States,USA,1994.0,2.0015,27694.853416234,76.7405657773027,
United States,USA,1995.0,1.978,28690.8757013347,77.1977052961919,
United States,USA,1996.0,1.976,29967.7127181749,77.6523401060025,
United States,USA,1997.0,1.971,31459.1389804773,78.0855804195199,
United States,USA,1998.0,1.999,32853.6769523009,78.4785364495296,
United States,USA,1999.0,2.0075,34515.3902272076,78.812318408817,
United States,USA,2000.0,2.056,36329.9560727102,79.0740897861327,
United States,USA,2001.0,2.0305,37133.623113437,79.3086223667912,
United States,USA,2002.0,2.0205,37997.7596573051,79.5461039768657,
United States,USA,2003.0,2.0475,39490.2749557007,79.7773350255284,
United States,USA,2004.0,2.0515,41724.6316287624,79.9960936968363,
United States,USA,2005.0,2.057,44123.4070679055,80.1961581748464,95.19
United States,USA,2006.0,2.108,46302.0008800056,80.3713066436159,
United States,USA,2007.0,2.12,48050.2237771135,80.5153172872016,
United States,USA,2008.0,2.072,48570.0459804586,80.6219682896606,
United States,USA,2009.0,2.002,47194.9433547336,80.6850378350499,
United States,USA,2010.0,1.931,48642.6100179312,80.6997744673366,
United States,USA,2011.0,1.8945,50024.868799398,80.6957554256024,
United States,USA,2012.0,1.8805,51708.4011556577,80.6837493386238,
United States,USA,2013.0,1.8575,53179.0127634561,80.660889281215,103.113
United States,USA,2014.0,1.8625,54973.4207515712,80.6242231779766,102.599
United States,USA,2015.0,1.8435,56572.9188996063,80.5707989535091,102.747
United States,USA,2016.0,1.8205,57638.1018367192,80.4976645324131,102.294
United States,USA,2017.0,1.7655,59635.0984397965,80.4018678392891,102.011
United States,USA,2018.0,1.7295,62499.8744390068,80.2804567987377,102.354
United States,USA,2019.0,1.706,64746.4506778863,80.1304793353594,102.425
United States,USA,2020.0,1.6415,63515.9491807833,79.997451762548,102.957
United States,USA,2021.0,1.664,70205.050916026,80.0074765140272,101.71
United States,USA,2022.0,1.6565,76657.2488844403,80.0324978239707,94.85
United States,USA,2023.0,1.6165,81032.262117545,80.071561119178,
United States,USA,2024.0,1.6265,84534.0407841548,80.1247798047184,
Uruguay,URY,1990.0,2.477,2995.36105663465,89.0930129250252,
Uruguay,URY,1991.0,2.454,3589.01541942634,89.4468827883698,
Uruguay,URY,1992.0,2.432,4101.71054155291,89.780655787039,
Uruguay,URY,1993.0,2.408,4753.00924682647,90.0885354831698,
Uruguay,URY,1994.0,2.425,5507.56481300056,90.364725438899,
Uruguay,URY,1995.0,2.401,6050.48632253644,90.6034292163637,
Uruguay,URY,1996.0,2.364,6398.43575184095,90.7987169022654,
Uruguay,URY,1997.0,2.328,7436.29342620682,90.9527192912429,
Uruguay,URY,1998.0,2.271,7836.89183322307,91.0763563098556,
Uruguay,URY,1999.0,2.248,7370.56995453931,91.1807813592588,
Uruguay,URY,2000.0,2.196,6987.70098766257,91.2769768173566,42.965
Uruguay,URY,2001.0,2.161,6382.76104740859,91.3759250620534,48.539
Uruguay,URY,2002.0,2.16,4149.76140312687,91.4886084712534,52.194
Uruguay,URY,2003.0,2.116,3671.12329256883,91.6260094228609,55.949
Uruguay,URY,2004.0,2.093,4168.66065438387,91.8009434091917,57.199
Uruguay,URY,2005.0,2.097,5284.25677987129,92.0812710048572,56.4
Uruguay,URY,2006.0,2.07,6001.33294783172,92.4845482788191,56.825
Uruguay,URY,2007.0,2.048,7222.05403645877,92.9603688038713,
Uruguay,URY,2008.0,2.03,9423.96562595893,93.45975578621,
Uruguay,URY,2009.0,2.018,9881.39573127081,93.9337324320314,
Uruguay,URY,2010.0,2.011,12641.0576849008,94.3333219475319,
Uruguay,URY,2011.0,1.987,15132.2675725587,94.6036824756941,
Uruguay,URY,2012.0,2.012,16259.5940814256,94.7606597546186,
Uruguay,URY,2013.0,2.034,18335.2594772322,94.8844735142936,
Uruguay,URY,2014.0,2.026,18322.4276767157,94.9897821210514,
Uruguay,URY,2015.0,2.041,17125.9016800298,95.0800002298303,
Uruguay,URY,2016.0,1.966,17009.7584207276,95.1585424955685,
Uruguay,URY,2017.0,1.824,19184.6502617082,95.2288235732042,
Uruguay,URY,2018.0,1.681,19249.9404677501,95.2942581176758,
Uruguay,URY,2019.0,1.567,18315.7316980028,95.3479309082031,
Uruguay,URY,2020.0,1.497,15757.5355995779,95.3997650146484,
Uruguay,URY,2021.0,1.446,17881.818721099,95.4497146606445,97.042
Uruguay,URY,2022.0,1.425,20818.6146091144,95.4977416992188,97.569
Uruguay,URY,2023.0,1.409,23019.4221560046,95.5439605712891,101.563
Uruguay,URY,2024.0,1.397,23906.5133029408,95.5981951588181,
Uzbekistan,UZB,1990.0,4.122,652.9376529256,40.7715937023416,
Uzbekistan,UZB,1991.0,4.19,658.313550528068,41.0845226123885,
Uzbekistan,UZB,1992.0,4.056,602.920525827048,41.5298766018746,
Uzbekistan,UZB,1993.0,3.863,595.777099596612,42.0894314135234,
Uzbekistan,UZB,1994.0,3.66,574.229079896619,42.7449627900584,
Uzbekistan,UZB,1995.0,3.566,582.54213674034,43.4782464742032,
Uzbekistan,UZB,1996.0,3.393,597.33228695111,44.2710582086815,
Uzbekistan,UZB,1997.0,3.186,620.59129581366,45.1051737362168,
Uzbekistan,UZB,1998.0,2.985,621.048904301242,45.9623687995325,
Uzbekistan,UZB,1999.0,2.831,697.763539790812,46.8244191413524,
Uzbekistan,UZB,2000.0,2.696,555.149231099186,47.6731005044,11.837
Uzbekistan,UZB,2001.0,2.61,454.415812256778,48.4901886313987,11.902
Uzbekistan,UZB,2002.0,2.575,381.409296889283,49.2574592650723,12.217
Uzbekistan,UZB,2003.0,2.503,394.164028897235,49.9566881481443,12.057
Uzbekistan,UZB,2004.0,2.496,462.171492867885,50.5696510233382,12.157
Uzbekistan,UZB,2005.0,2.438,542.835808692209,51.0781236333777,8.073
Uzbekistan,UZB,2006.0,2.461,649.118167003925,51.4638817209862,8.2
Uzbekistan,UZB,2007.0,2.573,824.028192334768,51.7087010288873,8.113
Uzbekistan,UZB,2008.0,2.635,1074.72928796701,51.7943572998047,7.969
Uzbekistan,UZB,2009.0,2.559,1205.7993547038,51.6105041503906,8.036
Uzbekistan,UZB,2010.0,2.442,1753.20730243278,51.3321647644043,6.925
Uzbekistan,UZB,2011.0,2.354,2087.86386135694,51.3395500183105,6.705
Uzbekistan,UZB,2012.0,2.337,2307.34649117185,51.3359680175781,5.843
Uzbekistan,UZB,2013.0,2.445,2461.97947403595,51.1276969909668,5.918
Uzbekistan,UZB,2014.0,2.546,2674.9628382103,50.8868713378906,6.066
Uzbekistan,UZB,2015.0,2.583,2803.19018021751,50.6597328186035,6.158
Uzbekistan,UZB,2016.0,2.564,2753.37951427589,50.6572189331055,6.478
Uzbekistan,UZB,2017.0,2.57,2190.60411562888,50.6787376403809,6.755
Uzbekistan,UZB,2018.0,2.713,1813.08530813664,50.5814971923828,8.161
Uzbekistan,UZB,2019.0,2.869,2041.38480729431,50.5920104980469,11.02
Uzbekistan,UZB,2020.0,3.062,1978.28051860763,50.7670402526855,15.032
Uzbekistan,UZB,2021.0,3.273,2258.51964119278,50.9269905090332,20.599
Uzbekistan,UZB,2022.0,3.396,2578.66689394219,50.9847412109375,29.692
Uzbekistan,UZB,2023.0,3.5,2878.96879292451,50.9964841114568,46.466
Uzbekistan,UZB,2024.0,3.486,3161.70010632875,50.9986686706543,59.983
Vanuatu,VUT,1990.0,5.166,1140.59020311724,18.7666062035645,
Vanuatu,VUT,1991.0,5.13,1326.37321256212,19.0816163099217,
Vanuatu,VUT,1992.0,5.094,1343.68942861831,19.383874879138,
Vanuatu,VUT,1993.0,5.023,1257.29387486656,19.676047414188,
Vanuatu,VUT,1994.0,4.937,1430.99367776483,19.9607994180462,
Vanuatu,VUT,1995.0,4.847,1491.78967004617,20.2407963936871,
Vanuatu,VUT,1996.0,4.752,1529.27573115021,20.5187038440851,
Vanuatu,VUT,1997.0,4.657,1562.03090670153,20.7971872722147,
Vanuatu,VUT,1998.0,4.603,1470.97189048658,21.0789121810505,
Vanuatu,VUT,1999.0,4.556,1472.17751741462,21.3677585605054,
Vanuatu,VUT,2000.0,4.537,1460.23817692229,21.6572490599483,
Vanuatu,VUT,2001.0,4.495,1350.18338238522,21.9341706883464,
Vanuatu,VUT,2002.0,4.382,1340.71537528287,22.2011458912344,3.82
Vanuatu,VUT,2003.0,4.293,1566.51396790858,22.4641372404641,3.481
Vanuatu,VUT,2004.0,4.214,1774.31867585894,22.7291073078871,3.488
Vanuatu,VUT,2005.0,4.133,1873.99142640619,23.0020186653551,
Vanuatu,VUT,2006.0,4.1,2034.79289624351,23.2888338847199,
Vanuatu,VUT,2007.0,4.117,2333.70506748914,23.5955155378332,
Vanuatu,VUT,2008.0,4.159,2603.60883136724,23.9280261965467,
Vanuatu,VUT,2009.0,4.157,2546.38324565986,24.2861753285463,
Vanuatu,VUT,2010.0,4.126,2815.18828985779,24.742504119873,
Vanuatu,VUT,2011.0,4.093,3163.1861645138,24.7861634049013,
Vanuatu,VUT,2012.0,4.059,3004.78416664293,24.8183551383933,
Vanuatu,VUT,2013.0,4.039,2979.79608084399,24.8407362750263,
Vanuatu,VUT,2014.0,3.999,2973.09026493408,24.8549637694775,
Vanuatu,VUT,2015.0,3.952,2854.89412272653,24.8626945764242,
Vanuatu,VUT,2016.0,3.915,2956.12644801489,24.8654875642873,
Vanuatu,VUT,2017.0,3.875,3159.86055790126,24.7644441456437,
Vanuatu,VUT,2018.0,3.834,3206.65748718811,24.2729727045038,
Vanuatu,VUT,2019.0,3.79,3207.44650452083,23.5024668917075,
Vanuatu,VUT,2020.0,3.738,3042.98711598286,22.4186852094794,
Vanuatu,VUT,2021.0,3.696,3107.20312858002,22.2501822422475,
Vanuatu,VUT,2022.0,3.647,3370.21191956953,22.2541249733107,
Vanuatu,VUT,2023.0,3.596,3482.61458237637,22.2651966823901,
Vanuatu,VUT,2024.0,3.569,3410.77023167097,22.2866933360645,
"Venezuela, RB",VEN,1990.0,3.448,2451.5523114567,83.9741022430344,
"Venezuela, RB",VEN,1991.0,3.37,2632.53969814106,84.4092017935829,
"Venezuela, RB",VEN,1992.0,3.292,2907.30334439434,84.8766356611879,
"Venezuela, RB",VEN,1993.0,3.218,2824.69144366441,85.3657269170578,
"Venezuela, RB",VEN,1994.0,3.147,2688.98325145295,85.8624720356125,
"Venezuela, RB",VEN,1995.0,3.082,3486.98350635919,86.352867491272,
"Venezuela, RB",VEN,1996.0,3.022,3112.825848106,86.8229097584563,
"Venezuela, RB",VEN,1997.0,2.967,3710.82688355096,87.2585953115854,
"Venezuela, RB",VEN,1998.0,2.912,3869.98258848894,87.6459206250794,
"Venezuela, RB",VEN,1999.0,2.856,4070.90619189484,87.9708821733583,
"Venezuela, RB",VEN,2000.0,2.79,4776.2816763938,88.219476430842,33.058
"Venezuela, RB",VEN,2001.0,2.779,4920.39313600453,88.372774123042,
"Venezuela, RB",VEN,2002.0,2.739,3652.09896501865,88.4553810951083,39.047
"Venezuela, RB",VEN,2003.0,2.703,3229.50557082079,88.522274342774,40.545
"Venezuela, RB",VEN,2004.0,2.639,4269.08970872392,88.5835546444319,
"Venezuela, RB",VEN,2005.0,2.629,5432.4854184654,88.638673298371,
"Venezuela, RB",VEN,2006.0,2.595,6739.38065342218,88.6870816028803,
"Venezuela, RB",VEN,2007.0,2.524,8331.62096991844,88.7282308562487,
"Venezuela, RB",VEN,2008.0,2.475,11262.4514256759,88.7615723567652,98.839
"Venezuela, RB",VEN,2009.0,2.422,11596.6021921731,88.7865574027187,
"Venezuela, RB",VEN,2010.0,2.396,13646.3046622664,88.8026372923982,
"Venezuela, RB",VEN,2011.0,2.398,10843.9229703167,88.8079278904659,
"Venezuela, RB",VEN,2012.0,2.379,12607.2361246243,88.8401868543141,
"Venezuela, RB",VEN,2013.0,2.334,8656.35669723668,88.8786817039721,
"Venezuela, RB",VEN,2014.0,2.296,7096.22047105512,88.9163913525251,
"Venezuela, RB",VEN,2015.0,2.253,4103.1384987005,88.9539804079292,
"Venezuela, RB",VEN,2016.0,2.217,3670.15737848208,88.9914428378712,
"Venezuela, RB",VEN,2017.0,2.183,3791.33160682077,89.0287726100378,
"Venezuela, RB",VEN,2018.0,2.151,3422.65467014854,89.0659636921159,
"Venezuela, RB",VEN,2019.0,2.131,2523.11275230667,89.1030100517924,
"Venezuela, RB",VEN,2020.0,2.116,1506.0436210041,89.1399056567545,
"Venezuela, RB",VEN,2021.0,2.105,2004.93397949792,89.1766444746891,
"Venezuela, RB",VEN,2022.0,2.088,3155.04207099687,89.2132204732836,
"Venezuela, RB",VEN,2023.0,2.079,3617.43594578269,89.249627620225,
"Venezuela, RB",VEN,2024.0,2.077,4217.59102643391,89.285859883201,
Viet Nam,VNM,1990.0,3.602,98.7983370311401,19.1735039651626,
Viet Nam,VNM,1991.0,3.524,143.715270231936,19.4396801924029,
Viet Nam,VNM,1992.0,3.353,144.549392371677,19.8252510026665,
Viet Nam,VNM,1993.0,3.172,189.418573584332,20.3057679487956,
Viet Nam,VNM,1994.0,2.941,229.857787265757,20.8567825836322,
Viet Nam,VNM,1995.0,2.7,287.802661028593,21.4538464600183,
Viet Nam,VNM,1996.0,2.468,337.051231790277,22.072511130796,
Viet Nam,VNM,1997.0,2.274,361.643884085566,22.6883281488073,
Viet Nam,VNM,1998.0,2.098,361.350928411167,23.2768490668943,7.59
Viet Nam,VNM,1999.0,1.999,375.994455900496,23.8212278892522,9.035
Viet Nam,VNM,2000.0,2.028,404.029784055118,24.3672526919772,7.788
Viet Nam,VNM,2001.0,2.023,419.205677580901,24.9489362725143,7.91
Viet Nam,VNM,2002.0,2.006,445.132861817313,25.5540925665659,8.267
Viet Nam,VNM,2003.0,1.999,497.117089249256,26.1745407830283,8.613
Viet Nam,VNM,2004.0,1.968,565.452284586212,26.8021001307977,
Viet Nam,VNM,2005.0,1.887,710.746759994861,27.4285898187702,13.112
Viet Nam,VNM,2006.0,1.873,807.756645117054,28.0458290558422,16.356
Viet Nam,VNM,2007.0,1.911,925.640338348717,28.6456370509099,18.705
Viet Nam,VNM,2008.0,1.933,1163.83195772873,29.2198330128693,19.384
Viet Nam,VNM,2009.0,1.92,1226.16976051536,29.7581347355675,20.712
Viet Nam,VNM,2010.0,1.906,1683.16182443979,30.2504027258526,23.266
Viet Nam,VNM,2011.0,1.927,1950.92504174913,30.6996041680996,25.413
Viet Nam,VNM,2012.0,1.967,2185.11767654291,31.1222779403029,13.326
Viet Nam,VNM,2013.0,1.98,2359.51736472828,31.5334201724543,23.932
Viet Nam,VNM,2014.0,2.09,2546.38464459903,31.9480269945454,31.759
Viet Nam,VNM,2015.0,2.1,2577.56885340113,32.3810945365679,29.437
Viet Nam,VNM,2016.0,2.0,2735.0604380416,32.8476189285136,31.922
Viet Nam,VNM,2017.0,1.985,2956.10992127753,33.3625963003742,27.445
Viet Nam,VNM,2018.0,1.88,3222.31003125366,33.9410227821412,
Viet Nam,VNM,2019.0,1.943,3440.90025375434,34.6239134999511,
Viet Nam,VNM,2020.0,1.957,3534.03953482647,35.5706676299742,
Viet Nam,VNM,2021.0,1.942,3704.1935590038,36.6540656426603,41.059
Viet Nam,VNM,2022.0,1.927,4147.69777213621,37.5478515625,45.37
Viet Nam,VNM,2023.0,1.913,4323.35031982451,38.1298904418945,36.077
Viet Nam,VNM,2024.0,1.895,4717.29028732449,38.4900703430176,40.862
Virgin Islands (U.S.),VIR,1990.0,3.106,,70.3818429114451,
Virgin Islands (U.S.),VIR,1991.0,3.379,,73.7756207050017,43.549
Virgin Islands (U.S.),VIR,1992.0,3.63,,77.0355694938073,45.589
Virgin Islands (U.S.),VIR,1993.0,3.636,,80.1141807479089,48.663
Virgin Islands (U.S.),VIR,1994.0,3.682,,82.9639459373535,
Virgin Islands (U.S.),VIR,1995.0,3.237,,85.5373565321881,
Virgin Islands (U.S.),VIR,1996.0,2.941,,87.7869040024597,
Virgin Islands (U.S.),VIR,1997.0,3.017,,89.6650798182152,
Virgin Islands (U.S.),VIR,1998.0,2.676,,91.1243754495017,
Virgin Islands (U.S.),VIR,1999.0,2.449,,92.1172823663661,
Virgin Islands (U.S.),VIR,2000.0,2.06,,92.6234446497486,
Virgin Islands (U.S.),VIR,2001.0,1.9,,92.9312505278715,
Virgin Islands (U.S.),VIR,2002.0,2.21,30062.0225050457,93.2191674762441,
Virgin Islands (U.S.),VIR,2003.0,2.07,31731.2566241187,93.4773224233974,
Virgin Islands (U.S.),VIR,2004.0,2.17,35006.3614404514,93.7071483863705,
Virgin Islands (U.S.),VIR,2005.0,2.24,40828.7460927775,93.9100783822029,
Virgin Islands (U.S.),VIR,2006.0,2.03,41377.1466009652,94.0875454279337,
Virgin Islands (U.S.),VIR,2007.0,2.51,44158.5054044325,94.2409825406024,
Virgin Islands (U.S.),VIR,2008.0,2.44,39152.3750657306,94.3718227372483,
Virgin Islands (U.S.),VIR,2009.0,2.37,38753.1825393897,94.4814990349105,
Virgin Islands (U.S.),VIR,2010.0,2.3,39905.1284180994,94.5724392667003,
Virgin Islands (U.S.),VIR,2011.0,2.16,38997.1373164651,94.6553578863453,
Virgin Islands (U.S.),VIR,2012.0,2.06,37795.3192590675,94.7353591077883,
Virgin Islands (U.S.),VIR,2013.0,2.08,34597.9766940328,94.8105958193224,
Virgin Islands (U.S.),VIR,2014.0,2.09,33045.3643795999,94.8797070702488,
Virgin Islands (U.S.),VIR,2015.0,2.11,34007.3529411765,94.9413319098685,
Virgin Islands (U.S.),VIR,2016.0,2.09,35324.9748874586,94.9941093874829,
Virgin Islands (U.S.),VIR,2017.0,2.08,35365.0693039774,95.0366785523929,
Virgin Islands (U.S.),VIR,2018.0,2.06,36663.2087550584,95.0676784538999,
Virgin Islands (U.S.),VIR,2019.0,2.05,38633.5298915336,95.0857481413049,
Virgin Islands (U.S.),VIR,2020.0,2.03,39787.3741650202,95.0974024521293,
Virgin Islands (U.S.),VIR,2021.0,2.01,42571.0777368471,95.1604310610968,
Virgin Islands (U.S.),VIR,2022.0,2.0,44320.909185774,95.2171514724412,
Virgin Islands (U.S.),VIR,2023.0,1.98,,95.2740790945924,
Virgin Islands (U.S.),VIR,2024.0,1.97,,95.3312197036061,
West Bank and Gaza,PSE,1990.0,6.809,,65.3367502449023,
West Bank and Gaza,PSE,1991.0,6.751,,65.7052491711444,
West Bank and Gaza,PSE,1992.0,6.65,,66.1038051489255,
West Bank and Gaza,PSE,1993.0,6.501,,66.5380301106892,
West Bank and Gaza,PSE,1994.0,6.334,1201.58154213882,67.0135359888796,
West Bank and Gaza,PSE,1995.0,6.161,1326.56285737146,67.5359347159403,
West Bank and Gaza,PSE,1996.0,5.988,1317.46675131385,68.1108382243154,14.075
West Bank and Gaza,PSE,1997.0,5.817,1389.16497137651,68.7351827543561,16.626
West Bank and Gaza,PSE,1998.0,5.693,1465.04605685868,69.4998723632721,18.26
West Bank and Gaza,PSE,1999.0,5.583,1499.49217657019,70.6277576517327,21.111
West Bank and Gaza,PSE,2000.0,5.457,1476.17185000238,72.0694328572656,22.352
West Bank and Gaza,PSE,2001.0,5.342,1335.55319529359,73.7258284491139,24.844
West Bank and Gaza,PSE,2002.0,5.216,1156.21747345769,75.4978748965208,26.742
West Bank and Gaza,PSE,2003.0,5.062,1257.69857009689,77.2865026687292,31.34
West Bank and Gaza,PSE,2004.0,4.971,1422.19088643544,78.9926422349822,35.194
West Bank and Gaza,PSE,2005.0,4.867,1543.70141392774,80.5172240645229,38.352
West Bank and Gaza,PSE,2006.0,4.739,1570.10439962728,81.7611786265942,42.629
West Bank and Gaza,PSE,2007.0,4.627,1664.24571669276,82.596126313073,47.081
West Bank and Gaza,PSE,2008.0,4.509,2035.20234121766,83.0979098899913,48.412
West Bank and Gaza,PSE,2009.0,4.44,2191.78178736868,83.5050344815957,48.476
West Bank and Gaza,PSE,2010.0,4.434,2557.07562356699,83.8853491139676,50.893
West Bank and Gaza,PSE,2011.0,4.305,2880.79843707909,84.2340950604341,54.283
West Bank and Gaza,PSE,2012.0,4.154,3067.43872735614,84.5465135943222,54.237
West Bank and Gaza,PSE,2013.0,4.049,3315.29753909282,84.8178459889593,53.368
West Bank and Gaza,PSE,2014.0,3.995,3352.11259506043,85.0433335176723,53.55
West Bank and Gaza,PSE,2015.0,3.977,3272.15432360708,85.2182174537886,55.196
West Bank and Gaza,PSE,2016.0,3.887,3527.61382413178,85.3377390706351,54.461
West Bank and Gaza,PSE,2017.0,3.771,3620.36048715937,85.3782255354,54.86
West Bank and Gaza,PSE,2018.0,3.674,3562.33094270256,85.5351131070872,55.399
West Bank and Gaza,PSE,2019.0,3.591,3656.85827137011,85.8136174183656,55.207
West Bank and Gaza,PSE,2020.0,3.511,3233.56863835858,86.0741183743925,55.042
West Bank and Gaza,PSE,2021.0,3.442,3678.63565662194,86.334956387337,53.898
West Bank and Gaza,PSE,2022.0,3.375,3799.95527015163,86.5961423216016,55.665
West Bank and Gaza,PSE,2023.0,3.311,3455.02852911712,86.8576870415886,54.782
West Bank and Gaza,PSE,2024.0,3.25,2592.30591217647,87.1196014117004,
"Yemen, Rep.",YEM,1990.0,8.606,910.422465960748,20.1820531721852,
"Yemen, Rep.",YEM,1991.0,8.459,1016.30223044813,20.9822487599409,
"Yemen, Rep.",YEM,1992.0,8.272,1198.13031674085,21.7569525846164,1.384
"Yemen, Rep.",YEM,1993.0,8.048,1396.61544419009,22.4923555641291,
"Yemen, Rep.",YEM,1994.0,7.795,1735.04419543214,23.1700802443959,
"Yemen, Rep.",YEM,1995.0,7.525,764.414656090937,23.7984859251509,
"Yemen, Rep.",YEM,1996.0,7.004,375.214994663363,24.3989541605814,
"Yemen, Rep.",YEM,1997.0,6.82,382.584928722421,24.9808729368956,1.014
"Yemen, Rep.",YEM,1998.0,6.639,342.73940747773,25.5432575968119,
"Yemen, Rep.",YEM,1999.0,6.489,401.448141660801,26.0851234830484,3.819
"Yemen, Rep.",YEM,2000.0,6.317,493.235182634814,26.6054859383233,
"Yemen, Rep.",YEM,2001.0,6.143,487.141257946318,27.1033603053549,
"Yemen, Rep.",YEM,2002.0,5.971,513.241486570603,27.5777619268614,4.628
"Yemen, Rep.",YEM,2003.0,5.839,548.905883049973,28.0277061455611,4.531
"Yemen, Rep.",YEM,2004.0,5.712,627.632023395762,28.4506523754813,4.478
"Yemen, Rep.",YEM,2005.0,5.563,734.159908450927,28.8523786558834,4.443
"Yemen, Rep.",YEM,2006.0,5.412,809.713127624703,29.2379493450977,4.443
"Yemen, Rep.",YEM,2007.0,5.261,890.305768114988,29.6091538946366,5.289
"Yemen, Rep.",YEM,2008.0,5.113,1071.63583282105,29.9646637170333,5.545
"Yemen, Rep.",YEM,2009.0,5.004,969.243509864478,30.3031502248211,
"Yemen, Rep.",YEM,2010.0,4.81,1155.20305261418,30.6232848305331,5.631
"Yemen, Rep.",YEM,2011.0,4.63,1186.47500581215,30.9237389467026,5.383
"Yemen, Rep.",YEM,2012.0,4.633,1245.05068272078,31.2031839858628,
"Yemen, Rep.",YEM,2013.0,4.623,1378.75002954928,31.4427187944215,
"Yemen, Rep.",YEM,2014.0,4.62,1430.16420964026,31.8626162180918,
"Yemen, Rep.",YEM,2015.0,4.617,1362.1738120601,32.3883178702702,
"Yemen, Rep.",YEM,2016.0,4.613,975.359417003225,32.9512008005236,
"Yemen, Rep.",YEM,2017.0,4.61,811.165970405745,33.5586912522175,
"Yemen, Rep.",YEM,2018.0,4.607,633.887202451545,34.2106045810864,
"Yemen, Rep.",YEM,2019.0,4.603,,34.9067561732024,
"Yemen, Rep.",YEM,2020.0,4.6,,35.7025604580302,
"Yemen, Rep.",YEM,2021.0,4.597,,36.0704951256305,
"Yemen, Rep.",YEM,2022.0,4.593,,36.3226310308295,
"Yemen, Rep.",YEM,2023.0,4.59,,36.5707979836506,
"Yemen, Rep.",YEM,2024.0,4.499,,36.8077517596594,
Zambia,ZMB,1990.0,6.567,422.336298804219,39.3639924846036,
Zambia,ZMB,1991.0,6.458,423.071256835592,39.2536515579652,
Zambia,ZMB,1992.0,6.349,389.254665832226,39.0972462878148,
Zambia,ZMB,1993.0,6.298,390.916673784646,38.8993519782475,
Zambia,ZMB,1994.0,6.26,426.386598390102,38.6659731487597,
Zambia,ZMB,1995.0,6.232,433.312782642118,38.4031143188477,
Zambia,ZMB,1996.0,6.182,399.511304742449,37.9842763417749,
Zambia,ZMB,1997.0,6.124,465.871942164799,37.3758882162063,
Zambia,ZMB,1998.0,6.067,373.084763057408,36.7233466797411,1.492
Zambia,ZMB,1999.0,5.998,349.515723095687,36.1720484699782,1.483
Zambia,ZMB,2000.0,5.921,359.429500988221,35.8735460960387,
Zambia,ZMB,2001.0,5.848,396.548952993504,35.8846482932758,
Zambia,ZMB,2002.0,5.774,393.864625518616,36.0706035730014,
Zambia,ZMB,2003.0,5.71,446.290104839041,36.3858560115875,
Zambia,ZMB,2004.0,5.698,548.685974566277,36.8035881130253,
Zambia,ZMB,2005.0,5.697,710.982068171696,37.2969823813059,
Zambia,ZMB,2006.0,5.679,1051.71714895686,37.8392213204204,
Zambia,ZMB,2007.0,5.613,1118.73162626953,38.4034874343601,
Zambia,ZMB,2008.0,5.53,1375.50211006997,38.9629632271162,
Zambia,ZMB,2009.0,5.453,1136.24168316848,39.4908312026796,
Zambia,ZMB,2010.0,5.359,1451.10616017155,39.9558857709992,
Zambia,ZMB,2011.0,5.256,1624.86817763443,40.3684491825881,2.196
Zambia,ZMB,2012.0,5.136,1710.05061343728,40.7698556821596,3.407
Zambia,ZMB,2013.0,5.014,1820.71854827391,41.1682266235825,
Zambia,ZMB,2014.0,4.89,1707.48573136694,41.5634741658525,
Zambia,ZMB,2015.0,4.775,1295.87788680068,41.9555104679652,
Zambia,ZMB,2016.0,4.669,1239.08527877713,42.3442476889162,
Zambia,ZMB,2017.0,4.567,1483.46577328065,42.7295979877011,
Zambia,ZMB,2018.0,4.492,1463.89997855593,43.1114735233156,
Zambia,ZMB,2019.0,4.418,1258.98619844462,43.4897864547552,
Zambia,ZMB,2020.0,4.323,951.644316655957,43.8644489410157,
Zambia,ZMB,2021.0,4.246,1127.16077872857,44.2353731410926,
Zambia,ZMB,2022.0,4.175,1447.12310138035,44.5988511178469,
Zambia,ZMB,2023.0,4.101,1330.72780576709,45.0285853521585,
Zambia,ZMB,2024.0,4.036,1187.10943350064,45.4703838491279,
Zimbabwe,ZWE,1990.0,4.876,866.928868406131,29.5920412137481,
Zimbabwe,ZWE,1991.0,4.715,830.961354818769,30.1555850077795,
Zimbabwe,ZWE,1992.0,4.567,631.149149280088,30.5674246988034,3.703
Zimbabwe,ZWE,1993.0,4.391,604.70311652877,30.8753173320215,
Zimbabwe,ZWE,1994.0,4.284,634.062003018813,31.1618938952517,
Zimbabwe,ZWE,1995.0,4.153,648.315259628165,31.429986132892,
Zimbabwe,ZWE,1996.0,4.11,766.913775859535,31.6769076006021,
Zimbabwe,ZWE,1997.0,4.075,750.583100340929,31.8999718540415,
Zimbabwe,ZWE,1998.0,4.067,552.448328691252,32.0964924488698,
Zimbabwe,ZWE,1999.0,4.056,582.299355588147,32.2637829407466,
Zimbabwe,ZWE,2000.0,4.009,562.833757496076,32.3991568853313,
Zimbabwe,ZWE,2001.0,3.983,566.388746448872,32.4999278382836,
Zimbabwe,ZWE,2002.0,3.925,524.936478570323,32.5631884166934,
Zimbabwe,ZWE,2003.0,3.862,468.471932927213,32.6003372313948,
Zimbabwe,ZWE,2004.0,3.776,469.719298949304,32.6278168233873,
Zimbabwe,ZWE,2005.0,3.693,461.271387547912,32.6482709722903,
Zimbabwe,ZWE,2006.0,3.635,431.034994414964,32.6640794641194,
Zimbabwe,ZWE,2007.0,3.677,413.521244592925,32.67762208489,
Zimbabwe,ZWE,2008.0,3.783,340.917447588572,32.6912786206175,
Zimbabwe,ZWE,2009.0,3.95,735.821693871697,32.7074288573175,
Zimbabwe,ZWE,2010.0,4.04,902.010759067388,32.7284525810054,5.863
Zimbabwe,ZWE,2011.0,4.126,1037.77565157218,32.7567295776968,5.862
Zimbabwe,ZWE,2012.0,4.134,1239.22709745709,32.7931752128328,5.877
Zimbabwe,ZWE,2013.0,4.111,1362.99498323368,32.9019343169941,6.358
Zimbabwe,ZWE,2014.0,4.011,1372.91526173161,33.1628075970801,
Zimbabwe,ZWE,2015.0,3.911,1387.12632595026,33.5612641766874,9.93
Zimbabwe,ZWE,2016.0,3.828,1408.13945253431,34.0799460726314,
Zimbabwe,ZWE,2017.0,3.768,3445.44941020134,34.7014953017273,
Zimbabwe,ZWE,2018.0,3.744,2270.89531874302,35.4085538807905,
Zimbabwe,ZWE,2019.0,3.748,2184.32923855469,36.1837638266364,
Zimbabwe,ZWE,2020.0,3.754,2059.67445384499,37.0097671560802,
Zimbabwe,ZWE,2021.0,3.765,2613.60542083552,37.8692058859373,
Zimbabwe,ZWE,2022.0,3.767,2536.40050223076,38.7055207169041,
Zimbabwe,ZWE,2023.0,3.724,2195.22492079245,39.2919370795795,
Zimbabwe,ZWE,2024.0,3.674,2497.20332208763,39.8933716820696,8.661
