Label,Value,,,
Fiscal Yeay,FY21,,,
Publication Date,(July 2020),,,
Low Income Threshold,"$1,035 or less",,,
Lower Middle Income Range,"$1,036  to $4,045",,,
Upper Middle Income Range,"$4,046 to $12,535",,,
High Income Threshold,"$12,536 or more",,,
Number of economies,189,,,
GNI Year,2019,,,
Term of Income Classification,until 1 July 2021,,,

World Bank GNI per capita Operational,,,,,,,,,,,,,,,,,,,,,,,,,,,,,,,,,,,,,,,,,,,,,,,,,,,,,,
Guidelines & Analytical Classifications,,,,,,,,,,,,,,,,,,,,,,,,,,,,,,,,,,,,,,,,,,,,,,,,,,,,,,
,Original reference values and documents,,,,,,,,,,,,,,,,,,,,,,,,,,,,,,,,,,,,,,,,,,,,,,,,,,,,,
Document:,IDA/R73-7,R73-291,R74-256,,R76-204,,SecM80-533,SecM81-607,,SecM83-924,SecM84-953,SecM85-1085,,SecM87-950,SecM88-1028,SecM89-1185,SecM90-1134,SecM91-1188,SecM92-1158,SecM93-924,SecM94-930,SecM95-524,Op 3.10,Op 3.10,Op 3.10,Op 3.10,Op 3.10,Op 3.10,Op 3.10,Op 3.10,Op 3.10,Op 3.10,Op 3.10,Op 3.10,Op 3.10,Op 3.10,Op 3.10,Op 3.10,Op 3.10,Op 3.10,Op 3.10,Op 3.10,Op 3.10,Op 3.10,Op 3.10,Bank Directive: Financial Terms and Conditions of Bank Financing,,,,,,,,
Date:,6-Mar-1973,22-Jan-1974,11-Dec-1974,,7-Sep-1976,,1-Jul-1980,8-Jul-1981,23-Jul-1982,27-Sep-1983,8-Nov-1984,24-Sep-1985,17-Sep-1986,27-Aug-1987,2-Oct-1988,13-Sep-1989,29-Aug-1990,11-Sep-1991,24-Aug-1992,9-Sep-1993,2-Sep-1994,8-Jun-1995,3-Jun-1996,1-Jul-1997,1-Jul-1998,1-Jul-1999,1-Jul-2000,1-Jul-2001,1-Jul-2002,1-Jul-2003,1-Jul-2004,1-Jul-2005,1-Jul-2006,1-Jul-2007,1-Jul-2008,1-Jul-2009,1-Jul-2010,1-Jul-2011,1-Jul-2012,1-Jul-2013,1-Jul-2014,1-Jul-2015,1-Jul-2016,1-Jul-2017,1-Jul-2018,1-Jul-2019,1-Jul-2020,1-Jul-2021,1-Jul-2022,1-Jul-2023,1-Jul-2024,1-Jul-2025,,
Bank's fiscal year:,,,,,FY77,FY80,FY81,FY82,FY83,FY84,FY85,FY86,FY87,FY88,FY89,FY90,FY91,FY92,FY93,FY94,FY95,FY96,FY97,FY98,FY99,FY00,FY01,FY02,FY03,FY04,FY05,FY06,FY07,FY08,FY09,FY10,FY11,FY12,FY13,FY14,FY15,FY16,FY17,FY18,FY19,FY20,FY21,FY22,FY23,FY24,FY25,FY26,,
Data for calendar year :,1970,1971,1972,1974,1975,1978,1979,1980,1981,1982,1983,1984,1985,1986,1987,1988,1989,1990,1991,1992,1993,1994,1995,1996,1997,1998,1999,2000,2001,2002,2003,2004,2005,2006,2007,2008,2009,2010,2011,2012,2013,2014,2015,2016,2017,2018,2019,2020,2021,2022,2023,2024,,
,,,,,,,,,,,,,,,,,,,,,,,,,,,,,,,,,,,,,,,,,,,,,,,,,,,,,,
Bank Operational Lending Categories,,,,,,,,,,,,,,,,,,,,,,,,,,,,,,,,,,,,,,,,,,,,,,,,,,,,,,
GNI per capita thresholds in US$ (Atlas methodology),,,,,,,,,,,,,,,,,,,,,,,,,,,,,,,,,,,,,,,,,,,,,,,,,,,,,,
I. Civil Works Preference /1,,<= 200,,<= 250,<= 265,<= 320,<= 345,<= 370,<= 405,<= 410,<= 400,<= 400,<= 400,<= 425,<= 480,<= 545,<= 580,<= 610,<= 635,<= 675,<= 695,<= 725,<= 765,<= 785,<= 785,<= 760,<= 755,<= 755,<= 745,<= 735,<= 765,<= 825,<= 875,<= 905,<= 935,<= 975,<= 995,"<= 1,005","<= 1,025","<= 1,035","<= 1,045","<= 1,045","<= 1,025","<= 1,005",<= 995,"<= 1,025","<= 1,035","<= 1,045","<= 1,085","<= 1,135","<= 1,145","<= 1,135",,
II. IDA Eligibility /2  /7,<= 375,,,,<= 520,<= 625,<= 680,<= 730,<= 795,<= 805,<= 790,<= 790,<= 790,<= 835,<= 940,"<= 1,070","<= 1,135","<= 1,195","<= 1,235","<= 1,305","<= 1,345","<= 1,395","<= 1,465","<= 1,505","<= 1,505","<= 1,460","<= 1,445","<= 1,445","<= 1,435","<= 1,415","<= 1,465","<= 1,575","<= 1,675","<= 1,735","<= 1,785","<= 1,855","<= 1,905","<= 1,915","<= 1,945","<= 1,965","<= 1,985","<= 1,985","<= 1,945","<= 1,905","<= 1,875","<= 1,925","<= 1,945","<= 1,965","<= 2,045","<= 2,145","<= 2,165","<= 2,155",,
III. IBRD Terms /3  /7,,,850,,"521-1,075","626-1,290","681-1,405","731-1,510","796-1,645","806-1,670","791-1,635","791-1,635","791-1,635","836-1,725","941-1,940","1,071-2,200","1,136-2,335","1,196-2,465","1,236-2,555","1,306-2,695","1,346-2,785","1,396-2,895","1,466-3,035","1,506-3,115","1,506-3,125","1,461-3,030","1,446-2,995","1,446-2,995","1,436-2,975","1,416-2,935","1,466-3,035","1,576-3,255","1,676-3,465","1,736-3,595","> 1,095","> 1,135","> 1,165","> 1,175","> 1,195","> 1,205","> 1,215","> 1,215","> 1,185","> 1,165","> 1,145","> 1,175","> 1,185","> 1,205","> 1,255","> 1,315","> 1,335","> 1,325",,
IV. IBRD Terms /4  /7,,,,,,,,,,"> 1,670","> 1,635","> 1,635","> 1,635","> 1,725","> 1,940","> 2,200","> 2,335","> 2,465","> 2,555","> 2,695","> 2,785","> 2,895","> 3,035","> 3,115","> 3,125","> 3,030","> 2,995","> 2,995","> 2,975","> 2,935","> 3,035","> 3,255","> 3,465","> 3,595",..,..,..,..,..,..,..,..,..,..,..,..,..,..,..,..,..,..,,
V. IBRD Graduation /5  /7,,,,,,,,,,"> 2,910","> 2,850","> 2,850",> 2 850,"> 3,010","> 3,385","> 3,845","> 4,080","> 4,300","> 4,465","> 4,715","> 4,865","> 5,055","> 5,295","> 5,435","> 5,445","> 5,280","> 5,225","> 5,225","> 5,185","> 5,115","> 5,295","> 5,685","> 6,055","> 6,275","> 6,465","> 6,725","> 6,885","> 6,925","> 7,035","> 7,115","> 7,185","> 7,175","> 7,025","> 6,895","> 6,795","> 6,975","> 7,065","> 7,155","> 7,445","> 7,805","> 7,895","> 7,855",,
,,,,,,,,,,,,,,,,,,,,,,,,,,,,,,,,,,,,,,,,,,,,,,,,,,,,,,
IDA Allocation /6  /7,,,,,,,,,,,,,,,<= 580,<= 660,<= 700,<= 740,<= 765,<= 805,<= 835,<= 865,<= 905,<= 925,<= 925,<= 895,<= 885,<= 885,<= 875,<= 865,<= 895,<= 965,"<= 1,025","<= 1,065","<= 1,095","<= 1,135","<= 1,165","<= 1,175","<= 1,195","<= 1,205","<= 1,215","<= 1,215","<= 1,185","<= 1,165","<= 1,145","<= 1,175","<= 1,185","<= 1,205","<= 1,255","<= 1,315","<= 1,335","<= 1,325",,
,,,,,,,,,,,,,,,,,,,,,,,,,,,,,,,,,,,,,,,,,,,,,,,,,,,,,,
Analytical Classifications,,,,,,,,,,,,,,,,,,,,,,,,,,,,,,,,,,,,,,,,,,,,,,,,,,,,,,
(presented in World Development Indicators),,,,,,,,,,,,,,,,,,,,,,,,,,,,,,,,,,,,,,,,,,,,,,,,,,,,,,
Low income,,,,,,,,,,,,,,,<= 480,<= 545,<= 580,<= 610,<= 635,<= 675,<= 695,<= 725,<= 765,<= 785,<= 785,<= 760,<= 755,<= 755,<= 745,<= 735,<= 765,<= 825,<= 875,<= 905,<= 935,<= 975,<= 995,"<= 1,005","<= 1,025","<= 1,035","<= 1,045","<= 1,045","<= 1,025","<= 1,005",<= 995,"<= 1,025","<= 1,035","<= 1,045","<= 1,085","<= 1,135","<= 1,145","<= 1,135",,
Lower middle income,,,,,,,,,,,,,,,"481-1,940","546-2,200","581-2,335","611-2,465","636-2,555","676-2,695","696-2,785","726-2,895","766-3,035","786-3,115","786-3,125","761-3,030","756-2,995","756-2,995","746-2,975","736-2,935","766-3,035","826-3,255","876-3,465","906-3,595","936-3,705","976-3,855","996-3,945","1,006-3,975","1,026-4,035","1,036-4,085","1,046-4,125","1,046-4,125","1,026-4,035","1,006-3,955","996-3,895","1,026-3,995","1,036 - 4,045","1,046 - 4,095","1,086 - 4,255","1,136-4,465","1,146-4,515","1,136-4,495",,
Upper middle income,,,,,,,,,,,,,,,"1,941-6,000","2,201-6,000","2,336-6,000","2,466-7,620","2,556-7,910","2,696-8,355","2,786-8,625","2,896-8,955","3,036-9,385","3,116-9,645","3,126- 9,655","3,031-9,360","2,996-9,265","2,996-9,265","2,976-9,205","2,936-9,075","3,036-9,385","3,256-10,065","3,466-10,725","3,596-11,115","3,706-11,455","3,856-11,905","3,946-12,195","3,976-12,275","4,036-12,475","4,086-12,615","4,126-12,745","4,126-12,735","4,036-12,475","3,956-12,235","3,896-12,055","3,996-12,375","4,046 - 12,535","4,096 - 12,695","4,256 - 13,205","4,466-13,845","4,516-14,005","4,496-13,935",,
High income,,,,,,,,,,,,,,,"> 6,000 ","> 6,000","> 6,000","> 7,620","> 7,910","> 8,355","> 8,625","> 8,955","> 9,385","> 9,645","> 9,655","> 9,360","> 9,265","> 9,265","> 9,205","> 9,075","> 9,385","> 10,065","> 10,725","> 11,115","> 11,455","> 11,905","> 12,195","> 12,275","> 12,475","> 12,615","> 12,745","> 12,735","> 12,475","> 12,235","> 12,055","> 12,375","> 12,535","> 12,695","> 13,205","> 13,845","> 14,005","> 13,935",,
,,,,,,,,,,,,,,,,,,,,,,,,,,,,,,,,,,,,,,,,,,,,,,,,,,,,,,
Notes:,,,,,,,,,,,,,,,,,,,,,,,,,,,,,,,,,,,,,,,,,,,,,,,,,,,,,,
/1  Granting civil works preference to eligible domestic contractors in evaluating civil works bids procured under international competitive bidding.,,,,,,,,,,,,,,,,,,,,,,,,,,,,,,,,,,,,,,,,,,,,,,,,,,,,,,
"/2  Beginning in FY84, this is described in official documents as ""IDA Eligibility or 20-Year IBRD Terms""; since FY94, considered as the historical ceiling for IDA eligibility.",,,,,,,,,,,,,,,,,,,,,,,,,,,,,,,,,,,,,,,,,,,,,,,,,,,,,,
"/3  Beginning in FY84, this is described in official documents as ""17-Year IBRD Terms.""",,,,,,,,,,,,,,,,,,,,,,,,,,,,,,,,,,,,,,,,,,,,,,,,,,,,,,
"/4  Beginning in FY94, this is described in official documents as ""15-Year IBRD Terms.""",,,,,,,,,,,,,,,,,,,,,,,,,,,,,,,,,,,,,,,,,,,,,,,,,,,,,,
/5  Threshold for initiating the IBRD graduation process.,,,,,,,,,,,,,,,,,,,,,,,,,,,,,,,,,,,,,,,,,,,,,,,,,,,,,,
"/6  Beginning in FY94, implemented as the effective operational cutoff for IDA eligibility.",,,,,,,,,,,,,,,,,,,,,,,,,,,,,,,,,,,,,,,,,,,,,,,,,,,,,,
"/7  Beginning in FY09, the number of IBRD levels are reduced in accordance with the Memorandum to the Executive Directors dated January 17, 2008 (R2008-0007). Level II becomes the effective IDA eligibility threshold with the historic IDA eligibility threshold footnoted; Level III is described as ""IBRD terms""; Level IV becomes ""IBRD Graduation"".",,,,,,,,,,,,,,,,,,,,,,,,,,,,,,,,,,,,,,,,,,,,,,,,,,,,,,
,,,,,,,,,,,,,,,,,,,,,,,,,,,,,,,,,,,,,,,,,,,,,,,,,,,,,,
The Atlas methodology is used to reduce the impact of exchange rate fluctuations in the cross-country comparison of national incomes. The Atlas conversion factor for any year is the average of a,,,,,,,,,,,,,,,,,,,,,,,,,,,,,,,,,,,,,,,,,,,,,,,,,,,,,,
"country's exchange rate for that year and its exchange rates for the two preceding years, adjusted for the differences between the rate of inflation in the country and that in China, Japan, the United Kingdom,",,,,,,,,,,,,,,,,,,,,,,,,,,,,,,,,,,,,,,,,,,,,,,,,,,,,,,
"the United States, and the Euro area). A country's inflation rate is measured by the change in its GDP deflator. The inflation rate for the above countries, representing international inflation, is",,,,,,,,,,,,,,,,,,,,,,,,,,,,,,,,,,,,,,,,,,,,,,,,,,,,,,
"measured by the changes in the SDR deflator. (Special drawing rights, or SDRs, are the IMF's unit of account.)",,,,,,,,,,,,,,,,,,,,,,,,,,,,,,,,,,,,,,,,,,,,,,,,,,,,,,
,,,,,,,,,,,,,,,,,,,,,,,,,,,,,,,,,,,,,,,,,,,,,,,,,,,,,,
"Beginning in FY95, the Atlas methodology changed: international inflation as measured by the SDR deflator in US$ terms (see SecM94-661); previously it was measured by the U.S. GNP deflator.",,,,,,,,,,,,,,,,,,,,,,,,,,,,,,,,,,,,,,,,,,,,,,,,,,,,,,
"In FY02, a change in terminology was made to be in line with the 1993 System of National Accounts (SNA); the definition of GNI per capita remains the same as the previously used gross national",,,,,,,,,,,,,,,,,,,,,,,,,,,,,,,,,,,,,,,,,,,,,,,,,,,,,,
product (GNP) per capita. The country's inflation rate is measured by the change in its GDP deflator; previously the GNP deflator was used.,,,,,,,,,,,,,,,,,,,,,,,,,,,,,,,,,,,,,,,,,,,,,,,,,,,,,,
,,,,,,,,,,,,,,,,,,,,,,,,,,,,,,,,,,,,,,,,,,,,,,,,,,,,,,
The World Bank's fiscal year is from July 1 to June 30.,,,,,,,,,,,,,,,,,,,,,,,,,,,,,,,,,,,,,,,,,,,,,,,,,,,,,,


,fethio,,,,,,,,,,,,,,,,,,,,,,,,,,,,,,,,,,,,,,,,,,,,,,,,,,,,,,,,,,,,,,,,,,,,,,,,,,,,,,,,,,,,,,,,,,,,,,,,,,,,,,,,,,,,,,,,,,,,,,,,,,,,,,,,,,,,,,,,,,,,,,,,,,,,,,,,,,,,,,,,,,,,,,,,,,,,,,,,,,,,,,,,,,,,,,,,,,,,,,,,,,,,,,,,,,,,,,,,,,,,,,,,,,,,,,,,,,,,,,,,,,,,,,,,,,,,
,(presented in World Development Indicators),,,,,,,,,,,,,,,,,,,,,,,,,,,,,,,,,,,,,,,,,,,,,,,,,,,,,,,,,,,,,,,,,,,,,,,,,,,,,,,,,,,,,,,,,,,,,,,,,,,,,,,,,,,,,,,,,,,,,,,,,,,,,,,,,,,,,,,,,,,,,,,,,,,,,,,,,,,,,,,,,,,,,,,,,,,,,,,,,,,,,,,,,,,,,,,,,,,,,,,,,,,,,,,,,,,,,,,,,,,,,,,,,,,,,,,,,,,,,,,,,,,,,,,,,,,,
,GNI per capita in US$ (Atlas methodology),,,,,,,,,,,,,,,,,,,,,,,,,,,,,,,,,,,,,,,,,,,,,,,,,,,,,,,,,,,,,,,,,,,,,,,,,,,,,,,,,,,,,,,,,,,,,,,,,,,,,,,,,,,,,,,,,,,,,,,,,,,,,,,,,,,,,,,,,,,,,,,,,,,,,,,,,,,,,,,,,,,,,,,,,,,,,,,,,,,,,,,,,,,,,,,,,,,,,,,,,,,,,,,,,,,,,,,,,,,,,,,,,,,,,,,,,,,,,,,,,,,,,,,,,,,,
,,,,,,,,,,,,,,,,,,,,,,,,,,,,,,,,,,,,,,,,,,,,,,,,,,,,,,,,,,,,,,,,,,,,,,,,,,,,,,,,,,,,,,,,,,,,,,,,,,,,,,,,,,,,,,,,,,,,,,,,,,,,,,,,,,,,,,,,,,,,,,,,,,,,,,,,,,,,,,,,,,,,,,,,,,,,,,,,,,,,,,,,,,,,,,,,,,,,,,,,,,,,,,,,,,,,,,,,,,,,,,,,,,,,,,,,,,,,,,,,,,,,,,,,,,,,,
,Bank's fiscal year:,FY89,FY90,FY91,FY92,FY93,FY94,FY95,FY96,FY97,FY98,FY99,FY00,FY01,FY02,FY03,FY04,FY05,FY06,FY07,FY08,FY09,FY10,FY11,FY12,FY13,FY14,FY15,FY16,FY17,FY18,FY19,FY20,FY21,FY22,FY23,FY24,FY25,FY26,,,,,,,,,,,,,,,,,,,,,,,,,,,,,,,,,,,,,,,,,,,,,,,,,,,,,,,,,,,,,,,,,,,,,,,,,,,,,,,,,,,,,,,,,,,,,,,,,,,,,,,,,,,,,,,,,,,,,,,,,,,,,,,,,,,,,,,,,,,,,,,,,,,,,,,,,,,,,,,,,,,,,,,,,,,,,,,,,,,,,,,,,,,,,,,,,,,,,,,,,,,,,,,,,,,,,,
,Data for calendar year :,1987,1988,1989,1990,1991,1992,1993,1994,1995,1996,1997,1998,1999,2000,2001,2002,2003,2004,2005,2006,2007,2008,2009,2010,2011,2012,2013,2014,2015,2016,2017,2018,2019,2020,2021,2022,2023,2024,,,,,,,,,,,,,,,,,,,,,,,,,,,,,,,,,,,,,,,,,,,,,,,,,,,,,,,,,,,,,,,,,,,,,,,,,,,,,,,,,,,,,,,,,,,,,,,,,,,,,,,,,,,,,,,,,,,,,,,,,,,,,,,,,,,,,,,,,,,,,,,,,,,,,,,,,,,,,,,,,,,,,,,,,,,,,,,,,,,,,,,,,,,,,,,,,,,,,,,,,,,,,,,,,,,,,,
,Low income (L),<= 480,<= 545,<= 580,<= 610,<= 635,<= 675,<= 695,<= 725,<= 765,<= 785,<= 785,<= 760,<= 755,<= 755,<= 745,<= 735,<= 765,<= 825,<= 875,<= 905,<= 935,<= 975,<= 995,"<= 1,005","<= 1,025","<= 1,035","<= 1,045","<= 1,045","<= 1,025","<= 1,005",<= 995,"<= 1,025","<= 1,035","<= 1,045","<= 1,085","<= 1,135","<= 1,145","<= 1,135",,,,,,,,,,,,,,,,,,,,,,,,,,,,,,,,,,,,,,,,,,,,,,,,,,,,,,,,,,,,,,,,,,,,,,,,,,,,,,,,,,,,,,,,,,,,,,,,,,,,,,,,,,,,,,,,,,,,,,,,,,,,,,,,,,,,,,,,,,,,,,,,,,,,,,,,,,,,,,,,,,,,,,,,,,,,,,,,,,,,,,,,,,,,,,,,,,,,,,,,,,,,,,,,,,,,,,
,Lower middle income (LM),"481-1,940","546-2,200","581-2,335","611-2,465","636-2,555","676-2,695","696-2,785","726-2,895","766-3,035","786-3,115","786-3,125","761-3,030","756-2,995","756-2,995","746-2,975","736-2,935","766-3,035","826-3,255","876-3,465","906-3,595","936-3,705","976-3,855","996-3,945","1,006-3,975","1,026-4,035","1,036-4,085","1,046-4,125","1,046-4,125","1,026-4,035","1,006-3,955","996-3,895","1,026-3,995","1,036 - 4,045","1,046 - 4,095","1,086 - 4,255","1,136 - 4,465","1,146 - 4,515","1,136 - 4,495",,,,,,,,,,,,,,,,,,,,,,,,,,,,,,,,,,,,,,,,,,,,,,,,,,,,,,,,,,,,,,,,,,,,,,,,,,,,,,,,,,,,,,,,,,,,,,,,,,,,,,,,,,,,,,,,,,,,,,,,,,,,,,,,,,,,,,,,,,,,,,,,,,,,,,,,,,,,,,,,,,,,,,,,,,,,,,,,,,,,,,,,,,,,,,,,,,,,,,,,,,,,,,,,,,,,,,
,Upper middle income (UM),"1,941-6,000","2,201-6,000","2,336-6,000","2,466-7,620","2,556-7,910","2,696-8,355","2,786-8,625","2,896-8,955","3,036-9,385","3,116-9,645","3,126- 9,655","3,031-9,360","2,996-9,265","2,996-9,265","2,976-9,205","2,936-9,075","3,036-9,385","3,256-10,065","3,466-10,725","3,596-11,115","3,706-11,455","3,856-11,905","3,946-12,195","3,976-12,275","4,036-12,475","4,086-12,615","4,126-12,745","4,126-12,735","4,036-12,475","3,956-12,235","3,896-12,055","3,996-12,375","4,046 - 12,535","4,096 - 12,695","4,256 - 13,205","4,466 - 13,845","4,516 - 14,005","4,496 - 13,935",,,,,,,,,,,,,,,,,,,,,,,,,,,,,,,,,,,,,,,,,,,,,,,,,,,,,,,,,,,,,,,,,,,,,,,,,,,,,,,,,,,,,,,,,,,,,,,,,,,,,,,,,,,,,,,,,,,,,,,,,,,,,,,,,,,,,,,,,,,,,,,,,,,,,,,,,,,,,,,,,,,,,,,,,,,,,,,,,,,,,,,,,,,,,,,,,,,,,,,,,,,,,,,,,,,,,,
,High income (H),"> 6,000 ","> 6,000","> 6,000","> 7,620","> 7,910","> 8,355","> 8,625","> 8,955","> 9,385","> 9,645","> 9,655","> 9,360","> 9,265","> 9,265","> 9,205","> 9,075","> 9,385","> 10,065","> 10,725","> 11,115","> 11,455","> 11,905","> 12,195","> 12,275","> 12,475","> 12,615","> 12,745","> 12,735","> 12,475","> 12,235","> 12,055","> 12,375","> 12,535","> 12,695","> 13,205","> 13,845","> 14,005","> 13,935",,,,,,,,,,,,,,,,,,,,,,,,,,,,,,,,,,,,,,,,,,,,,,,,,,,,,,,,,,,,,,,,,,,,,,,,,,,,,,,,,,,,,,,,,,,,,,,,,,,,,,,,,,,,,,,,,,,,,,,,,,,,,,,,,,,,,,,,,,,,,,,,,,,,,,,,,,,,,,,,,,,,,,,,,,,,,,,,,,,,,,,,,,,,,,,,,,,,,,,,,,,,,,,,,,,,,,
,,,,,,,,,,,,,,,,,,,,,,,,,,,,,,,,,,,,,,,,,,,,,,,,,,,,,,,,,,,,,,,,,,,,,,,,,,,,,,,,,,,,,,,,,,,,,,,,,,,,,,,,,,,,,,,,,,,,,,,,,,,,,,,,,,,,,,,,,,,,,,,,,,,,,,,,,,,,,,,,,,,,,,,,,,,,,,,,,,,,,,,,,,,,,,,,,,,,,,,,,,,,,,,,,,,,,,,,,,,,,,,,,,,,,,,,,,,,,,,,,,,,,,,,,,,,,
AFG,Afghanistan,L,L,L,L,L,L,L,L,L,L,L,L,L,L,L,L,L,L,L,L,L,L,L,L,L,L,L,L,L,L,L,L,L,L,L,L,L,L,,,,,,,,,,,,,,,,,,,,,,,,,,,,,,,,,,,,,,,,,,,,,,,,,,,,,,,,,,,,,,,,,,,,,,,,,,,,,,,,,,,,,,,,,,,,,,,,,,,,,,,,,,,,,,,,,,,,,,,,,,,,,,,,,,,,,,,,,,,,,,,,,,,,,,,,,,,,,,,,,,,,,,,,,,,,,,,,,,,,,,,,,,,,,,,,,,,,,,,,,,,,,,,,,,,,,,
ALB,Albania,..,..,..,LM,LM,LM,L,L,L,LM,L,LM,LM,LM,LM,LM,LM,LM,LM,LM,LM,LM,UM,UM,LM,UM,UM,UM,UM,UM,UM,UM,UM,UM,UM,UM,UM,UM,,,,,,,,,,,,,,,,,,,,,,,,,,,,,,,,,,,,,,,,,,,,,,,,,,,,,,,,,,,,,,,,,,,,,,,,,,,,,,,,,,,,,,,,,,,,,,,,,,,,,,,,,,,,,,,,,,,,,,,,,,,,,,,,,,,,,,,,,,,,,,,,,,,,,,,,,,,,,,,,,,,,,,,,,,,,,,,,,,,,,,,,,,,,,,,,,,,,,,,,,,,,,,,,,,,,,,
DZA,Algeria,UM,UM,LM,LM,LM,LM,LM,LM,LM,LM,LM,LM,LM,LM,LM,LM,LM,LM,LM,LM,LM,UM,UM,UM,UM,UM,UM,UM,UM,UM,UM,UM,LM,LM,LM,LM,UM,UM,,,,,,,,,,,,,,,,,,,,,,,,,,,,,,,,,,,,,,,,,,,,,,,,,,,,,,,,,,,,,,,,,,,,,,,,,,,,,,,,,,,,,,,,,,,,,,,,,,,,,,,,,,,,,,,,,,,,,,,,,,,,,,,,,,,,,,,,,,,,,,,,,,,,,,,,,,,,,,,,,,,,,,,,,,,,,,,,,,,,,,,,,,,,,,,,,,,,,,,,,,,,,,,,,,,,,,
ASM,American Samoa,H,H,H,UM,UM,UM,UM,UM,UM,UM,UM,UM,UM,UM,UM,UM,UM,UM,UM,UM,UM,UM,UM,UM,UM,UM,UM,UM,UM,UM,UM,UM,UM,UM,UM,H,H,H,,,,,,,,,,,,,,,,,,,,,,,,,,,,,,,,,,,,,,,,,,,,,,,,,,,,,,,,,,,,,,,,,,,,,,,,,,,,,,,,,,,,,,,,,,,,,,,,,,,,,,,,,,,,,,,,,,,,,,,,,,,,,,,,,,,,,,,,,,,,,,,,,,,,,,,,,,,,,,,,,,,,,,,,,,,,,,,,,,,,,,,,,,,,,,,,,,,,,,,,,,,,,,,,,,,,,,
AND,Andorra,..,..,..,H,H,H,H,H,H,H,H,H,H,H,H,H,H,H,H,H,H,H,H,H,H,H,H,H,H,H,H,H,H,H,H,H,H,H,,,,,,,,,,,,,,,,,,,,,,,,,,,,,,,,,,,,,,,,,,,,,,,,,,,,,,,,,,,,,,,,,,,,,,,,,,,,,,,,,,,,,,,,,,,,,,,,,,,,,,,,,,,,,,,,,,,,,,,,,,,,,,,,,,,,,,,,,,,,,,,,,,,,,,,,,,,,,,,,,,,,,,,,,,,,,,,,,,,,,,,,,,,,,,,,,,,,,,,,,,,,,,,,,,,,,,
AGO,Angola,..,LM,LM,LM,LM,LM,LM,LM,L,L,L,L,L,L,L,L,L,LM,LM,LM,LM,LM,LM,LM,UM,UM,UM,UM,UM,LM,LM,LM,LM,LM,LM,LM,LM,LM,,,,,,,,,,,,,,,,,,,,,,,,,,,,,,,,,,,,,,,,,,,,,,,,,,,,,,,,,,,,,,,,,,,,,,,,,,,,,,,,,,,,,,,,,,,,,,,,,,,,,,,,,,,,,,,,,,,,,,,,,,,,,,,,,,,,,,,,,,,,,,,,,,,,,,,,,,,,,,,,,,,,,,,,,,,,,,,,,,,,,,,,,,,,,,,,,,,,,,,,,,,,,,,,,,,,,,
ATG,Antigua and Barbuda,UM,UM,UM,UM,UM,UM,UM,UM,UM,UM,UM,UM,UM,UM,UM,H,UM,UM,H,H,H,H,UM,UM,UM,H,H,H,H,H,H,H,H,H,H,H,H,H,,,,,,,,,,,,,,,,,,,,,,,,,,,,,,,,,,,,,,,,,,,,,,,,,,,,,,,,,,,,,,,,,,,,,,,,,,,,,,,,,,,,,,,,,,,,,,,,,,,,,,,,,,,,,,,,,,,,,,,,,,,,,,,,,,,,,,,,,,,,,,,,,,,,,,,,,,,,,,,,,,,,,,,,,,,,,,,,,,,,,,,,,,,,,,,,,,,,,,,,,,,,,,,,,,,,,,
ARG,Argentina,UM,UM,LM,LM,UM,UM,UM,UM,UM,UM,UM,UM,UM,UM,UM,UM,UM,UM,UM,UM,UM,UM,UM,UM,UM,UM,UM,H,UM,UM,H,UM,UM,UM,UM,UM,UM,UM,,,,,,,,,,,,,,,,,,,,,,,,,,,,,,,,,,,,,,,,,,,,,,,,,,,,,,,,,,,,,,,,,,,,,,,,,,,,,,,,,,,,,,,,,,,,,,,,,,,,,,,,,,,,,,,,,,,,,,,,,,,,,,,,,,,,,,,,,,,,,,,,,,,,,,,,,,,,,,,,,,,,,,,,,,,,,,,,,,,,,,,,,,,,,,,,,,,,,,,,,,,,,,,,,,,,,,
ARM,Armenia,..,..,..,..,LM,LM,L,L,L,L,L,L,L,L,L,LM,LM,LM,LM,LM,LM,LM,LM,LM,LM,LM,LM,LM,LM,LM,UM,UM,UM,UM,UM,UM,UM,UM,,,,,,,,,,,,,,,,,,,,,,,,,,,,,,,,,,,,,,,,,,,,,,,,,,,,,,,,,,,,,,,,,,,,,,,,,,,,,,,,,,,,,,,,,,,,,,,,,,,,,,,,,,,,,,,,,,,,,,,,,,,,,,,,,,,,,,,,,,,,,,,,,,,,,,,,,,,,,,,,,,,,,,,,,,,,,,,,,,,,,,,,,,,,,,,,,,,,,,,,,,,,,,,,,,,,,,
ABW,Aruba,H,H,H,H,UM,UM,UM,H,H,H,H,H,H,H,H,H,H,H,H,H,H,H,H,H,H,H,H,H,H,H,H,H,H,H,H,H,H,H,,,,,,,,,,,,,,,,,,,,,,,,,,,,,,,,,,,,,,,,,,,,,,,,,,,,,,,,,,,,,,,,,,,,,,,,,,,,,,,,,,,,,,,,,,,,,,,,,,,,,,,,,,,,,,,,,,,,,,,,,,,,,,,,,,,,,,,,,,,,,,,,,,,,,,,,,,,,,,,,,,,,,,,,,,,,,,,,,,,,,,,,,,,,,,,,,,,,,,,,,,,,,,,,,,,,,,
AUS,Australia,H,H,H,H,H,H,H,H,H,H,H,H,H,H,H,H,H,H,H,H,H,H,H,H,H,H,H,H,H,H,H,H,H,H,H,H,H,H,,,,,,,,,,,,,,,,,,,,,,,,,,,,,,,,,,,,,,,,,,,,,,,,,,,,,,,,,,,,,,,,,,,,,,,,,,,,,,,,,,,,,,,,,,,,,,,,,,,,,,,,,,,,,,,,,,,,,,,,,,,,,,,,,,,,,,,,,,,,,,,,,,,,,,,,,,,,,,,,,,,,,,,,,,,,,,,,,,,,,,,,,,,,,,,,,,,,,,,,,,,,,,,,,,,,,,
AUT,Austria,H,H,H,H,H,H,H,H,H,H,H,H,H,H,H,H,H,H,H,H,H,H,H,H,H,H,H,H,H,H,H,H,H,H,H,H,H,H,,,,,,,,,,,,,,,,,,,,,,,,,,,,,,,,,,,,,,,,,,,,,,,,,,,,,,,,,,,,,,,,,,,,,,,,,,,,,,,,,,,,,,,,,,,,,,,,,,,,,,,,,,,,,,,,,,,,,,,,,,,,,,,,,,,,,,,,,,,,,,,,,,,,,,,,,,,,,,,,,,,,,,,,,,,,,,,,,,,,,,,,,,,,,,,,,,,,,,,,,,,,,,,,,,,,,,
AZE,Azerbaijan,..,..,..,..,LM,LM,LM,L,L,L,L,L,L,L,L,L,LM,LM,LM,LM,LM,LM,UM,UM,UM,UM,UM,UM,UM,UM,UM,UM,UM,UM,UM,UM,UM,UM,,,,,,,,,,,,,,,,,,,,,,,,,,,,,,,,,,,,,,,,,,,,,,,,,,,,,,,,,,,,,,,,,,,,,,,,,,,,,,,,,,,,,,,,,,,,,,,,,,,,,,,,,,,,,,,,,,,,,,,,,,,,,,,,,,,,,,,,,,,,,,,,,,,,,,,,,,,,,,,,,,,,,,,,,,,,,,,,,,,,,,,,,,,,,,,,,,,,,,,,,,,,,,,,,,,,,,
BHS,"Bahamas, The",H,H,H,H,H,H,H,H,H,H,H,H,H,H,H,H,H,H,H,H,H,H,H,H,H,H,H,H,H,H,H,H,H,H,H,H,H,H,,,,,,,,,,,,,,,,,,,,,,,,,,,,,,,,,,,,,,,,,,,,,,,,,,,,,,,,,,,,,,,,,,,,,,,,,,,,,,,,,,,,,,,,,,,,,,,,,,,,,,,,,,,,,,,,,,,,,,,,,,,,,,,,,,,,,,,,,,,,,,,,,,,,,,,,,,,,,,,,,,,,,,,,,,,,,,,,,,,,,,,,,,,,,,,,,,,,,,,,,,,,,,,,,,,,,,
BHR,Bahrain,H,H,H,UM,UM,UM,UM,UM,UM,UM,UM,UM,UM,UM,H,H,H,H,H,H,H,H,H,H,H,H,H,H,H,H,H,H,H,H,H,H,H,H,,,,,,,,,,,,,,,,,,,,,,,,,,,,,,,,,,,,,,,,,,,,,,,,,,,,,,,,,,,,,,,,,,,,,,,,,,,,,,,,,,,,,,,,,,,,,,,,,,,,,,,,,,,,,,,,,,,,,,,,,,,,,,,,,,,,,,,,,,,,,,,,,,,,,,,,,,,,,,,,,,,,,,,,,,,,,,,,,,,,,,,,,,,,,,,,,,,,,,,,,,,,,,,,,,,,,,
BGD,Bangladesh,L,L,L,L,L,L,L,L,L,L,L,L,L,L,L,L,L,L,L,L,L,L,L,L,L,L,L,LM,LM,LM,LM,LM,LM,LM,LM,LM,LM,LM,,,,,,,,,,,,,,,,,,,,,,,,,,,,,,,,,,,,,,,,,,,,,,,,,,,,,,,,,,,,,,,,,,,,,,,,,,,,,,,,,,,,,,,,,,,,,,,,,,,,,,,,,,,,,,,,,,,,,,,,,,,,,,,,,,,,,,,,,,,,,,,,,,,,,,,,,,,,,,,,,,,,,,,,,,,,,,,,,,,,,,,,,,,,,,,,,,,,,,,,,,,,,,,,,,,,,,
BRB,Barbados,UM,UM,H,UM,UM,UM,UM,UM,UM,UM,UM,UM,UM,H,UM,H,UM,UM,UM,H,H,H,H,H,H,H,H,H,H,H,H,H,H,H,H,H,H,H,,,,,,,,,,,,,,,,,,,,,,,,,,,,,,,,,,,,,,,,,,,,,,,,,,,,,,,,,,,,,,,,,,,,,,,,,,,,,,,,,,,,,,,,,,,,,,,,,,,,,,,,,,,,,,,,,,,,,,,,,,,,,,,,,,,,,,,,,,,,,,,,,,,,,,,,,,,,,,,,,,,,,,,,,,,,,,,,,,,,,,,,,,,,,,,,,,,,,,,,,,,,,,,,,,,,,,
BLR,Belarus,..,..,..,..,UM,UM,UM,LM,LM,LM,LM,LM,LM,LM,LM,LM,LM,LM,LM,LM,UM,UM,UM,UM,UM,UM,UM,UM,UM,UM,UM,UM,UM,UM,UM,UM,UM,UM,,,,,,,,,,,,,,,,,,,,,,,,,,,,,,,,,,,,,,,,,,,,,,,,,,,,,,,,,,,,,,,,,,,,,,,,,,,,,,,,,,,,,,,,,,,,,,,,,,,,,,,,,,,,,,,,,,,,,,,,,,,,,,,,,,,,,,,,,,,,,,,,,,,,,,,,,,,,,,,,,,,,,,,,,,,,,,,,,,,,,,,,,,,,,,,,,,,,,,,,,,,,,,,,,,,,,,
BEL,Belgium,H,H,H,H,H,H,H,H,H,H,H,H,H,H,H,H,H,H,H,H,H,H,H,H,H,H,H,H,H,H,H,H,H,H,H,H,H,H,,,,,,,,,,,,,,,,,,,,,,,,,,,,,,,,,,,,,,,,,,,,,,,,,,,,,,,,,,,,,,,,,,,,,,,,,,,,,,,,,,,,,,,,,,,,,,,,,,,,,,,,,,,,,,,,,,,,,,,,,,,,,,,,,,,,,,,,,,,,,,,,,,,,,,,,,,,,,,,,,,,,,,,,,,,,,,,,,,,,,,,,,,,,,,,,,,,,,,,,,,,,,,,,,,,,,,
BLZ,Belize,LM,LM,LM,LM,LM,LM,LM,LM,LM,LM,LM,LM,LM,LM,LM,UM,UM,UM,UM,UM,UM,LM,LM,LM,LM,UM,UM,UM,UM,UM,UM,UM,UM,LM,UM,UM,UM,UM,,,,,,,,,,,,,,,,,,,,,,,,,,,,,,,,,,,,,,,,,,,,,,,,,,,,,,,,,,,,,,,,,,,,,,,,,,,,,,,,,,,,,,,,,,,,,,,,,,,,,,,,,,,,,,,,,,,,,,,,,,,,,,,,,,,,,,,,,,,,,,,,,,,,,,,,,,,,,,,,,,,,,,,,,,,,,,,,,,,,,,,,,,,,,,,,,,,,,,,,,,,,,,,,,,,,,,
BEN,Benin,L,L,L,L,L,L,L,L,L,L,L,L,L,L,L,L,L,L,L,L,L,L,L,L,L,L,L,L,L,L,L,L,LM,LM,LM,LM,LM,LM,,,,,,,,,,,,,,,,,,,,,,,,,,,,,,,,,,,,,,,,,,,,,,,,,,,,,,,,,,,,,,,,,,,,,,,,,,,,,,,,,,,,,,,,,,,,,,,,,,,,,,,,,,,,,,,,,,,,,,,,,,,,,,,,,,,,,,,,,,,,,,,,,,,,,,,,,,,,,,,,,,,,,,,,,,,,,,,,,,,,,,,,,,,,,,,,,,,,,,,,,,,,,,,,,,,,,,
BMU,Bermuda,H,H,H,H,H,H,H,H,H,H,H,H,H,H,H,H,H,H,H,H,H,H,H,H,H,H,H,H,H,H,H,H,H,H,H,H,H,H,,,,,,,,,,,,,,,,,,,,,,,,,,,,,,,,,,,,,,,,,,,,,,,,,,,,,,,,,,,,,,,,,,,,,,,,,,,,,,,,,,,,,,,,,,,,,,,,,,,,,,,,,,,,,,,,,,,,,,,,,,,,,,,,,,,,,,,,,,,,,,,,,,,,,,,,,,,,,,,,,,,,,,,,,,,,,,,,,,,,,,,,,,,,,,,,,,,,,,,,,,,,,,,,,,,,,,
BTN,Bhutan,L,L,L,L,L,L,L,L,L,L,L,L,L,L,L,L,L,L,L,LM,LM,LM,LM,LM,LM,LM,LM,LM,LM,LM,LM,LM,LM,LM,LM,LM,LM,LM,,,,,,,,,,,,,,,,,,,,,,,,,,,,,,,,,,,,,,,,,,,,,,,,,,,,,,,,,,,,,,,,,,,,,,,,,,,,,,,,,,,,,,,,,,,,,,,,,,,,,,,,,,,,,,,,,,,,,,,,,,,,,,,,,,,,,,,,,,,,,,,,,,,,,,,,,,,,,,,,,,,,,,,,,,,,,,,,,,,,,,,,,,,,,,,,,,,,,,,,,,,,,,,,,,,,,,
BOL,Bolivia,LM,LM,LM,LM,LM,LM,LM,LM,LM,LM,LM,LM,LM,LM,LM,LM,LM,LM,LM,LM,LM,LM,LM,LM,LM,LM,LM,LM,LM,LM,LM,LM,LM,LM,LM,LM,LM,LM,,,,,,,,,,,,,,,,,,,,,,,,,,,,,,,,,,,,,,,,,,,,,,,,,,,,,,,,,,,,,,,,,,,,,,,,,,,,,,,,,,,,,,,,,,,,,,,,,,,,,,,,,,,,,,,,,,,,,,,,,,,,,,,,,,,,,,,,,,,,,,,,,,,,,,,,,,,,,,,,,,,,,,,,,,,,,,,,,,,,,,,,,,,,,,,,,,,,,,,,,,,,,,,,,,,,,,
BIH,Bosnia and Herzegovina,..,..,..,..,..,LM,L,L,L,L,L,LM,LM,LM,LM,LM,LM,LM,LM,LM,LM,UM,UM,UM,UM,UM,UM,UM,UM,UM,UM,UM,UM,UM,UM,UM,UM,UM,,,,,,,,,,,,,,,,,,,,,,,,,,,,,,,,,,,,,,,,,,,,,,,,,,,,,,,,,,,,,,,,,,,,,,,,,,,,,,,,,,,,,,,,,,,,,,,,,,,,,,,,,,,,,,,,,,,,,,,,,,,,,,,,,,,,,,,,,,,,,,,,,,,,,,,,,,,,,,,,,,,,,,,,,,,,,,,,,,,,,,,,,,,,,,,,,,,,,,,,,,,,,,,,,,,,,,
BWA,Botswana,LM,LM,LM,LM,UM,UM,LM,LM,LM,LM,UM,UM,UM,UM,UM,UM,UM,UM,UM,UM,UM,UM,UM,UM,UM,UM,UM,UM,UM,UM,UM,UM,UM,UM,UM,UM,UM,UM,,,,,,,,,,,,,,,,,,,,,,,,,,,,,,,,,,,,,,,,,,,,,,,,,,,,,,,,,,,,,,,,,,,,,,,,,,,,,,,,,,,,,,,,,,,,,,,,,,,,,,,,,,,,,,,,,,,,,,,,,,,,,,,,,,,,,,,,,,,,,,,,,,,,,,,,,,,,,,,,,,,,,,,,,,,,,,,,,,,,,,,,,,,,,,,,,,,,,,,,,,,,,,,,,,,,,,
BRA,Brazil,UM,LM,UM,UM,UM,UM,UM,UM,UM,UM,UM,UM,UM,UM,UM,LM,LM,LM,LM,UM,UM,UM,UM,UM,UM,UM,UM,UM,UM,UM,UM,UM,UM,UM,UM,UM,UM,UM,,,,,,,,,,,,,,,,,,,,,,,,,,,,,,,,,,,,,,,,,,,,,,,,,,,,,,,,,,,,,,,,,,,,,,,,,,,,,,,,,,,,,,,,,,,,,,,,,,,,,,,,,,,,,,,,,,,,,,,,,,,,,,,,,,,,,,,,,,,,,,,,,,,,,,,,,,,,,,,,,,,,,,,,,,,,,,,,,,,,,,,,,,,,,,,,,,,,,,,,,,,,,,,,,,,,,,
VGB,British Virgin Islands,..,..,..,..,..,..,..,..,..,..,..,..,..,..,..,..,..,..,..,..,..,..,..,..,..,..,..,..,H,H,H,H,H,H,H,H,H,H,,,,,,,,,,,,,,,,,,,,,,,,,,,,,,,,,,,,,,,,,,,,,,,,,,,,,,,,,,,,,,,,,,,,,,,,,,,,,,,,,,,,,,,,,,,,,,,,,,,,,,,,,,,,,,,,,,,,,,,,,,,,,,,,,,,,,,,,,,,,,,,,,,,,,,,,,,,,,,,,,,,,,,,,,,,,,,,,,,,,,,,,,,,,,,,,,,,,,,,,,,,,,,,,,,,,,,
BRN,Brunei Darussalam,H,..,..,H,H,H,H,H,H,H,H,H,H,H,H,H,H,H,H,H,H,H,H,H,H,H,H,H,H,H,H,H,H,H,H,H,H,H,,,,,,,,,,,,,,,,,,,,,,,,,,,,,,,,,,,,,,,,,,,,,,,,,,,,,,,,,,,,,,,,,,,,,,,,,,,,,,,,,,,,,,,,,,,,,,,,,,,,,,,,,,,,,,,,,,,,,,,,,,,,,,,,,,,,,,,,,,,,,,,,,,,,,,,,,,,,,,,,,,,,,,,,,,,,,,,,,,,,,,,,,,,,,,,,,,,,,,,,,,,,,,,,,,,,,,
BGR,Bulgaria,..,..,LM,LM,LM,LM,LM,LM,LM,LM,LM,LM,LM,LM,LM,LM,LM,LM,LM,UM,UM,UM,UM,UM,UM,UM,UM,UM,UM,UM,UM,UM,UM,UM,UM,UM,H,H,,,,,,,,,,,,,,,,,,,,,,,,,,,,,,,,,,,,,,,,,,,,,,,,,,,,,,,,,,,,,,,,,,,,,,,,,,,,,,,,,,,,,,,,,,,,,,,,,,,,,,,,,,,,,,,,,,,,,,,,,,,,,,,,,,,,,,,,,,,,,,,,,,,,,,,,,,,,,,,,,,,,,,,,,,,,,,,,,,,,,,,,,,,,,,,,,,,,,,,,,,,,,,,,,,,,,,
BFA,Burkina Faso,L,L,L,L,L,L,L,L,L,L,L,L,L,L,L,L,L,L,L,L,L,L,L,L,L,L,L,L,L,L,L,L,L,L,L,L,L,L,,,,,,,,,,,,,,,,,,,,,,,,,,,,,,,,,,,,,,,,,,,,,,,,,,,,,,,,,,,,,,,,,,,,,,,,,,,,,,,,,,,,,,,,,,,,,,,,,,,,,,,,,,,,,,,,,,,,,,,,,,,,,,,,,,,,,,,,,,,,,,,,,,,,,,,,,,,,,,,,,,,,,,,,,,,,,,,,,,,,,,,,,,,,,,,,,,,,,,,,,,,,,,,,,,,,,,
BDI,Burundi,L,L,L,L,L,L,L,L,L,L,L,L,L,L,L,L,L,L,L,L,L,L,L,L,L,L,L,L,L,L,L,L,L,L,L,L,L,L,,,,,,,,,,,,,,,,,,,,,,,,,,,,,,,,,,,,,,,,,,,,,,,,,,,,,,,,,,,,,,,,,,,,,,,,,,,,,,,,,,,,,,,,,,,,,,,,,,,,,,,,,,,,,,,,,,,,,,,,,,,,,,,,,,,,,,,,,,,,,,,,,,,,,,,,,,,,,,,,,,,,,,,,,,,,,,,,,,,,,,,,,,,,,,,,,,,,,,,,,,,,,,,,,,,,,,
CPV,Cabo Verde,..,LM,LM,LM,LM,LM,LM,LM,LM,LM,LM,LM,LM,LM,LM,LM,LM,LM,LM,LM,LM,LM,LM,LM,LM,LM,LM,LM,LM,LM,LM,LM,LM,LM,LM,LM,LM,UM,,,,,,,,,,,,,,,,,,,,,,,,,,,,,,,,,,,,,,,,,,,,,,,,,,,,,,,,,,,,,,,,,,,,,,,,,,,,,,,,,,,,,,,,,,,,,,,,,,,,,,,,,,,,,,,,,,,,,,,,,,,,,,,,,,,,,,,,,,,,,,,,,,,,,,,,,,,,,,,,,,,,,,,,,,,,,,,,,,,,,,,,,,,,,,,,,,,,,,,,,,,,,,,,,,,,,,
KHM,Cambodia,L,L,L,L,L,L,L,L,L,L,L,L,L,L,L,L,L,L,L,L,L,L,L,L,L,L,L,L,LM,LM,LM,LM,LM,LM,LM,LM,LM,LM,,,,,,,,,,,,,,,,,,,,,,,,,,,,,,,,,,,,,,,,,,,,,,,,,,,,,,,,,,,,,,,,,,,,,,,,,,,,,,,,,,,,,,,,,,,,,,,,,,,,,,,,,,,,,,,,,,,,,,,,,,,,,,,,,,,,,,,,,,,,,,,,,,,,,,,,,,,,,,,,,,,,,,,,,,,,,,,,,,,,,,,,,,,,,,,,,,,,,,,,,,,,,,,,,,,,,,
CMR,Cameroon,LM,LM,LM,LM,LM,LM,LM,L,L,L,L,L,L,L,L,L,L,L,LM,LM,LM,LM,LM,LM,LM,LM,LM,LM,LM,LM,LM,LM,LM,LM,LM,LM,LM,LM,,,,,,,,,,,,,,,,,,,,,,,,,,,,,,,,,,,,,,,,,,,,,,,,,,,,,,,,,,,,,,,,,,,,,,,,,,,,,,,,,,,,,,,,,,,,,,,,,,,,,,,,,,,,,,,,,,,,,,,,,,,,,,,,,,,,,,,,,,,,,,,,,,,,,,,,,,,,,,,,,,,,,,,,,,,,,,,,,,,,,,,,,,,,,,,,,,,,,,,,,,,,,,,,,,,,,,
CAN,Canada,H,H,H,H,H,H,H,H,H,H,H,H,H,H,H,H,H,H,H,H,H,H,H,H,H,H,H,H,H,H,H,H,H,H,H,H,H,H,,,,,,,,,,,,,,,,,,,,,,,,,,,,,,,,,,,,,,,,,,,,,,,,,,,,,,,,,,,,,,,,,,,,,,,,,,,,,,,,,,,,,,,,,,,,,,,,,,,,,,,,,,,,,,,,,,,,,,,,,,,,,,,,,,,,,,,,,,,,,,,,,,,,,,,,,,,,,,,,,,,,,,,,,,,,,,,,,,,,,,,,,,,,,,,,,,,,,,,,,,,,,,,,,,,,,,
CYM,Cayman Islands,..,..,..,..,..,..,H,H,H,H,H,H,H,H,H,H,H,H,H,H,H,H,H,H,H,H,H,H,H,H,H,H,H,H,H,H,H,H,,,,,,,,,,,,,,,,,,,,,,,,,,,,,,,,,,,,,,,,,,,,,,,,,,,,,,,,,,,,,,,,,,,,,,,,,,,,,,,,,,,,,,,,,,,,,,,,,,,,,,,,,,,,,,,,,,,,,,,,,,,,,,,,,,,,,,,,,,,,,,,,,,,,,,,,,,,,,,,,,,,,,,,,,,,,,,,,,,,,,,,,,,,,,,,,,,,,,,,,,,,,,,,,,,,,,,
CAF,Central African Republic,L,L,L,L,L,L,L,L,L,L,L,L,L,L,L,L,L,L,L,L,L,L,L,L,L,L,L,L,L,L,L,L,L,L,L,L,L,L,,,,,,,,,,,,,,,,,,,,,,,,,,,,,,,,,,,,,,,,,,,,,,,,,,,,,,,,,,,,,,,,,,,,,,,,,,,,,,,,,,,,,,,,,,,,,,,,,,,,,,,,,,,,,,,,,,,,,,,,,,,,,,,,,,,,,,,,,,,,,,,,,,,,,,,,,,,,,,,,,,,,,,,,,,,,,,,,,,,,,,,,,,,,,,,,,,,,,,,,,,,,,,,,,,,,,,
TCD,Chad,L,L,L,L,L,L,L,L,L,L,L,L,L,L,L,L,L,L,L,L,L,L,L,L,L,L,L,L,L,L,L,L,L,L,L,L,L,L,,,,,,,,,,,,,,,,,,,,,,,,,,,,,,,,,,,,,,,,,,,,,,,,,,,,,,,,,,,,,,,,,,,,,,,,,,,,,,,,,,,,,,,,,,,,,,,,,,,,,,,,,,,,,,,,,,,,,,,,,,,,,,,,,,,,,,,,,,,,,,,,,,,,,,,,,,,,,,,,,,,,,,,,,,,,,,,,,,,,,,,,,,,,,,,,,,,,,,,,,,,,,,,,,,,,,,
CHI,Channel Islands,H,H,H,H,H,H,H,H,H,H,H,H,H,H,H,H,H,H,H,H,H,H,H,H,H,H,H,H,H,H,H,H,H,H,H,H,H,H,,,,,,,,,,,,,,,,,,,,,,,,,,,,,,,,,,,,,,,,,,,,,,,,,,,,,,,,,,,,,,,,,,,,,,,,,,,,,,,,,,,,,,,,,,,,,,,,,,,,,,,,,,,,,,,,,,,,,,,,,,,,,,,,,,,,,,,,,,,,,,,,,,,,,,,,,,,,,,,,,,,,,,,,,,,,,,,,,,,,,,,,,,,,,,,,,,,,,,,,,,,,,,,,,,,,,,
CHL,Chile,LM,LM,LM,LM,LM,LM,UM,UM,UM,UM,UM,UM,UM,UM,UM,UM,UM,UM,UM,UM,UM,UM,UM,UM,UM,H,H,H,H,H,H,H,H,H,H,H,H,H,,,,,,,,,,,,,,,,,,,,,,,,,,,,,,,,,,,,,,,,,,,,,,,,,,,,,,,,,,,,,,,,,,,,,,,,,,,,,,,,,,,,,,,,,,,,,,,,,,,,,,,,,,,,,,,,,,,,,,,,,,,,,,,,,,,,,,,,,,,,,,,,,,,,,,,,,,,,,,,,,,,,,,,,,,,,,,,,,,,,,,,,,,,,,,,,,,,,,,,,,,,,,,,,,,,,,,
CHN,China,L,L,L,L,L,L,L,L,L,L,LM,L,LM,LM,LM,LM,LM,LM,LM,LM,LM,LM,LM,UM,UM,UM,UM,UM,UM,UM,UM,UM,UM,UM,UM,UM,UM,UM,,,,,,,,,,,,,,,,,,,,,,,,,,,,,,,,,,,,,,,,,,,,,,,,,,,,,,,,,,,,,,,,,,,,,,,,,,,,,,,,,,,,,,,,,,,,,,,,,,,,,,,,,,,,,,,,,,,,,,,,,,,,,,,,,,,,,,,,,,,,,,,,,,,,,,,,,,,,,,,,,,,,,,,,,,,,,,,,,,,,,,,,,,,,,,,,,,,,,,,,,,,,,,,,,,,,,,
COL,Colombia,LM,LM,LM,LM,LM,LM,LM,LM,LM,LM,LM,LM,LM,LM,LM,LM,LM,LM,LM,LM,LM,UM,UM,UM,UM,UM,UM,UM,UM,UM,UM,UM,UM,UM,UM,UM,UM,UM,,,,,,,,,,,,,,,,,,,,,,,,,,,,,,,,,,,,,,,,,,,,,,,,,,,,,,,,,,,,,,,,,,,,,,,,,,,,,,,,,,,,,,,,,,,,,,,,,,,,,,,,,,,,,,,,,,,,,,,,,,,,,,,,,,,,,,,,,,,,,,,,,,,,,,,,,,,,,,,,,,,,,,,,,,,,,,,,,,,,,,,,,,,,,,,,,,,,,,,,,,,,,,,,,,,,,,
COM,Comoros,L,L,L,L,L,L,L,L,L,L,L,L,L,L,L,L,L,L,L,L,L,L,L,L,L,L,L,L,L,L,L,LM,LM,LM,LM,LM,LM,LM,,,,,,,,,,,,,,,,,,,,,,,,,,,,,,,,,,,,,,,,,,,,,,,,,,,,,,,,,,,,,,,,,,,,,,,,,,,,,,,,,,,,,,,,,,,,,,,,,,,,,,,,,,,,,,,,,,,,,,,,,,,,,,,,,,,,,,,,,,,,,,,,,,,,,,,,,,,,,,,,,,,,,,,,,,,,,,,,,,,,,,,,,,,,,,,,,,,,,,,,,,,,,,,,,,,,,,
COD,"Congo, Dem. Rep.",L,L,L,L,L,L,L,L,L,L,L,L,L,L,L,L,L,L,L,L,L,L,L,L,L,L,L,L,L,L,L,L,L,L,L,L,L,L,,,,,,,,,,,,,,,,,,,,,,,,,,,,,,,,,,,,,,,,,,,,,,,,,,,,,,,,,,,,,,,,,,,,,,,,,,,,,,,,,,,,,,,,,,,,,,,,,,,,,,,,,,,,,,,,,,,,,,,,,,,,,,,,,,,,,,,,,,,,,,,,,,,,,,,,,,,,,,,,,,,,,,,,,,,,,,,,,,,,,,,,,,,,,,,,,,,,,,,,,,,,,,,,,,,,,,
COG,"Congo, Rep.",LM,LM,LM,LM,LM,LM,LM,L,L,L,L,L,L,L,L,L,L,L,LM,LM,LM,LM,LM,LM,LM,LM,LM,LM,LM,LM,LM,LM,LM,LM,LM,LM,LM,LM,,,,,,,,,,,,,,,,,,,,,,,,,,,,,,,,,,,,,,,,,,,,,,,,,,,,,,,,,,,,,,,,,,,,,,,,,,,,,,,,,,,,,,,,,,,,,,,,,,,,,,,,,,,,,,,,,,,,,,,,,,,,,,,,,,,,,,,,,,,,,,,,,,,,,,,,,,,,,,,,,,,,,,,,,,,,,,,,,,,,,,,,,,,,,,,,,,,,,,,,,,,,,,,,,,,,,,
CRI,Costa Rica,LM,LM,LM,LM,LM,LM,LM,LM,LM,LM,LM,LM,LM,UM,UM,UM,UM,UM,UM,UM,UM,UM,UM,UM,UM,UM,UM,UM,UM,UM,UM,UM,UM,UM,UM,UM,UM,H,,,,,,,,,,,,,,,,,,,,,,,,,,,,,,,,,,,,,,,,,,,,,,,,,,,,,,,,,,,,,,,,,,,,,,,,,,,,,,,,,,,,,,,,,,,,,,,,,,,,,,,,,,,,,,,,,,,,,,,,,,,,,,,,,,,,,,,,,,,,,,,,,,,,,,,,,,,,,,,,,,,,,,,,,,,,,,,,,,,,,,,,,,,,,,,,,,,,,,,,,,,,,,,,,,,,,,
CIV,Côte d'Ivoire,LM,LM,LM,LM,LM,LM,L,L,L,L,L,L,L,L,L,L,L,L,L,L,L,LM,LM,LM,LM,LM,LM,LM,LM,LM,LM,LM,LM,LM,LM,LM,LM,LM,,,,,,,,,,,,,,,,,,,,,,,,,,,,,,,,,,,,,,,,,,,,,,,,,,,,,,,,,,,,,,,,,,,,,,,,,,,,,,,,,,,,,,,,,,,,,,,,,,,,,,,,,,,,,,,,,,,,,,,,,,,,,,,,,,,,,,,,,,,,,,,,,,,,,,,,,,,,,,,,,,,,,,,,,,,,,,,,,,,,,,,,,,,,,,,,,,,,,,,,,,,,,,,,,,,,,,
HRV,Croatia,..,..,..,..,..,LM,LM,LM,UM,UM,UM,UM,UM,UM,UM,UM,UM,UM,UM,UM,UM,H,H,H,H,H,H,H,H,UM,H,H,H,H,H,H,H,H,,,,,,,,,,,,,,,,,,,,,,,,,,,,,,,,,,,,,,,,,,,,,,,,,,,,,,,,,,,,,,,,,,,,,,,,,,,,,,,,,,,,,,,,,,,,,,,,,,,,,,,,,,,,,,,,,,,,,,,,,,,,,,,,,,,,,,,,,,,,,,,,,,,,,,,,,,,,,,,,,,,,,,,,,,,,,,,,,,,,,,,,,,,,,,,,,,,,,,,,,,,,,,,,,,,,,,
CUB,Cuba,..,..,..,LM,LM,LM,LM,LM,LM,LM,LM,LM,LM,LM,LM,LM,LM,LM,LM,LM,UM,UM,UM,UM,UM,UM,UM,UM,UM,UM,UM,UM,UM,UM,UM,UM,UM,UM,,,,,,,,,,,,,,,,,,,,,,,,,,,,,,,,,,,,,,,,,,,,,,,,,,,,,,,,,,,,,,,,,,,,,,,,,,,,,,,,,,,,,,,,,,,,,,,,,,,,,,,,,,,,,,,,,,,,,,,,,,,,,,,,,,,,,,,,,,,,,,,,,,,,,,,,,,,,,,,,,,,,,,,,,,,,,,,,,,,,,,,,,,,,,,,,,,,,,,,,,,,,,,,,,,,,,,
CUW,Curaçao,..,..,..,..,..,..,..,..,..,..,..,..,..,..,..,..,..,..,..,..,..,..,..,H,H,H,H,H,H,H,H,H,H,H,H,H,H,H,,,,,,,,,,,,,,,,,,,,,,,,,,,,,,,,,,,,,,,,,,,,,,,,,,,,,,,,,,,,,,,,,,,,,,,,,,,,,,,,,,,,,,,,,,,,,,,,,,,,,,,,,,,,,,,,,,,,,,,,,,,,,,,,,,,,,,,,,,,,,,,,,,,,,,,,,,,,,,,,,,,,,,,,,,,,,,,,,,,,,,,,,,,,,,,,,,,,,,,,,,,,,,,,,,,,,,
CYP,Cyprus,UM,H,H,H,H,H,H,H,H,H,H,H,H,H,H,H,H,H,H,H,H,H,H,H,H,H,H,H,H,H,H,H,H,H,H,H,H,H,,,,,,,,,,,,,,,,,,,,,,,,,,,,,,,,,,,,,,,,,,,,,,,,,,,,,,,,,,,,,,,,,,,,,,,,,,,,,,,,,,,,,,,,,,,,,,,,,,,,,,,,,,,,,,,,,,,,,,,,,,,,,,,,,,,,,,,,,,,,,,,,,,,,,,,,,,,,,,,,,,,,,,,,,,,,,,,,,,,,,,,,,,,,,,,,,,,,,,,,,,,,,,,,,,,,,,
CZE,Czechia,..,..,..,..,..,LM,LM,UM,UM,UM,UM,UM,UM,UM,UM,UM,UM,UM,UM,H,H,H,H,H,H,H,H,H,H,H,H,H,H,H,H,H,H,H,,,,,,,,,,,,,,,,,,,,,,,,,,,,,,,,,,,,,,,,,,,,,,,,,,,,,,,,,,,,,,,,,,,,,,,,,,,,,,,,,,,,,,,,,,,,,,,,,,,,,,,,,,,,,,,,,,,,,,,,,,,,,,,,,,,,,,,,,,,,,,,,,,,,,,,,,,,,,,,,,,,,,,,,,,,,,,,,,,,,,,,,,,,,,,,,,,,,,,,,,,,,,,,,,,,,,,
DNK,Denmark,H,H,H,H,H,H,H,H,H,H,H,H,H,H,H,H,H,H,H,H,H,H,H,H,H,H,H,H,H,H,H,H,H,H,H,H,H,H,,,,,,,,,,,,,,,,,,,,,,,,,,,,,,,,,,,,,,,,,,,,,,,,,,,,,,,,,,,,,,,,,,,,,,,,,,,,,,,,,,,,,,,,,,,,,,,,,,,,,,,,,,,,,,,,,,,,,,,,,,,,,,,,,,,,,,,,,,,,,,,,,,,,,,,,,,,,,,,,,,,,,,,,,,,,,,,,,,,,,,,,,,,,,,,,,,,,,,,,,,,,,,,,,,,,,,
DJI,Djibouti,..,..,..,LM,LM,LM,LM,LM,LM,LM,LM,LM,LM,LM,LM,LM,LM,LM,LM,LM,LM,LM,LM,LM,LM,LM,LM,LM,LM,LM,LM,LM,LM,LM,LM,LM,LM,LM,,,,,,,,,,,,,,,,,,,,,,,,,,,,,,,,,,,,,,,,,,,,,,,,,,,,,,,,,,,,,,,,,,,,,,,,,,,,,,,,,,,,,,,,,,,,,,,,,,,,,,,,,,,,,,,,,,,,,,,,,,,,,,,,,,,,,,,,,,,,,,,,,,,,,,,,,,,,,,,,,,,,,,,,,,,,,,,,,,,,,,,,,,,,,,,,,,,,,,,,,,,,,,,,,,,,,,
DMA,Dominica,LM,LM,LM,LM,LM,LM,LM,LM,LM,LM,LM,LM,UM,UM,UM,UM,UM,UM,UM,UM,UM,UM,UM,UM,UM,UM,UM,UM,UM,UM,UM,UM,UM,UM,UM,UM,UM,UM,,,,,,,,,,,,,,,,,,,,,,,,,,,,,,,,,,,,,,,,,,,,,,,,,,,,,,,,,,,,,,,,,,,,,,,,,,,,,,,,,,,,,,,,,,,,,,,,,,,,,,,,,,,,,,,,,,,,,,,,,,,,,,,,,,,,,,,,,,,,,,,,,,,,,,,,,,,,,,,,,,,,,,,,,,,,,,,,,,,,,,,,,,,,,,,,,,,,,,,,,,,,,,,,,,,,,,
DOM,Dominican Republic,LM,LM,LM,LM,LM,LM,LM,LM,LM,LM,LM,LM,LM,LM,LM,LM,LM,LM,LM,LM,LM,UM,UM,UM,UM,UM,UM,UM,UM,UM,UM,UM,UM,UM,UM,UM,UM,UM,,,,,,,,,,,,,,,,,,,,,,,,,,,,,,,,,,,,,,,,,,,,,,,,,,,,,,,,,,,,,,,,,,,,,,,,,,,,,,,,,,,,,,,,,,,,,,,,,,,,,,,,,,,,,,,,,,,,,,,,,,,,,,,,,,,,,,,,,,,,,,,,,,,,,,,,,,,,,,,,,,,,,,,,,,,,,,,,,,,,,,,,,,,,,,,,,,,,,,,,,,,,,,,,,,,,,,
ECU,Ecuador,LM,LM,LM,LM,LM,LM,LM,LM,LM,LM,LM,LM,LM,LM,LM,LM,LM,LM,LM,LM,LM,LM,LM,UM,UM,UM,UM,UM,UM,UM,UM,UM,UM,UM,UM,UM,UM,UM,,,,,,,,,,,,,,,,,,,,,,,,,,,,,,,,,,,,,,,,,,,,,,,,,,,,,,,,,,,,,,,,,,,,,,,,,,,,,,,,,,,,,,,,,,,,,,,,,,,,,,,,,,,,,,,,,,,,,,,,,,,,,,,,,,,,,,,,,,,,,,,,,,,,,,,,,,,,,,,,,,,,,,,,,,,,,,,,,,,,,,,,,,,,,,,,,,,,,,,,,,,,,,,,,,,,,,
EGY,"Egypt, Arab Rep.",LM,LM,LM,L,L,L,L,L,LM,LM,LM,LM,LM,LM,LM,LM,LM,LM,LM,LM,LM,LM,LM,LM,LM,LM,LM,LM,LM,LM,LM,LM,LM,LM,LM,LM,LM,LM,,,,,,,,,,,,,,,,,,,,,,,,,,,,,,,,,,,,,,,,,,,,,,,,,,,,,,,,,,,,,,,,,,,,,,,,,,,,,,,,,,,,,,,,,,,,,,,,,,,,,,,,,,,,,,,,,,,,,,,,,,,,,,,,,,,,,,,,,,,,,,,,,,,,,,,,,,,,,,,,,,,,,,,,,,,,,,,,,,,,,,,,,,,,,,,,,,,,,,,,,,,,,,,,,,,,,,
SLV,El Salvador,LM,LM,LM,LM,LM,LM,LM,LM,LM,LM,LM,LM,LM,LM,LM,LM,LM,LM,LM,LM,LM,LM,LM,LM,LM,LM,LM,LM,LM,LM,LM,LM,LM,LM,LM,UM,UM,UM,,,,,,,,,,,,,,,,,,,,,,,,,,,,,,,,,,,,,,,,,,,,,,,,,,,,,,,,,,,,,,,,,,,,,,,,,,,,,,,,,,,,,,,,,,,,,,,,,,,,,,,,,,,,,,,,,,,,,,,,,,,,,,,,,,,,,,,,,,,,,,,,,,,,,,,,,,,,,,,,,,,,,,,,,,,,,,,,,,,,,,,,,,,,,,,,,,,,,,,,,,,,,,,,,,,,,,
GNQ,Equatorial Guinea,L,L,L,L,L,L,L,L,L,L,LM,LM,LM,LM,L,L,L,UM,UM,UM,H,H,H,H,H,H,H,H,UM,UM,UM,UM,UM,UM,UM,UM,UM,UM,,,,,,,,,,,,,,,,,,,,,,,,,,,,,,,,,,,,,,,,,,,,,,,,,,,,,,,,,,,,,,,,,,,,,,,,,,,,,,,,,,,,,,,,,,,,,,,,,,,,,,,,,,,,,,,,,,,,,,,,,,,,,,,,,,,,,,,,,,,,,,,,,,,,,,,,,,,,,,,,,,,,,,,,,,,,,,,,,,,,,,,,,,,,,,,,,,,,,,,,,,,,,,,,,,,,,,
ERI,Eritrea,..,..,..,..,..,L,L,L,L,L,L,L,L,L,L,L,L,L,L,L,L,L,L,L,L,L,L,L,L,L,L,L,L,L,L,L,L,L,,,,,,,,,,,,,,,,,,,,,,,,,,,,,,,,,,,,,,,,,,,,,,,,,,,,,,,,,,,,,,,,,,,,,,,,,,,,,,,,,,,,,,,,,,,,,,,,,,,,,,,,,,,,,,,,,,,,,,,,,,,,,,,,,,,,,,,,,,,,,,,,,,,,,,,,,,,,,,,,,,,,,,,,,,,,,,,,,,,,,,,,,,,,,,,,,,,,,,,,,,,,,,,,,,,,,,
EST,Estonia,..,..,..,..,UM,UM,UM,LM,LM,LM,UM,UM,UM,UM,UM,UM,UM,UM,UM,H,H,H,H,H,H,H,H,H,H,H,H,H,H,H,H,H,H,H,,,,,,,,,,,,,,,,,,,,,,,,,,,,,,,,,,,,,,,,,,,,,,,,,,,,,,,,,,,,,,,,,,,,,,,,,,,,,,,,,,,,,,,,,,,,,,,,,,,,,,,,,,,,,,,,,,,,,,,,,,,,,,,,,,,,,,,,,,,,,,,,,,,,,,,,,,,,,,,,,,,,,,,,,,,,,,,,,,,,,,,,,,,,,,,,,,,,,,,,,,,,,,,,,,,,,,
SWZ,Eswatini,LM,LM,LM,LM,LM,LM,LM,LM,LM,LM,LM,LM,LM,LM,LM,LM,LM,LM,LM,LM,LM,LM,LM,LM,LM,LM,LM,LM,LM,LM,LM,LM,LM,LM,LM,LM,LM,LM,,,,,,,,,,,,,,,,,,,,,,,,,,,,,,,,,,,,,,,,,,,,,,,,,,,,,,,,,,,,,,,,,,,,,,,,,,,,,,,,,,,,,,,,,,,,,,,,,,,,,,,,,,,,,,,,,,,,,,,,,,,,,,,,,,,,,,,,,,,,,,,,,,,,,,,,,,,,,,,,,,,,,,,,,,,,,,,,,,,,,,,,,,,,,,,,,,,,,,,,,,,,,,,,,,,,,,
ETH,Ethiopia,L,L,L,L,L,L,L,L,L,L,L,L,L,L,L,L,L,L,L,L,L,L,L,L,L,L,L,L,L,L,L,L,L,L,L,L,L,,,,,,,,,,,,,,,,,,,,,,,,,,,,,,,,,,,,,,,,,,,,,,,,,,,,,,,,,,,,,,,,,,,,,,,,,,,,,,,,,,,,,,,,,,,,,,,,,,,,,,,,,,,,,,,,,,,,,,,,,,,,,,,,,,,,,,,,,,,,,,,,,,,,,,,,,,,,,,,,,,,,,,,,,,,,,,,,,,,,,,,,,,,,,,,,,,,,,,,,,,,,,,,,,,,,,,,
FRO,Faeroe Islands,H,H,H,H,H,H,H,H,H,H,H,H,H,H,H,H,H,H,H,H,H,H,H,H,H,H,H,H,H,H,H,H,H,H,H,H,H,H,,,,,,,,,,,,,,,,,,,,,,,,,,,,,,,,,,,,,,,,,,,,,,,,,,,,,,,,,,,,,,,,,,,,,,,,,,,,,,,,,,,,,,,,,,,,,,,,,,,,,,,,,,,,,,,,,,,,,,,,,,,,,,,,,,,,,,,,,,,,,,,,,,,,,,,,,,,,,,,,,,,,,,,,,,,,,,,,,,,,,,,,,,,,,,,,,,,,,,,,,,,,,,,,,,,,,,
FJI,Fiji,LM,LM,LM,LM,LM,LM,LM,LM,LM,LM,LM,LM,LM,LM,LM,LM,LM,LM,LM,LM,UM,UM,UM,LM,LM,UM,UM,UM,UM,UM,UM,UM,UM,UM,UM,UM,UM,UM,,,,,,,,,,,,,,,,,,,,,,,,,,,,,,,,,,,,,,,,,,,,,,,,,,,,,,,,,,,,,,,,,,,,,,,,,,,,,,,,,,,,,,,,,,,,,,,,,,,,,,,,,,,,,,,,,,,,,,,,,,,,,,,,,,,,,,,,,,,,,,,,,,,,,,,,,,,,,,,,,,,,,,,,,,,,,,,,,,,,,,,,,,,,,,,,,,,,,,,,,,,,,,,,,,,,,,
FIN,Finland,H,H,H,H,H,H,H,H,H,H,H,H,H,H,H,H,H,H,H,H,H,H,H,H,H,H,H,H,H,H,H,H,H,H,H,H,H,H,,,,,,,,,,,,,,,,,,,,,,,,,,,,,,,,,,,,,,,,,,,,,,,,,,,,,,,,,,,,,,,,,,,,,,,,,,,,,,,,,,,,,,,,,,,,,,,,,,,,,,,,,,,,,,,,,,,,,,,,,,,,,,,,,,,,,,,,,,,,,,,,,,,,,,,,,,,,,,,,,,,,,,,,,,,,,,,,,,,,,,,,,,,,,,,,,,,,,,,,,,,,,,,,,,,,,,
FRA,France,H,H,H,H,H,H,H,H,H,H,H,H,H,H,H,H,H,H,H,H,H,H,H,H,H,H,H,H,H,H,H,H,H,H,H,H,H,H,,,,,,,,,,,,,,,,,,,,,,,,,,,,,,,,,,,,,,,,,,,,,,,,,,,,,,,,,,,,,,,,,,,,,,,,,,,,,,,,,,,,,,,,,,,,,,,,,,,,,,,,,,,,,,,,,,,,,,,,,,,,,,,,,,,,,,,,,,,,,,,,,,,,,,,,,,,,,,,,,,,,,,,,,,,,,,,,,,,,,,,,,,,,,,,,,,,,,,,,,,,,,,,,,,,,,,
PYF,French Polynesia,..,..,..,H,H,H,H,H,H,H,H,H,H,H,H,H,H,H,H,H,H,H,H,H,H,H,H,H,H,H,H,H,H,H,H,H,H,H,,,,,,,,,,,,,,,,,,,,,,,,,,,,,,,,,,,,,,,,,,,,,,,,,,,,,,,,,,,,,,,,,,,,,,,,,,,,,,,,,,,,,,,,,,,,,,,,,,,,,,,,,,,,,,,,,,,,,,,,,,,,,,,,,,,,,,,,,,,,,,,,,,,,,,,,,,,,,,,,,,,,,,,,,,,,,,,,,,,,,,,,,,,,,,,,,,,,,,,,,,,,,,,,,,,,,,
GAB,Gabon,UM,UM,UM,UM,UM,UM,UM,UM,UM,UM,UM,UM,UM,UM,UM,UM,UM,UM,UM,UM,UM,UM,UM,UM,UM,UM,UM,UM,UM,UM,UM,UM,UM,UM,UM,UM,UM,UM,,,,,,,,,,,,,,,,,,,,,,,,,,,,,,,,,,,,,,,,,,,,,,,,,,,,,,,,,,,,,,,,,,,,,,,,,,,,,,,,,,,,,,,,,,,,,,,,,,,,,,,,,,,,,,,,,,,,,,,,,,,,,,,,,,,,,,,,,,,,,,,,,,,,,,,,,,,,,,,,,,,,,,,,,,,,,,,,,,,,,,,,,,,,,,,,,,,,,,,,,,,,,,,,,,,,,,
GMB,"Gambia, The",L,L,L,L,L,L,L,L,L,L,L,L,L,L,L,L,L,L,L,L,L,L,L,L,L,L,L,L,L,L,L,L,L,L,L,L,L,L,,,,,,,,,,,,,,,,,,,,,,,,,,,,,,,,,,,,,,,,,,,,,,,,,,,,,,,,,,,,,,,,,,,,,,,,,,,,,,,,,,,,,,,,,,,,,,,,,,,,,,,,,,,,,,,,,,,,,,,,,,,,,,,,,,,,,,,,,,,,,,,,,,,,,,,,,,,,,,,,,,,,,,,,,,,,,,,,,,,,,,,,,,,,,,,,,,,,,,,,,,,,,,,,,,,,,,
GEO,Georgia,..,..,..,..,LM,LM,L,L,L,LM,LM,LM,L,L,L,L,LM,LM,LM,LM,LM,LM,LM,LM,LM,LM,LM,LM,UM,LM,LM,UM,UM,UM,UM,UM,UM,UM,,,,,,,,,,,,,,,,,,,,,,,,,,,,,,,,,,,,,,,,,,,,,,,,,,,,,,,,,,,,,,,,,,,,,,,,,,,,,,,,,,,,,,,,,,,,,,,,,,,,,,,,,,,,,,,,,,,,,,,,,,,,,,,,,,,,,,,,,,,,,,,,,,,,,,,,,,,,,,,,,,,,,,,,,,,,,,,,,,,,,,,,,,,,,,,,,,,,,,,,,,,,,,,,,,,,,,
DEU,Germany,H,H,H,H,H,H,H,H,H,H,H,H,H,H,H,H,H,H,H,H,H,H,H,H,H,H,H,H,H,H,H,H,H,H,H,H,H,H,,,,,,,,,,,,,,,,,,,,,,,,,,,,,,,,,,,,,,,,,,,,,,,,,,,,,,,,,,,,,,,,,,,,,,,,,,,,,,,,,,,,,,,,,,,,,,,,,,,,,,,,,,,,,,,,,,,,,,,,,,,,,,,,,,,,,,,,,,,,,,,,,,,,,,,,,,,,,,,,,,,,,,,,,,,,,,,,,,,,,,,,,,,,,,,,,,,,,,,,,,,,,,,,,,,,,,
GHA,Ghana,L,L,L,L,L,L,L,L,L,L,L,L,L,L,L,L,L,L,L,L,L,L,L,LM,LM,LM,LM,LM,LM,LM,LM,LM,LM,LM,LM,LM,LM,LM,,,,,,,,,,,,,,,,,,,,,,,,,,,,,,,,,,,,,,,,,,,,,,,,,,,,,,,,,,,,,,,,,,,,,,,,,,,,,,,,,,,,,,,,,,,,,,,,,,,,,,,,,,,,,,,,,,,,,,,,,,,,,,,,,,,,,,,,,,,,,,,,,,,,,,,,,,,,,,,,,,,,,,,,,,,,,,,,,,,,,,,,,,,,,,,,,,,,,,,,,,,,,,,,,,,,,,
GIB,Gibraltar,UM,UM,UM,UM,UM,UM,UM,..,..,..,..,..,..,..,..,..,..,..,..,..,..,..,H,H,..,..,..,..,H,H,H,H,H,H,H,H,H,H,,,,,,,,,,,,,,,,,,,,,,,,,,,,,,,,,,,,,,,,,,,,,,,,,,,,,,,,,,,,,,,,,,,,,,,,,,,,,,,,,,,,,,,,,,,,,,,,,,,,,,,,,,,,,,,,,,,,,,,,,,,,,,,,,,,,,,,,,,,,,,,,,,,,,,,,,,,,,,,,,,,,,,,,,,,,,,,,,,,,,,,,,,,,,,,,,,,,,,,,,,,,,,,,,,,,,,
GRC,Greece,UM,UM,UM,UM,UM,UM,UM,UM,UM,H,H,H,H,H,H,H,H,H,H,H,H,H,H,H,H,H,H,H,H,H,H,H,H,H,H,H,H,H,,,,,,,,,,,,,,,,,,,,,,,,,,,,,,,,,,,,,,,,,,,,,,,,,,,,,,,,,,,,,,,,,,,,,,,,,,,,,,,,,,,,,,,,,,,,,,,,,,,,,,,,,,,,,,,,,,,,,,,,,,,,,,,,,,,,,,,,,,,,,,,,,,,,,,,,,,,,,,,,,,,,,,,,,,,,,,,,,,,,,,,,,,,,,,,,,,,,,,,,,,,,,,,,,,,,,,
GRL,Greenland,H,H,H,H,H,H,H,H,H,H,H,H,H,H,H,H,H,H,H,H,H,H,H,H,H,H,H,H,H,H,H,H,H,H,H,H,H,H,,,,,,,,,,,,,,,,,,,,,,,,,,,,,,,,,,,,,,,,,,,,,,,,,,,,,,,,,,,,,,,,,,,,,,,,,,,,,,,,,,,,,,,,,,,,,,,,,,,,,,,,,,,,,,,,,,,,,,,,,,,,,,,,,,,,,,,,,,,,,,,,,,,,,,,,,,,,,,,,,,,,,,,,,,,,,,,,,,,,,,,,,,,,,,,,,,,,,,,,,,,,,,,,,,,,,,
GRD,Grenada,LM,LM,LM,LM,LM,LM,LM,LM,LM,LM,UM,UM,UM,UM,UM,UM,UM,UM,UM,UM,UM,UM,UM,UM,UM,UM,UM,UM,UM,UM,UM,UM,UM,UM,UM,UM,UM,UM,,,,,,,,,,,,,,,,,,,,,,,,,,,,,,,,,,,,,,,,,,,,,,,,,,,,,,,,,,,,,,,,,,,,,,,,,,,,,,,,,,,,,,,,,,,,,,,,,,,,,,,,,,,,,,,,,,,,,,,,,,,,,,,,,,,,,,,,,,,,,,,,,,,,,,,,,,,,,,,,,,,,,,,,,,,,,,,,,,,,,,,,,,,,,,,,,,,,,,,,,,,,,,,,,,,,,,
GUM,Guam,H,H,H,UM,UM,UM,UM,UM,H,H,H,H,H,H,H,H,H,H,H,H,H,H,H,H,H,H,H,H,H,H,H,H,H,H,H,H,H,H,,,,,,,,,,,,,,,,,,,,,,,,,,,,,,,,,,,,,,,,,,,,,,,,,,,,,,,,,,,,,,,,,,,,,,,,,,,,,,,,,,,,,,,,,,,,,,,,,,,,,,,,,,,,,,,,,,,,,,,,,,,,,,,,,,,,,,,,,,,,,,,,,,,,,,,,,,,,,,,,,,,,,,,,,,,,,,,,,,,,,,,,,,,,,,,,,,,,,,,,,,,,,,,,,,,,,,
GTM,Guatemala,LM,LM,LM,LM,LM,LM,LM,LM,LM,LM,LM,LM,LM,LM,LM,LM,LM,LM,LM,LM,LM,LM,LM,LM,LM,LM,LM,LM,LM,LM,UM,UM,UM,UM,UM,UM,UM,UM,,,,,,,,,,,,,,,,,,,,,,,,,,,,,,,,,,,,,,,,,,,,,,,,,,,,,,,,,,,,,,,,,,,,,,,,,,,,,,,,,,,,,,,,,,,,,,,,,,,,,,,,,,,,,,,,,,,,,,,,,,,,,,,,,,,,,,,,,,,,,,,,,,,,,,,,,,,,,,,,,,,,,,,,,,,,,,,,,,,,,,,,,,,,,,,,,,,,,,,,,,,,,,,,,,,,,,
GIN,Guinea,L,L,L,L,L,L,L,L,L,L,L,L,L,L,L,L,L,L,L,L,L,L,L,L,L,L,L,L,L,L,L,L,L,L,L,LM,LM,LM,,,,,,,,,,,,,,,,,,,,,,,,,,,,,,,,,,,,,,,,,,,,,,,,,,,,,,,,,,,,,,,,,,,,,,,,,,,,,,,,,,,,,,,,,,,,,,,,,,,,,,,,,,,,,,,,,,,,,,,,,,,,,,,,,,,,,,,,,,,,,,,,,,,,,,,,,,,,,,,,,,,,,,,,,,,,,,,,,,,,,,,,,,,,,,,,,,,,,,,,,,,,,,,,,,,,,,
GNB,Guinea-Bissau,L,L,L,L,L,L,L,L,L,L,L,L,L,L,L,L,L,L,L,L,L,L,L,L,L,L,L,L,L,L,L,L,L,L,L,L,L,L,,,,,,,,,,,,,,,,,,,,,,,,,,,,,,,,,,,,,,,,,,,,,,,,,,,,,,,,,,,,,,,,,,,,,,,,,,,,,,,,,,,,,,,,,,,,,,,,,,,,,,,,,,,,,,,,,,,,,,,,,,,,,,,,,,,,,,,,,,,,,,,,,,,,,,,,,,,,,,,,,,,,,,,,,,,,,,,,,,,,,,,,,,,,,,,,,,,,,,,,,,,,,,,,,,,,,,
GUY,Guyana,L,L,L,L,L,L,L,L,L,L,LM,LM,LM,LM,LM,LM,LM,LM,LM,LM,LM,LM,LM,LM,LM,LM,LM,LM,UM,UM,UM,UM,UM,UM,UM,H,H,H,,,,,,,,,,,,,,,,,,,,,,,,,,,,,,,,,,,,,,,,,,,,,,,,,,,,,,,,,,,,,,,,,,,,,,,,,,,,,,,,,,,,,,,,,,,,,,,,,,,,,,,,,,,,,,,,,,,,,,,,,,,,,,,,,,,,,,,,,,,,,,,,,,,,,,,,,,,,,,,,,,,,,,,,,,,,,,,,,,,,,,,,,,,,,,,,,,,,,,,,,,,,,,,,,,,,,,
HTI,Haiti,L,L,L,L,L,L,L,L,L,L,L,L,L,L,L,L,L,L,L,L,L,L,L,L,L,L,L,L,L,L,L,L,L,LM,LM,LM,LM,LM,,,,,,,,,,,,,,,,,,,,,,,,,,,,,,,,,,,,,,,,,,,,,,,,,,,,,,,,,,,,,,,,,,,,,,,,,,,,,,,,,,,,,,,,,,,,,,,,,,,,,,,,,,,,,,,,,,,,,,,,,,,,,,,,,,,,,,,,,,,,,,,,,,,,,,,,,,,,,,,,,,,,,,,,,,,,,,,,,,,,,,,,,,,,,,,,,,,,,,,,,,,,,,,,,,,,,,
HND,Honduras,LM,LM,LM,L,L,L,L,L,L,L,L,L,LM,LM,LM,LM,LM,LM,LM,LM,LM,LM,LM,LM,LM,LM,LM,LM,LM,LM,LM,LM,LM,LM,LM,LM,LM,LM,,,,,,,,,,,,,,,,,,,,,,,,,,,,,,,,,,,,,,,,,,,,,,,,,,,,,,,,,,,,,,,,,,,,,,,,,,,,,,,,,,,,,,,,,,,,,,,,,,,,,,,,,,,,,,,,,,,,,,,,,,,,,,,,,,,,,,,,,,,,,,,,,,,,,,,,,,,,,,,,,,,,,,,,,,,,,,,,,,,,,,,,,,,,,,,,,,,,,,,,,,,,,,,,,,,,,,
HKG,"Hong Kong SAR, China",H,H,H,H,H,H,H,H,H,H,H,H,H,H,H,H,H,H,H,H,H,H,H,H,H,H,H,H,H,H,H,H,H,H,H,H,H,H,,,,,,,,,,,,,,,,,,,,,,,,,,,,,,,,,,,,,,,,,,,,,,,,,,,,,,,,,,,,,,,,,,,,,,,,,,,,,,,,,,,,,,,,,,,,,,,,,,,,,,,,,,,,,,,,,,,,,,,,,,,,,,,,,,,,,,,,,,,,,,,,,,,,,,,,,,,,,,,,,,,,,,,,,,,,,,,,,,,,,,,,,,,,,,,,,,,,,,,,,,,,,,,,,,,,,,
HUN,Hungary,UM,UM,UM,UM,UM,UM,UM,UM,UM,UM,UM,UM,UM,UM,UM,UM,UM,UM,UM,UM,H,H,H,H,H,UM,UM,H,H,H,H,H,H,H,H,H,H,H,,,,,,,,,,,,,,,,,,,,,,,,,,,,,,,,,,,,,,,,,,,,,,,,,,,,,,,,,,,,,,,,,,,,,,,,,,,,,,,,,,,,,,,,,,,,,,,,,,,,,,,,,,,,,,,,,,,,,,,,,,,,,,,,,,,,,,,,,,,,,,,,,,,,,,,,,,,,,,,,,,,,,,,,,,,,,,,,,,,,,,,,,,,,,,,,,,,,,,,,,,,,,,,,,,,,,,
ISL,Iceland,H,H,H,H,H,H,H,H,H,H,H,H,H,H,H,H,H,H,H,H,H,H,H,H,H,H,H,H,H,H,H,H,H,H,H,H,H,H,,,,,,,,,,,,,,,,,,,,,,,,,,,,,,,,,,,,,,,,,,,,,,,,,,,,,,,,,,,,,,,,,,,,,,,,,,,,,,,,,,,,,,,,,,,,,,,,,,,,,,,,,,,,,,,,,,,,,,,,,,,,,,,,,,,,,,,,,,,,,,,,,,,,,,,,,,,,,,,,,,,,,,,,,,,,,,,,,,,,,,,,,,,,,,,,,,,,,,,,,,,,,,,,,,,,,,
IND,India,L,L,L,L,L,L,L,L,L,L,L,L,L,L,L,L,L,L,L,L,LM,LM,LM,LM,LM,LM,LM,LM,LM,LM,LM,LM,LM,LM,LM,LM,LM,LM,,,,,,,,,,,,,,,,,,,,,,,,,,,,,,,,,,,,,,,,,,,,,,,,,,,,,,,,,,,,,,,,,,,,,,,,,,,,,,,,,,,,,,,,,,,,,,,,,,,,,,,,,,,,,,,,,,,,,,,,,,,,,,,,,,,,,,,,,,,,,,,,,,,,,,,,,,,,,,,,,,,,,,,,,,,,,,,,,,,,,,,,,,,,,,,,,,,,,,,,,,,,,,,,,,,,,,
IDN,Indonesia,L,L,L,L,L,L,LM,LM,LM,LM,LM,L,L,L,L,L,LM,LM,LM,LM,LM,LM,LM,LM,LM,LM,LM,LM,LM,LM,LM,LM,UM,LM,LM,UM,UM,UM,,,,,,,,,,,,,,,,,,,,,,,,,,,,,,,,,,,,,,,,,,,,,,,,,,,,,,,,,,,,,,,,,,,,,,,,,,,,,,,,,,,,,,,,,,,,,,,,,,,,,,,,,,,,,,,,,,,,,,,,,,,,,,,,,,,,,,,,,,,,,,,,,,,,,,,,,,,,,,,,,,,,,,,,,,,,,,,,,,,,,,,,,,,,,,,,,,,,,,,,,,,,,,,,,,,,,,
IRN,"Iran, Islamic Rep.",UM,UM,UM,LM,LM,LM,LM,LM,LM,LM,LM,LM,LM,LM,LM,LM,LM,LM,LM,LM,LM,LM,UM,UM,UM,UM,UM,UM,UM,UM,UM,UM,UM,LM,LM,LM,UM,UM,,,,,,,,,,,,,,,,,,,,,,,,,,,,,,,,,,,,,,,,,,,,,,,,,,,,,,,,,,,,,,,,,,,,,,,,,,,,,,,,,,,,,,,,,,,,,,,,,,,,,,,,,,,,,,,,,,,,,,,,,,,,,,,,,,,,,,,,,,,,,,,,,,,,,,,,,,,,,,,,,,,,,,,,,,,,,,,,,,,,,,,,,,,,,,,,,,,,,,,,,,,,,,,,,,,,,,
IRQ,Iraq,UM,UM,UM,UM,LM,LM,LM,LM,LM,LM,LM,LM,LM,LM,LM,LM,LM,LM,LM,LM,LM,LM,LM,LM,LM,UM,UM,UM,UM,UM,UM,UM,UM,UM,UM,UM,UM,UM,,,,,,,,,,,,,,,,,,,,,,,,,,,,,,,,,,,,,,,,,,,,,,,,,,,,,,,,,,,,,,,,,,,,,,,,,,,,,,,,,,,,,,,,,,,,,,,,,,,,,,,,,,,,,,,,,,,,,,,,,,,,,,,,,,,,,,,,,,,,,,,,,,,,,,,,,,,,,,,,,,,,,,,,,,,,,,,,,,,,,,,,,,,,,,,,,,,,,,,,,,,,,,,,,,,,,,
IRL,Ireland,H,H,H,H,H,H,H,H,H,H,H,H,H,H,H,H,H,H,H,H,H,H,H,H,H,H,H,H,H,H,H,H,H,H,H,H,H,H,,,,,,,,,,,,,,,,,,,,,,,,,,,,,,,,,,,,,,,,,,,,,,,,,,,,,,,,,,,,,,,,,,,,,,,,,,,,,,,,,,,,,,,,,,,,,,,,,,,,,,,,,,,,,,,,,,,,,,,,,,,,,,,,,,,,,,,,,,,,,,,,,,,,,,,,,,,,,,,,,,,,,,,,,,,,,,,,,,,,,,,,,,,,,,,,,,,,,,,,,,,,,,,,,,,,,,
IMN,Isle of Man,H,H,H,UM,UM,UM,UM,UM,UM,UM,UM,UM,UM,UM,UM,H,H,H,H,H,H,H,H,H,H,H,H,H,H,H,H,H,H,H,H,H,H,H,,,,,,,,,,,,,,,,,,,,,,,,,,,,,,,,,,,,,,,,,,,,,,,,,,,,,,,,,,,,,,,,,,,,,,,,,,,,,,,,,,,,,,,,,,,,,,,,,,,,,,,,,,,,,,,,,,,,,,,,,,,,,,,,,,,,,,,,,,,,,,,,,,,,,,,,,,,,,,,,,,,,,,,,,,,,,,,,,,,,,,,,,,,,,,,,,,,,,,,,,,,,,,,,,,,,,,
ISR,Israel,H,H,H,H,H,H,H,H,H,H,H,H,H,H,H,H,H,H,H,H,H,H,H,H,H,H,H,H,H,H,H,H,H,H,H,H,H,H,,,,,,,,,,,,,,,,,,,,,,,,,,,,,,,,,,,,,,,,,,,,,,,,,,,,,,,,,,,,,,,,,,,,,,,,,,,,,,,,,,,,,,,,,,,,,,,,,,,,,,,,,,,,,,,,,,,,,,,,,,,,,,,,,,,,,,,,,,,,,,,,,,,,,,,,,,,,,,,,,,,,,,,,,,,,,,,,,,,,,,,,,,,,,,,,,,,,,,,,,,,,,,,,,,,,,,
ITA,Italy,H,H,H,H,H,H,H,H,H,H,H,H,H,H,H,H,H,H,H,H,H,H,H,H,H,H,H,H,H,H,H,H,H,H,H,H,H,H,,,,,,,,,,,,,,,,,,,,,,,,,,,,,,,,,,,,,,,,,,,,,,,,,,,,,,,,,,,,,,,,,,,,,,,,,,,,,,,,,,,,,,,,,,,,,,,,,,,,,,,,,,,,,,,,,,,,,,,,,,,,,,,,,,,,,,,,,,,,,,,,,,,,,,,,,,,,,,,,,,,,,,,,,,,,,,,,,,,,,,,,,,,,,,,,,,,,,,,,,,,,,,,,,,,,,,
JAM,Jamaica,LM,LM,LM,LM,LM,LM,LM,LM,LM,LM,LM,LM,LM,LM,LM,LM,LM,LM,LM,LM,UM,UM,UM,UM,UM,UM,UM,UM,UM,UM,UM,UM,UM,UM,UM,UM,UM,UM,,,,,,,,,,,,,,,,,,,,,,,,,,,,,,,,,,,,,,,,,,,,,,,,,,,,,,,,,,,,,,,,,,,,,,,,,,,,,,,,,,,,,,,,,,,,,,,,,,,,,,,,,,,,,,,,,,,,,,,,,,,,,,,,,,,,,,,,,,,,,,,,,,,,,,,,,,,,,,,,,,,,,,,,,,,,,,,,,,,,,,,,,,,,,,,,,,,,,,,,,,,,,,,,,,,,,,
JPN,Japan,H,H,H,H,H,H,H,H,H,H,H,H,H,H,H,H,H,H,H,H,H,H,H,H,H,H,H,H,H,H,H,H,H,H,H,H,H,H,,,,,,,,,,,,,,,,,,,,,,,,,,,,,,,,,,,,,,,,,,,,,,,,,,,,,,,,,,,,,,,,,,,,,,,,,,,,,,,,,,,,,,,,,,,,,,,,,,,,,,,,,,,,,,,,,,,,,,,,,,,,,,,,,,,,,,,,,,,,,,,,,,,,,,,,,,,,,,,,,,,,,,,,,,,,,,,,,,,,,,,,,,,,,,,,,,,,,,,,,,,,,,,,,,,,,,
JOR,Jordan,LM,LM,LM,LM,LM,LM,LM,LM,LM,LM,LM,LM,LM,LM,LM,LM,LM,LM,LM,LM,LM,LM,LM,UM,UM,UM,UM,UM,UM,LM,UM,UM,UM,UM,UM,LM,LM,LM,,,,,,,,,,,,,,,,,,,,,,,,,,,,,,,,,,,,,,,,,,,,,,,,,,,,,,,,,,,,,,,,,,,,,,,,,,,,,,,,,,,,,,,,,,,,,,,,,,,,,,,,,,,,,,,,,,,,,,,,,,,,,,,,,,,,,,,,,,,,,,,,,,,,,,,,,,,,,,,,,,,,,,,,,,,,,,,,,,,,,,,,,,,,,,,,,,,,,,,,,,,,,,,,,,,,,,
KAZ,Kazakhstan,..,..,..,..,LM,LM,LM,LM,LM,LM,LM,LM,LM,LM,LM,LM,LM,LM,LM,UM,UM,UM,UM,UM,UM,UM,UM,UM,UM,UM,UM,UM,UM,UM,UM,UM,UM,UM,,,,,,,,,,,,,,,,,,,,,,,,,,,,,,,,,,,,,,,,,,,,,,,,,,,,,,,,,,,,,,,,,,,,,,,,,,,,,,,,,,,,,,,,,,,,,,,,,,,,,,,,,,,,,,,,,,,,,,,,,,,,,,,,,,,,,,,,,,,,,,,,,,,,,,,,,,,,,,,,,,,,,,,,,,,,,,,,,,,,,,,,,,,,,,,,,,,,,,,,,,,,,,,,,,,,,,
KEN,Kenya,L,L,L,L,L,L,L,L,L,L,L,L,L,L,L,L,L,L,L,L,L,L,L,L,L,L,L,LM,LM,LM,LM,LM,LM,LM,LM,LM,LM,LM,,,,,,,,,,,,,,,,,,,,,,,,,,,,,,,,,,,,,,,,,,,,,,,,,,,,,,,,,,,,,,,,,,,,,,,,,,,,,,,,,,,,,,,,,,,,,,,,,,,,,,,,,,,,,,,,,,,,,,,,,,,,,,,,,,,,,,,,,,,,,,,,,,,,,,,,,,,,,,,,,,,,,,,,,,,,,,,,,,,,,,,,,,,,,,,,,,,,,,,,,,,,,,,,,,,,,,
KIR,Kiribati,LM,LM,LM,LM,LM,LM,LM,LM,LM,LM,LM,LM,LM,LM,LM,LM,LM,LM,LM,LM,LM,LM,LM,LM,LM,LM,LM,LM,LM,LM,LM,LM,LM,LM,LM,LM,LM,LM,,,,,,,,,,,,,,,,,,,,,,,,,,,,,,,,,,,,,,,,,,,,,,,,,,,,,,,,,,,,,,,,,,,,,,,,,,,,,,,,,,,,,,,,,,,,,,,,,,,,,,,,,,,,,,,,,,,,,,,,,,,,,,,,,,,,,,,,,,,,,,,,,,,,,,,,,,,,,,,,,,,,,,,,,,,,,,,,,,,,,,,,,,,,,,,,,,,,,,,,,,,,,,,,,,,,,,
PRK,"Korea, Dem. Rep.",..,..,..,LM,LM,LM,LM,LM,LM,LM,LM,L,L,L,L,L,L,L,L,L,L,L,L,L,L,L,L,L,L,L,L,L,L,L,L,L,L,L,,,,,,,,,,,,,,,,,,,,,,,,,,,,,,,,,,,,,,,,,,,,,,,,,,,,,,,,,,,,,,,,,,,,,,,,,,,,,,,,,,,,,,,,,,,,,,,,,,,,,,,,,,,,,,,,,,,,,,,,,,,,,,,,,,,,,,,,,,,,,,,,,,,,,,,,,,,,,,,,,,,,,,,,,,,,,,,,,,,,,,,,,,,,,,,,,,,,,,,,,,,,,,,,,,,,,,
KOR,"Korea, Rep.",UM,UM,UM,UM,UM,UM,UM,UM,H,H,H,UM,UM,UM,H,H,H,H,H,H,H,H,H,H,H,H,H,H,H,H,H,H,H,H,H,H,H,H,,,,,,,,,,,,,,,,,,,,,,,,,,,,,,,,,,,,,,,,,,,,,,,,,,,,,,,,,,,,,,,,,,,,,,,,,,,,,,,,,,,,,,,,,,,,,,,,,,,,,,,,,,,,,,,,,,,,,,,,,,,,,,,,,,,,,,,,,,,,,,,,,,,,,,,,,,,,,,,,,,,,,,,,,,,,,,,,,,,,,,,,,,,,,,,,,,,,,,,,,,,,,,,,,,,,,,
XKX,Kosovo,..,..,..,..,..,..,..,..,..,..,..,..,..,..,..,..,..,..,..,..,..,LM,LM,LM,LM,LM,LM,LM,LM,LM,LM,UM,UM,UM,UM,UM,UM,UM,,,,,,,,,,,,,,,,,,,,,,,,,,,,,,,,,,,,,,,,,,,,,,,,,,,,,,,,,,,,,,,,,,,,,,,,,,,,,,,,,,,,,,,,,,,,,,,,,,,,,,,,,,,,,,,,,,,,,,,,,,,,,,,,,,,,,,,,,,,,,,,,,,,,,,,,,,,,,,,,,,,,,,,,,,,,,,,,,,,,,,,,,,,,,,,,,,,,,,,,,,,,,,,,,,,,,,
KWT,Kuwait,H,H,H,H,H,H,H,H,H,H,H,H,H,H,H,H,H,H,H,H,H,H,H,H,H,H,H,H,H,H,H,H,H,H,H,H,H,H,,,,,,,,,,,,,,,,,,,,,,,,,,,,,,,,,,,,,,,,,,,,,,,,,,,,,,,,,,,,,,,,,,,,,,,,,,,,,,,,,,,,,,,,,,,,,,,,,,,,,,,,,,,,,,,,,,,,,,,,,,,,,,,,,,,,,,,,,,,,,,,,,,,,,,,,,,,,,,,,,,,,,,,,,,,,,,,,,,,,,,,,,,,,,,,,,,,,,,,,,,,,,,,,,,,,,,
KGZ,Kyrgyz Republic,..,..,..,..,LM,LM,LM,L,L,L,L,L,L,L,L,L,L,L,L,L,L,L,L,L,L,L,LM,LM,LM,LM,LM,LM,LM,LM,LM,LM,LM,LM,,,,,,,,,,,,,,,,,,,,,,,,,,,,,,,,,,,,,,,,,,,,,,,,,,,,,,,,,,,,,,,,,,,,,,,,,,,,,,,,,,,,,,,,,,,,,,,,,,,,,,,,,,,,,,,,,,,,,,,,,,,,,,,,,,,,,,,,,,,,,,,,,,,,,,,,,,,,,,,,,,,,,,,,,,,,,,,,,,,,,,,,,,,,,,,,,,,,,,,,,,,,,,,,,,,,,,
LAO,Lao PDR,L,L,L,L,L,L,L,L,L,L,L,L,L,L,L,L,L,L,L,L,L,L,L,LM,LM,LM,LM,LM,LM,LM,LM,LM,LM,LM,LM,LM,LM,LM,,,,,,,,,,,,,,,,,,,,,,,,,,,,,,,,,,,,,,,,,,,,,,,,,,,,,,,,,,,,,,,,,,,,,,,,,,,,,,,,,,,,,,,,,,,,,,,,,,,,,,,,,,,,,,,,,,,,,,,,,,,,,,,,,,,,,,,,,,,,,,,,,,,,,,,,,,,,,,,,,,,,,,,,,,,,,,,,,,,,,,,,,,,,,,,,,,,,,,,,,,,,,,,,,,,,,,
LVA,Latvia,..,..,..,..,UM,LM,LM,LM,LM,LM,LM,LM,LM,LM,UM,UM,UM,UM,UM,UM,UM,UM,H,UM,UM,H,H,H,H,H,H,H,H,H,H,H,H,H,,,,,,,,,,,,,,,,,,,,,,,,,,,,,,,,,,,,,,,,,,,,,,,,,,,,,,,,,,,,,,,,,,,,,,,,,,,,,,,,,,,,,,,,,,,,,,,,,,,,,,,,,,,,,,,,,,,,,,,,,,,,,,,,,,,,,,,,,,,,,,,,,,,,,,,,,,,,,,,,,,,,,,,,,,,,,,,,,,,,,,,,,,,,,,,,,,,,,,,,,,,,,,,,,,,,,,
LBN,Lebanon,LM,LM,LM,LM,LM,LM,LM,LM,LM,LM,UM,UM,UM,UM,UM,UM,UM,UM,UM,UM,UM,UM,UM,UM,UM,UM,UM,UM,UM,UM,UM,UM,UM,UM,LM,LM,LM,LM,,,,,,,,,,,,,,,,,,,,,,,,,,,,,,,,,,,,,,,,,,,,,,,,,,,,,,,,,,,,,,,,,,,,,,,,,,,,,,,,,,,,,,,,,,,,,,,,,,,,,,,,,,,,,,,,,,,,,,,,,,,,,,,,,,,,,,,,,,,,,,,,,,,,,,,,,,,,,,,,,,,,,,,,,,,,,,,,,,,,,,,,,,,,,,,,,,,,,,,,,,,,,,,,,,,,,,
LSO,Lesotho,L,L,L,L,L,L,L,L,LM,L,L,L,L,L,L,L,L,L,LM,LM,LM,LM,LM,LM,LM,LM,LM,LM,LM,LM,LM,LM,LM,LM,LM,LM,LM,LM,,,,,,,,,,,,,,,,,,,,,,,,,,,,,,,,,,,,,,,,,,,,,,,,,,,,,,,,,,,,,,,,,,,,,,,,,,,,,,,,,,,,,,,,,,,,,,,,,,,,,,,,,,,,,,,,,,,,,,,,,,,,,,,,,,,,,,,,,,,,,,,,,,,,,,,,,,,,,,,,,,,,,,,,,,,,,,,,,,,,,,,,,,,,,,,,,,,,,,,,,,,,,,,,,,,,,,
LBR,Liberia,L,L,L,L,L,L,L,L,L,L,L,L,L,L,L,L,L,L,L,L,L,L,L,L,L,L,L,L,L,L,L,L,L,L,L,L,L,L,,,,,,,,,,,,,,,,,,,,,,,,,,,,,,,,,,,,,,,,,,,,,,,,,,,,,,,,,,,,,,,,,,,,,,,,,,,,,,,,,,,,,,,,,,,,,,,,,,,,,,,,,,,,,,,,,,,,,,,,,,,,,,,,,,,,,,,,,,,,,,,,,,,,,,,,,,,,,,,,,,,,,,,,,,,,,,,,,,,,,,,,,,,,,,,,,,,,,,,,,,,,,,,,,,,,,,
LBY,Libya,UM,UM,UM,UM,UM,UM,UM,UM,UM,UM,UM,UM,UM,UM,UM,UM,UM,UM,UM,UM,UM,UM,UM,UM,UM,UM,UM,UM,UM,UM,UM,UM,UM,UM,UM,UM,UM,UM,,,,,,,,,,,,,,,,,,,,,,,,,,,,,,,,,,,,,,,,,,,,,,,,,,,,,,,,,,,,,,,,,,,,,,,,,,,,,,,,,,,,,,,,,,,,,,,,,,,,,,,,,,,,,,,,,,,,,,,,,,,,,,,,,,,,,,,,,,,,,,,,,,,,,,,,,,,,,,,,,,,,,,,,,,,,,,,,,,,,,,,,,,,,,,,,,,,,,,,,,,,,,,,,,,,,,,
LIE,Liechtenstein,..,..,..,..,..,..,..,H,H,H,H,H,H,H,H,H,H,H,H,H,H,H,H,H,H,H,H,H,H,H,H,H,H,H,H,H,H,H,,,,,,,,,,,,,,,,,,,,,,,,,,,,,,,,,,,,,,,,,,,,,,,,,,,,,,,,,,,,,,,,,,,,,,,,,,,,,,,,,,,,,,,,,,,,,,,,,,,,,,,,,,,,,,,,,,,,,,,,,,,,,,,,,,,,,,,,,,,,,,,,,,,,,,,,,,,,,,,,,,,,,,,,,,,,,,,,,,,,,,,,,,,,,,,,,,,,,,,,,,,,,,,,,,,,,,
LTU,Lithuania,..,..,..,..,UM,LM,LM,LM,LM,LM,LM,LM,LM,LM,UM,UM,UM,UM,UM,UM,UM,UM,UM,UM,UM,H,H,H,H,H,H,H,H,H,H,H,H,H,,,,,,,,,,,,,,,,,,,,,,,,,,,,,,,,,,,,,,,,,,,,,,,,,,,,,,,,,,,,,,,,,,,,,,,,,,,,,,,,,,,,,,,,,,,,,,,,,,,,,,,,,,,,,,,,,,,,,,,,,,,,,,,,,,,,,,,,,,,,,,,,,,,,,,,,,,,,,,,,,,,,,,,,,,,,,,,,,,,,,,,,,,,,,,,,,,,,,,,,,,,,,,,,,,,,,,
LUX,Luxembourg,H,H,H,H,H,H,H,H,H,H,H,H,H,H,H,H,H,H,H,H,H,H,H,H,H,H,H,H,H,H,H,H,H,H,H,H,H,H,,,,,,,,,,,,,,,,,,,,,,,,,,,,,,,,,,,,,,,,,,,,,,,,,,,,,,,,,,,,,,,,,,,,,,,,,,,,,,,,,,,,,,,,,,,,,,,,,,,,,,,,,,,,,,,,,,,,,,,,,,,,,,,,,,,,,,,,,,,,,,,,,,,,,,,,,,,,,,,,,,,,,,,,,,,,,,,,,,,,,,,,,,,,,,,,,,,,,,,,,,,,,,,,,,,,,,
MAC,"Macao SAR, China",UM,UM,UM,UM,UM,UM,UM,H,H,H,H,H,H,H,H,H,H,H,H,H,H,H,H,H,H,H,H,H,H,H,H,H,H,H,H,H,H,H,,,,,,,,,,,,,,,,,,,,,,,,,,,,,,,,,,,,,,,,,,,,,,,,,,,,,,,,,,,,,,,,,,,,,,,,,,,,,,,,,,,,,,,,,,,,,,,,,,,,,,,,,,,,,,,,,,,,,,,,,,,,,,,,,,,,,,,,,,,,,,,,,,,,,,,,,,,,,,,,,,,,,,,,,,,,,,,,,,,,,,,,,,,,,,,,,,,,,,,,,,,,,,,,,,,,,,
MDG,Madagascar,L,L,L,L,L,L,L,L,L,L,L,L,L,L,L,L,L,L,L,L,L,L,L,L,L,L,L,L,L,L,L,L,L,L,L,L,L,L,,,,,,,,,,,,,,,,,,,,,,,,,,,,,,,,,,,,,,,,,,,,,,,,,,,,,,,,,,,,,,,,,,,,,,,,,,,,,,,,,,,,,,,,,,,,,,,,,,,,,,,,,,,,,,,,,,,,,,,,,,,,,,,,,,,,,,,,,,,,,,,,,,,,,,,,,,,,,,,,,,,,,,,,,,,,,,,,,,,,,,,,,,,,,,,,,,,,,,,,,,,,,,,,,,,,,,
MWI,Malawi,L,L,L,L,L,L,L,L,L,L,L,L,L,L,L,L,L,L,L,L,L,L,L,L,L,L,L,L,L,L,L,L,L,L,L,L,L,L,,,,,,,,,,,,,,,,,,,,,,,,,,,,,,,,,,,,,,,,,,,,,,,,,,,,,,,,,,,,,,,,,,,,,,,,,,,,,,,,,,,,,,,,,,,,,,,,,,,,,,,,,,,,,,,,,,,,,,,,,,,,,,,,,,,,,,,,,,,,,,,,,,,,,,,,,,,,,,,,,,,,,,,,,,,,,,,,,,,,,,,,,,,,,,,,,,,,,,,,,,,,,,,,,,,,,,
MYS,Malaysia,LM,LM,LM,LM,LM,UM,UM,UM,UM,UM,UM,UM,UM,UM,UM,UM,UM,UM,UM,UM,UM,UM,UM,UM,UM,UM,UM,UM,UM,UM,UM,UM,UM,UM,UM,UM,UM,UM,,,,,,,,,,,,,,,,,,,,,,,,,,,,,,,,,,,,,,,,,,,,,,,,,,,,,,,,,,,,,,,,,,,,,,,,,,,,,,,,,,,,,,,,,,,,,,,,,,,,,,,,,,,,,,,,,,,,,,,,,,,,,,,,,,,,,,,,,,,,,,,,,,,,,,,,,,,,,,,,,,,,,,,,,,,,,,,,,,,,,,,,,,,,,,,,,,,,,,,,,,,,,,,,,,,,,,
MDV,Maldives,L,L,L,L,L,L,LM,LM,LM,LM,LM,LM,LM,LM,LM,LM,LM,LM,LM,LM,LM,LM,LM,UM,UM,UM,UM,UM,UM,UM,UM,UM,UM,UM,UM,UM,UM,UM,,,,,,,,,,,,,,,,,,,,,,,,,,,,,,,,,,,,,,,,,,,,,,,,,,,,,,,,,,,,,,,,,,,,,,,,,,,,,,,,,,,,,,,,,,,,,,,,,,,,,,,,,,,,,,,,,,,,,,,,,,,,,,,,,,,,,,,,,,,,,,,,,,,,,,,,,,,,,,,,,,,,,,,,,,,,,,,,,,,,,,,,,,,,,,,,,,,,,,,,,,,,,,,,,,,,,,
MLI,Mali,L,L,L,L,L,L,L,L,L,L,L,L,L,L,L,L,L,L,L,L,L,L,L,L,L,L,L,L,L,L,L,L,L,L,L,L,L,L,,,,,,,,,,,,,,,,,,,,,,,,,,,,,,,,,,,,,,,,,,,,,,,,,,,,,,,,,,,,,,,,,,,,,,,,,,,,,,,,,,,,,,,,,,,,,,,,,,,,,,,,,,,,,,,,,,,,,,,,,,,,,,,,,,,,,,,,,,,,,,,,,,,,,,,,,,,,,,,,,,,,,,,,,,,,,,,,,,,,,,,,,,,,,,,,,,,,,,,,,,,,,,,,,,,,,,
MLT,Malta,UM,UM,H,UM,UM,UM,UM,UM,UM,UM,UM,H,UM,H,UM,H,H,H,H,H,H,H,H,H,H,H,H,H,H,H,H,H,H,H,H,H,H,H,,,,,,,,,,,,,,,,,,,,,,,,,,,,,,,,,,,,,,,,,,,,,,,,,,,,,,,,,,,,,,,,,,,,,,,,,,,,,,,,,,,,,,,,,,,,,,,,,,,,,,,,,,,,,,,,,,,,,,,,,,,,,,,,,,,,,,,,,,,,,,,,,,,,,,,,,,,,,,,,,,,,,,,,,,,,,,,,,,,,,,,,,,,,,,,,,,,,,,,,,,,,,,,,,,,,,,
MHL,Marshall Islands,..,..,..,..,LM,LM,LM,LM,LM,LM,LM,LM,LM,LM,LM,LM,LM,LM,LM,LM,LM,LM,LM,LM,LM,UM,UM,UM,UM,UM,UM,UM,UM,UM,UM,UM,UM,UM,,,,,,,,,,,,,,,,,,,,,,,,,,,,,,,,,,,,,,,,,,,,,,,,,,,,,,,,,,,,,,,,,,,,,,,,,,,,,,,,,,,,,,,,,,,,,,,,,,,,,,,,,,,,,,,,,,,,,,,,,,,,,,,,,,,,,,,,,,,,,,,,,,,,,,,,,,,,,,,,,,,,,,,,,,,,,,,,,,,,,,,,,,,,,,,,,,,,,,,,,,,,,,,,,,,,,,
MRT,Mauritania,L,L,L,L,L,L,L,L,L,L,L,L,L,L,L,L,L,L,L,L,L,L,L,LM,L,LM,LM,LM,LM,LM,LM,LM,LM,LM,LM,LM,LM,LM,,,,,,,,,,,,,,,,,,,,,,,,,,,,,,,,,,,,,,,,,,,,,,,,,,,,,,,,,,,,,,,,,,,,,,,,,,,,,,,,,,,,,,,,,,,,,,,,,,,,,,,,,,,,,,,,,,,,,,,,,,,,,,,,,,,,,,,,,,,,,,,,,,,,,,,,,,,,,,,,,,,,,,,,,,,,,,,,,,,,,,,,,,,,,,,,,,,,,,,,,,,,,,,,,,,,,,
MUS,Mauritius,LM,LM,LM,LM,LM,UM,UM,UM,UM,UM,UM,UM,UM,UM,UM,UM,UM,UM,UM,UM,UM,UM,UM,UM,UM,UM,UM,UM,UM,UM,UM,UM,H,UM,UM,UM,UM,UM,,,,,,,,,,,,,,,,,,,,,,,,,,,,,,,,,,,,,,,,,,,,,,,,,,,,,,,,,,,,,,,,,,,,,,,,,,,,,,,,,,,,,,,,,,,,,,,,,,,,,,,,,,,,,,,,,,,,,,,,,,,,,,,,,,,,,,,,,,,,,,,,,,,,,,,,,,,,,,,,,,,,,,,,,,,,,,,,,,,,,,,,,,,,,,,,,,,,,,,,,,,,,,,,,,,,,,
MEX,Mexico,LM,LM,LM,UM,UM,UM,UM,UM,UM,UM,UM,UM,UM,UM,UM,UM,UM,UM,UM,UM,UM,UM,UM,UM,UM,UM,UM,UM,UM,UM,UM,UM,UM,UM,UM,UM,UM,UM,,,,,,,,,,,,,,,,,,,,,,,,,,,,,,,,,,,,,,,,,,,,,,,,,,,,,,,,,,,,,,,,,,,,,,,,,,,,,,,,,,,,,,,,,,,,,,,,,,,,,,,,,,,,,,,,,,,,,,,,,,,,,,,,,,,,,,,,,,,,,,,,,,,,,,,,,,,,,,,,,,,,,,,,,,,,,,,,,,,,,,,,,,,,,,,,,,,,,,,,,,,,,,,,,,,,,,
FSM,"Micronesia, Fed. Sts.",..,..,..,..,LM,LM,LM,LM,LM,LM,LM,LM,LM,LM,LM,LM,LM,LM,LM,LM,LM,LM,LM,LM,LM,LM,LM,LM,LM,LM,LM,LM,LM,LM,LM,LM,LM,LM,,,,,,,,,,,,,,,,,,,,,,,,,,,,,,,,,,,,,,,,,,,,,,,,,,,,,,,,,,,,,,,,,,,,,,,,,,,,,,,,,,,,,,,,,,,,,,,,,,,,,,,,,,,,,,,,,,,,,,,,,,,,,,,,,,,,,,,,,,,,,,,,,,,,,,,,,,,,,,,,,,,,,,,,,,,,,,,,,,,,,,,,,,,,,,,,,,,,,,,,,,,,,,,,,,,,,,
MDA,Moldova,..,..,..,..,LM,LM,LM,LM,LM,L,L,L,L,L,L,L,L,L,LM,LM,LM,LM,LM,LM,LM,LM,LM,LM,LM,LM,LM,LM,LM,UM,UM,UM,UM,UM,,,,,,,,,,,,,,,,,,,,,,,,,,,,,,,,,,,,,,,,,,,,,,,,,,,,,,,,,,,,,,,,,,,,,,,,,,,,,,,,,,,,,,,,,,,,,,,,,,,,,,,,,,,,,,,,,,,,,,,,,,,,,,,,,,,,,,,,,,,,,,,,,,,,,,,,,,,,,,,,,,,,,,,,,,,,,,,,,,,,,,,,,,,,,,,,,,,,,,,,,,,,,,,,,,,,,,
MCO,Monaco,..,..,..,..,..,..,..,H,H,H,H,H,H,H,H,H,H,H,H,H,H,H,H,H,H,H,H,H,H,H,H,H,H,H,H,H,H,H,,,,,,,,,,,,,,,,,,,,,,,,,,,,,,,,,,,,,,,,,,,,,,,,,,,,,,,,,,,,,,,,,,,,,,,,,,,,,,,,,,,,,,,,,,,,,,,,,,,,,,,,,,,,,,,,,,,,,,,,,,,,,,,,,,,,,,,,,,,,,,,,,,,,,,,,,,,,,,,,,,,,,,,,,,,,,,,,,,,,,,,,,,,,,,,,,,,,,,,,,,,,,,,,,,,,,,
MNG,Mongolia,..,..,LM,LM,LM,LM,L,L,L,L,L,L,L,L,L,L,L,L,L,L,LM,LM,LM,LM,LM,LM,LM,UM,LM,LM,LM,LM,LM,LM,LM,LM,UM,UM,,,,,,,,,,,,,,,,,,,,,,,,,,,,,,,,,,,,,,,,,,,,,,,,,,,,,,,,,,,,,,,,,,,,,,,,,,,,,,,,,,,,,,,,,,,,,,,,,,,,,,,,,,,,,,,,,,,,,,,,,,,,,,,,,,,,,,,,,,,,,,,,,,,,,,,,,,,,,,,,,,,,,,,,,,,,,,,,,,,,,,,,,,,,,,,,,,,,,,,,,,,,,,,,,,,,,,
MNE,Montenegro,..,..,..,..,..,..,..,..,..,..,..,..,..,..,..,..,..,..,..,UM,UM,UM,UM,UM,UM,UM,UM,UM,UM,UM,UM,UM,UM,UM,UM,UM,UM,UM,,,,,,,,,,,,,,,,,,,,,,,,,,,,,,,,,,,,,,,,,,,,,,,,,,,,,,,,,,,,,,,,,,,,,,,,,,,,,,,,,,,,,,,,,,,,,,,,,,,,,,,,,,,,,,,,,,,,,,,,,,,,,,,,,,,,,,,,,,,,,,,,,,,,,,,,,,,,,,,,,,,,,,,,,,,,,,,,,,,,,,,,,,,,,,,,,,,,,,,,,,,,,,,,,,,,,,
MAR,Morocco,LM,LM,LM,LM,LM,LM,LM,LM,LM,LM,LM,LM,LM,LM,LM,LM,LM,LM,LM,LM,LM,LM,LM,LM,LM,LM,LM,LM,LM,LM,LM,LM,LM,LM,LM,LM,LM,LM,,,,,,,,,,,,,,,,,,,,,,,,,,,,,,,,,,,,,,,,,,,,,,,,,,,,,,,,,,,,,,,,,,,,,,,,,,,,,,,,,,,,,,,,,,,,,,,,,,,,,,,,,,,,,,,,,,,,,,,,,,,,,,,,,,,,,,,,,,,,,,,,,,,,,,,,,,,,,,,,,,,,,,,,,,,,,,,,,,,,,,,,,,,,,,,,,,,,,,,,,,,,,,,,,,,,,,
MOZ,Mozambique,L,L,L,L,L,L,L,L,L,L,L,L,L,L,L,L,L,L,L,L,L,L,L,L,L,L,L,L,L,L,L,L,L,L,L,L,L,L,,,,,,,,,,,,,,,,,,,,,,,,,,,,,,,,,,,,,,,,,,,,,,,,,,,,,,,,,,,,,,,,,,,,,,,,,,,,,,,,,,,,,,,,,,,,,,,,,,,,,,,,,,,,,,,,,,,,,,,,,,,,,,,,,,,,,,,,,,,,,,,,,,,,,,,,,,,,,,,,,,,,,,,,,,,,,,,,,,,,,,,,,,,,,,,,,,,,,,,,,,,,,,,,,,,,,,
MMR,Myanmar,L,L,L,L,L,L,L,L,L,L,L,L,L,L,L,L,L,L,L,L,L,L,L,L,L,L,L,LM,LM,LM,LM,LM,LM,LM,LM,LM,LM,LM,,,,,,,,,,,,,,,,,,,,,,,,,,,,,,,,,,,,,,,,,,,,,,,,,,,,,,,,,,,,,,,,,,,,,,,,,,,,,,,,,,,,,,,,,,,,,,,,,,,,,,,,,,,,,,,,,,,,,,,,,,,,,,,,,,,,,,,,,,,,,,,,,,,,,,,,,,,,,,,,,,,,,,,,,,,,,,,,,,,,,,,,,,,,,,,,,,,,,,,,,,,,,,,,,,,,,,
NAM,Namibia,..,..,LM,LM,LM,LM,LM,LM,LM,LM,LM,LM,LM,LM,LM,LM,LM,LM,LM,LM,LM,UM,UM,UM,UM,UM,UM,UM,UM,UM,UM,UM,UM,UM,UM,UM,UM,LM,,,,,,,,,,,,,,,,,,,,,,,,,,,,,,,,,,,,,,,,,,,,,,,,,,,,,,,,,,,,,,,,,,,,,,,,,,,,,,,,,,,,,,,,,,,,,,,,,,,,,,,,,,,,,,,,,,,,,,,,,,,,,,,,,,,,,,,,,,,,,,,,,,,,,,,,,,,,,,,,,,,,,,,,,,,,,,,,,,,,,,,,,,,,,,,,,,,,,,,,,,,,,,,,,,,,,,
NRU,Nauru,..,..,..,..,..,..,..,..,..,..,..,..,..,..,..,..,..,..,..,..,..,..,..,..,..,..,..,..,H,UM,UM,UM,H,H,H,H,H,H,,,,,,,,,,,,,,,,,,,,,,,,,,,,,,,,,,,,,,,,,,,,,,,,,,,,,,,,,,,,,,,,,,,,,,,,,,,,,,,,,,,,,,,,,,,,,,,,,,,,,,,,,,,,,,,,,,,,,,,,,,,,,,,,,,,,,,,,,,,,,,,,,,,,,,,,,,,,,,,,,,,,,,,,,,,,,,,,,,,,,,,,,,,,,,,,,,,,,,,,,,,,,,,,,,,,,,
NPL,Nepal,L,L,L,L,L,L,L,L,L,L,L,L,L,L,L,L,L,L,L,L,L,L,L,L,L,L,L,L,L,L,L,L,LM,LM,LM,LM,LM,LM,,,,,,,,,,,,,,,,,,,,,,,,,,,,,,,,,,,,,,,,,,,,,,,,,,,,,,,,,,,,,,,,,,,,,,,,,,,,,,,,,,,,,,,,,,,,,,,,,,,,,,,,,,,,,,,,,,,,,,,,,,,,,,,,,,,,,,,,,,,,,,,,,,,,,,,,,,,,,,,,,,,,,,,,,,,,,,,,,,,,,,,,,,,,,,,,,,,,,,,,,,,,,,,,,,,,,,
NLD,Netherlands,H,H,H,H,H,H,H,H,H,H,H,H,H,H,H,H,H,H,H,H,H,H,H,H,H,H,H,H,H,H,H,H,H,H,H,H,H,H,,,,,,,,,,,,,,,,,,,,,,,,,,,,,,,,,,,,,,,,,,,,,,,,,,,,,,,,,,,,,,,,,,,,,,,,,,,,,,,,,,,,,,,,,,,,,,,,,,,,,,,,,,,,,,,,,,,,,,,,,,,,,,,,,,,,,,,,,,,,,,,,,,,,,,,,,,,,,,,,,,,,,,,,,,,,,,,,,,,,,,,,,,,,,,,,,,,,,,,,,,,,,,,,,,,,,,
NCL,New Caledonia,UM,UM,UM,UM,UM,UM,UM,UM,H,H,H,H,H,H,H,H,H,H,H,H,H,H,H,H,H,H,H,H,H,H,H,H,H,H,H,H,H,H,,,,,,,,,,,,,,,,,,,,,,,,,,,,,,,,,,,,,,,,,,,,,,,,,,,,,,,,,,,,,,,,,,,,,,,,,,,,,,,,,,,,,,,,,,,,,,,,,,,,,,,,,,,,,,,,,,,,,,,,,,,,,,,,,,,,,,,,,,,,,,,,,,,,,,,,,,,,,,,,,,,,,,,,,,,,,,,,,,,,,,,,,,,,,,,,,,,,,,,,,,,,,,,,,,,,,,
NZL,New Zealand,H,H,H,H,H,H,H,H,H,H,H,H,H,H,H,H,H,H,H,H,H,H,H,H,H,H,H,H,H,H,H,H,H,H,H,H,H,H,,,,,,,,,,,,,,,,,,,,,,,,,,,,,,,,,,,,,,,,,,,,,,,,,,,,,,,,,,,,,,,,,,,,,,,,,,,,,,,,,,,,,,,,,,,,,,,,,,,,,,,,,,,,,,,,,,,,,,,,,,,,,,,,,,,,,,,,,,,,,,,,,,,,,,,,,,,,,,,,,,,,,,,,,,,,,,,,,,,,,,,,,,,,,,,,,,,,,,,,,,,,,,,,,,,,,,
NIC,Nicaragua,LM,LM,LM,LM,L,L,L,L,L,L,L,L,L,L,L,L,L,L,LM,LM,LM,LM,LM,LM,LM,LM,LM,LM,LM,LM,LM,LM,LM,LM,LM,LM,LM,LM,,,,,,,,,,,,,,,,,,,,,,,,,,,,,,,,,,,,,,,,,,,,,,,,,,,,,,,,,,,,,,,,,,,,,,,,,,,,,,,,,,,,,,,,,,,,,,,,,,,,,,,,,,,,,,,,,,,,,,,,,,,,,,,,,,,,,,,,,,,,,,,,,,,,,,,,,,,,,,,,,,,,,,,,,,,,,,,,,,,,,,,,,,,,,,,,,,,,,,,,,,,,,,,,,,,,,,
NER,Niger,L,L,L,L,L,L,L,L,L,L,L,L,L,L,L,L,L,L,L,L,L,L,L,L,L,L,L,L,L,L,L,L,L,L,L,L,L,L,,,,,,,,,,,,,,,,,,,,,,,,,,,,,,,,,,,,,,,,,,,,,,,,,,,,,,,,,,,,,,,,,,,,,,,,,,,,,,,,,,,,,,,,,,,,,,,,,,,,,,,,,,,,,,,,,,,,,,,,,,,,,,,,,,,,,,,,,,,,,,,,,,,,,,,,,,,,,,,,,,,,,,,,,,,,,,,,,,,,,,,,,,,,,,,,,,,,,,,,,,,,,,,,,,,,,,
NGA,Nigeria,L,L,L,L,L,L,L,L,L,L,L,L,L,L,L,L,L,L,L,L,L,LM,LM,LM,LM,LM,LM,LM,LM,LM,LM,LM,LM,LM,LM,LM,LM,LM,,,,,,,,,,,,,,,,,,,,,,,,,,,,,,,,,,,,,,,,,,,,,,,,,,,,,,,,,,,,,,,,,,,,,,,,,,,,,,,,,,,,,,,,,,,,,,,,,,,,,,,,,,,,,,,,,,,,,,,,,,,,,,,,,,,,,,,,,,,,,,,,,,,,,,,,,,,,,,,,,,,,,,,,,,,,,,,,,,,,,,,,,,,,,,,,,,,,,,,,,,,,,,,,,,,,,,
MKD,North Macedonia,..,..,..,..,..,LM,LM,LM,LM,LM,LM,LM,LM,LM,LM,LM,LM,LM,LM,LM,LM,UM,UM,UM,UM,UM,UM,UM,UM,UM,UM,UM,UM,UM,UM,UM,UM,UM,,,,,,,,,,,,,,,,,,,,,,,,,,,,,,,,,,,,,,,,,,,,,,,,,,,,,,,,,,,,,,,,,,,,,,,,,,,,,,,,,,,,,,,,,,,,,,,,,,,,,,,,,,,,,,,,,,,,,,,,,,,,,,,,,,,,,,,,,,,,,,,,,,,,,,,,,,,,,,,,,,,,,,,,,,,,,,,,,,,,,,,,,,,,,,,,,,,,,,,,,,,,,,,,,,,,,,
MNP,Northern Mariana Islands,..,..,..,..,..,LM,LM,LM,H,H,H,H,H,H,H,UM,UM,UM,UM,UM,H,H,H,H,H,H,H,H,H,H,H,H,H,H,H,H,H,H,,,,,,,,,,,,,,,,,,,,,,,,,,,,,,,,,,,,,,,,,,,,,,,,,,,,,,,,,,,,,,,,,,,,,,,,,,,,,,,,,,,,,,,,,,,,,,,,,,,,,,,,,,,,,,,,,,,,,,,,,,,,,,,,,,,,,,,,,,,,,,,,,,,,,,,,,,,,,,,,,,,,,,,,,,,,,,,,,,,,,,,,,,,,,,,,,,,,,,,,,,,,,,,,,,,,,,
NOR,Norway,H,H,H,H,H,H,H,H,H,H,H,H,H,H,H,H,H,H,H,H,H,H,H,H,H,H,H,H,H,H,H,H,H,H,H,H,H,H,,,,,,,,,,,,,,,,,,,,,,,,,,,,,,,,,,,,,,,,,,,,,,,,,,,,,,,,,,,,,,,,,,,,,,,,,,,,,,,,,,,,,,,,,,,,,,,,,,,,,,,,,,,,,,,,,,,,,,,,,,,,,,,,,,,,,,,,,,,,,,,,,,,,,,,,,,,,,,,,,,,,,,,,,,,,,,,,,,,,,,,,,,,,,,,,,,,,,,,,,,,,,,,,,,,,,,
OMN,Oman,UM,UM,UM,UM,UM,UM,UM,UM,UM,UM,UM,UM,UM,UM,UM,UM,UM,UM,UM,UM,H,H,H,H,H,H,H,H,H,H,H,H,H,H,H,H,H,H,,,,,,,,,,,,,,,,,,,,,,,,,,,,,,,,,,,,,,,,,,,,,,,,,,,,,,,,,,,,,,,,,,,,,,,,,,,,,,,,,,,,,,,,,,,,,,,,,,,,,,,,,,,,,,,,,,,,,,,,,,,,,,,,,,,,,,,,,,,,,,,,,,,,,,,,,,,,,,,,,,,,,,,,,,,,,,,,,,,,,,,,,,,,,,,,,,,,,,,,,,,,,,,,,,,,,,
PAK,Pakistan,L,L,L,L,L,L,L,L,L,L,L,L,L,L,L,L,L,L,L,L,L,LM,LM,LM,LM,LM,LM,LM,LM,LM,LM,LM,LM,LM,LM,LM,LM,LM,,,,,,,,,,,,,,,,,,,,,,,,,,,,,,,,,,,,,,,,,,,,,,,,,,,,,,,,,,,,,,,,,,,,,,,,,,,,,,,,,,,,,,,,,,,,,,,,,,,,,,,,,,,,,,,,,,,,,,,,,,,,,,,,,,,,,,,,,,,,,,,,,,,,,,,,,,,,,,,,,,,,,,,,,,,,,,,,,,,,,,,,,,,,,,,,,,,,,,,,,,,,,,,,,,,,,,
PLW,Palau,..,..,..,..,..,..,..,..,..,UM,UM,UM,UM,UM,UM,UM,UM,UM,UM,UM,UM,UM,UM,UM,UM,UM,UM,UM,UM,H,H,H,H,H,UM,UM,H,H,,,,,,,,,,,,,,,,,,,,,,,,,,,,,,,,,,,,,,,,,,,,,,,,,,,,,,,,,,,,,,,,,,,,,,,,,,,,,,,,,,,,,,,,,,,,,,,,,,,,,,,,,,,,,,,,,,,,,,,,,,,,,,,,,,,,,,,,,,,,,,,,,,,,,,,,,,,,,,,,,,,,,,,,,,,,,,,,,,,,,,,,,,,,,,,,,,,,,,,,,,,,,,,,,,,,,,
PAN,Panama,UM,LM,LM,LM,LM,LM,LM,LM,LM,LM,LM,UM,UM,UM,UM,UM,UM,UM,UM,UM,UM,UM,UM,UM,UM,UM,UM,UM,UM,UM,H,H,H,UM,H,H,H,H,,,,,,,,,,,,,,,,,,,,,,,,,,,,,,,,,,,,,,,,,,,,,,,,,,,,,,,,,,,,,,,,,,,,,,,,,,,,,,,,,,,,,,,,,,,,,,,,,,,,,,,,,,,,,,,,,,,,,,,,,,,,,,,,,,,,,,,,,,,,,,,,,,,,,,,,,,,,,,,,,,,,,,,,,,,,,,,,,,,,,,,,,,,,,,,,,,,,,,,,,,,,,,,,,,,,,,
PNG,Papua New Guinea,LM,LM,LM,LM,LM,LM,LM,LM,LM,LM,LM,LM,LM,LM,L,L,L,L,L,L,L,LM,LM,LM,LM,LM,LM,LM,LM,LM,LM,LM,LM,LM,LM,LM,LM,LM,,,,,,,,,,,,,,,,,,,,,,,,,,,,,,,,,,,,,,,,,,,,,,,,,,,,,,,,,,,,,,,,,,,,,,,,,,,,,,,,,,,,,,,,,,,,,,,,,,,,,,,,,,,,,,,,,,,,,,,,,,,,,,,,,,,,,,,,,,,,,,,,,,,,,,,,,,,,,,,,,,,,,,,,,,,,,,,,,,,,,,,,,,,,,,,,,,,,,,,,,,,,,,,,,,,,,,
PRY,Paraguay,LM,LM,LM,LM,LM,LM,LM,LM,LM,LM,LM,LM,LM,LM,LM,LM,LM,LM,LM,LM,LM,LM,LM,LM,LM,LM,LM,UM,UM,UM,UM,UM,UM,UM,UM,UM,UM,UM,,,,,,,,,,,,,,,,,,,,,,,,,,,,,,,,,,,,,,,,,,,,,,,,,,,,,,,,,,,,,,,,,,,,,,,,,,,,,,,,,,,,,,,,,,,,,,,,,,,,,,,,,,,,,,,,,,,,,,,,,,,,,,,,,,,,,,,,,,,,,,,,,,,,,,,,,,,,,,,,,,,,,,,,,,,,,,,,,,,,,,,,,,,,,,,,,,,,,,,,,,,,,,,,,,,,,,
PER,Peru,LM,LM,LM,LM,LM,LM,LM,LM,LM,LM,LM,LM,LM,LM,LM,LM,LM,LM,LM,LM,LM,UM,UM,UM,UM,UM,UM,UM,UM,UM,UM,UM,UM,UM,UM,UM,UM,UM,,,,,,,,,,,,,,,,,,,,,,,,,,,,,,,,,,,,,,,,,,,,,,,,,,,,,,,,,,,,,,,,,,,,,,,,,,,,,,,,,,,,,,,,,,,,,,,,,,,,,,,,,,,,,,,,,,,,,,,,,,,,,,,,,,,,,,,,,,,,,,,,,,,,,,,,,,,,,,,,,,,,,,,,,,,,,,,,,,,,,,,,,,,,,,,,,,,,,,,,,,,,,,,,,,,,,,
PHL,Philippines,LM,LM,LM,LM,LM,LM,LM,LM,LM,LM,LM,LM,LM,LM,LM,LM,LM,LM,LM,LM,LM,LM,LM,LM,LM,LM,LM,LM,LM,LM,LM,LM,LM,LM,LM,LM,LM,LM,,,,,,,,,,,,,,,,,,,,,,,,,,,,,,,,,,,,,,,,,,,,,,,,,,,,,,,,,,,,,,,,,,,,,,,,,,,,,,,,,,,,,,,,,,,,,,,,,,,,,,,,,,,,,,,,,,,,,,,,,,,,,,,,,,,,,,,,,,,,,,,,,,,,,,,,,,,,,,,,,,,,,,,,,,,,,,,,,,,,,,,,,,,,,,,,,,,,,,,,,,,,,,,,,,,,,,
POL,Poland,LM,LM,LM,LM,LM,LM,LM,LM,LM,UM,UM,UM,UM,UM,UM,UM,UM,UM,UM,UM,UM,UM,H,H,H,H,H,H,H,H,H,H,H,H,H,H,H,H,,,,,,,,,,,,,,,,,,,,,,,,,,,,,,,,,,,,,,,,,,,,,,,,,,,,,,,,,,,,,,,,,,,,,,,,,,,,,,,,,,,,,,,,,,,,,,,,,,,,,,,,,,,,,,,,,,,,,,,,,,,,,,,,,,,,,,,,,,,,,,,,,,,,,,,,,,,,,,,,,,,,,,,,,,,,,,,,,,,,,,,,,,,,,,,,,,,,,,,,,,,,,,,,,,,,,,
PRT,Portugal,UM,UM,UM,UM,UM,UM,UM,H,H,H,H,H,H,H,H,H,H,H,H,H,H,H,H,H,H,H,H,H,H,H,H,H,H,H,H,H,H,H,,,,,,,,,,,,,,,,,,,,,,,,,,,,,,,,,,,,,,,,,,,,,,,,,,,,,,,,,,,,,,,,,,,,,,,,,,,,,,,,,,,,,,,,,,,,,,,,,,,,,,,,,,,,,,,,,,,,,,,,,,,,,,,,,,,,,,,,,,,,,,,,,,,,,,,,,,,,,,,,,,,,,,,,,,,,,,,,,,,,,,,,,,,,,,,,,,,,,,,,,,,,,,,,,,,,,,
PRI,Puerto Rico (U.S.),UM,UM,H,UM,UM,UM,UM,UM,UM,UM,UM,UM,UM,UM,UM,H,H,H,H,H,H,H,H,H,H,H,H,H,H,H,H,H,H,H,H,H,H,H,,,,,,,,,,,,,,,,,,,,,,,,,,,,,,,,,,,,,,,,,,,,,,,,,,,,,,,,,,,,,,,,,,,,,,,,,,,,,,,,,,,,,,,,,,,,,,,,,,,,,,,,,,,,,,,,,,,,,,,,,,,,,,,,,,,,,,,,,,,,,,,,,,,,,,,,,,,,,,,,,,,,,,,,,,,,,,,,,,,,,,,,,,,,,,,,,,,,,,,,,,,,,,,,,,,,,,
QAT,Qatar,H,H,H,H,H,H,H,H,H,H,H,H,H,H,H,H,H,H,H,H,H,H,H,H,H,H,H,H,H,H,H,H,H,H,H,H,H,H,,,,,,,,,,,,,,,,,,,,,,,,,,,,,,,,,,,,,,,,,,,,,,,,,,,,,,,,,,,,,,,,,,,,,,,,,,,,,,,,,,,,,,,,,,,,,,,,,,,,,,,,,,,,,,,,,,,,,,,,,,,,,,,,,,,,,,,,,,,,,,,,,,,,,,,,,,,,,,,,,,,,,,,,,,,,,,,,,,,,,,,,,,,,,,,,,,,,,,,,,,,,,,,,,,,,,,
ROU,Romania,UM,UM,UM,LM,LM,LM,LM,LM,LM,LM,LM,LM,LM,LM,LM,LM,LM,LM,UM,UM,UM,UM,UM,UM,UM,UM,UM,UM,UM,UM,UM,UM,H,UM,H,H,H,H,,,,,,,,,,,,,,,,,,,,,,,,,,,,,,,,,,,,,,,,,,,,,,,,,,,,,,,,,,,,,,,,,,,,,,,,,,,,,,,,,,,,,,,,,,,,,,,,,,,,,,,,,,,,,,,,,,,,,,,,,,,,,,,,,,,,,,,,,,,,,,,,,,,,,,,,,,,,,,,,,,,,,,,,,,,,,,,,,,,,,,,,,,,,,,,,,,,,,,,,,,,,,,,,,,,,,,
RUS,Russian Federation,..,..,..,..,UM,LM,LM,LM,LM,LM,LM,LM,LM,LM,LM,LM,LM,UM,UM,UM,UM,UM,UM,UM,UM,H,H,H,UM,UM,UM,UM,UM,UM,UM,UM,H,H,,,,,,,,,,,,,,,,,,,,,,,,,,,,,,,,,,,,,,,,,,,,,,,,,,,,,,,,,,,,,,,,,,,,,,,,,,,,,,,,,,,,,,,,,,,,,,,,,,,,,,,,,,,,,,,,,,,,,,,,,,,,,,,,,,,,,,,,,,,,,,,,,,,,,,,,,,,,,,,,,,,,,,,,,,,,,,,,,,,,,,,,,,,,,,,,,,,,,,,,,,,,,,,,,,,,,,
RWA,Rwanda,L,L,L,L,L,L,L,L,L,L,L,L,L,L,L,L,L,L,L,L,L,L,L,L,L,L,L,L,L,L,L,L,L,L,L,L,L,L,,,,,,,,,,,,,,,,,,,,,,,,,,,,,,,,,,,,,,,,,,,,,,,,,,,,,,,,,,,,,,,,,,,,,,,,,,,,,,,,,,,,,,,,,,,,,,,,,,,,,,,,,,,,,,,,,,,,,,,,,,,,,,,,,,,,,,,,,,,,,,,,,,,,,,,,,,,,,,,,,,,,,,,,,,,,,,,,,,,,,,,,,,,,,,,,,,,,,,,,,,,,,,,,,,,,,,
WSM,Samoa,LM,LM,LM,LM,LM,LM,LM,LM,LM,LM,LM,LM,LM,LM,LM,LM,LM,LM,LM,LM,LM,LM,LM,LM,LM,LM,LM,LM,LM,UM,UM,UM,UM,LM,LM,LM,LM,UM,,,,,,,,,,,,,,,,,,,,,,,,,,,,,,,,,,,,,,,,,,,,,,,,,,,,,,,,,,,,,,,,,,,,,,,,,,,,,,,,,,,,,,,,,,,,,,,,,,,,,,,,,,,,,,,,,,,,,,,,,,,,,,,,,,,,,,,,,,,,,,,,,,,,,,,,,,,,,,,,,,,,,,,,,,,,,,,,,,,,,,,,,,,,,,,,,,,,,,,,,,,,,,,,,,,,,,
SMR,San Marino,..,..,..,..,H,H,H,..,..,..,..,..,..,H,H,H,H,H,H,H,H,H,H,H,H,H,H,H,H,H,H,H,H,H,H,H,H,H,,,,,,,,,,,,,,,,,,,,,,,,,,,,,,,,,,,,,,,,,,,,,,,,,,,,,,,,,,,,,,,,,,,,,,,,,,,,,,,,,,,,,,,,,,,,,,,,,,,,,,,,,,,,,,,,,,,,,,,,,,,,,,,,,,,,,,,,,,,,,,,,,,,,,,,,,,,,,,,,,,,,,,,,,,,,,,,,,,,,,,,,,,,,,,,,,,,,,,,,,,,,,,,,,,,,,,
STP,São Tomé and Príncipe,L,L,L,L,L,L,L,L,L,L,L,L,L,L,L,L,L,L,L,L,L,LM,LM,LM,LM,LM,LM,LM,LM,LM,LM,LM,LM,LM,LM,LM,LM,LM,,,,,,,,,,,,,,,,,,,,,,,,,,,,,,,,,,,,,,,,,,,,,,,,,,,,,,,,,,,,,,,,,,,,,,,,,,,,,,,,,,,,,,,,,,,,,,,,,,,,,,,,,,,,,,,,,,,,,,,,,,,,,,,,,,,,,,,,,,,,,,,,,,,,,,,,,,,,,,,,,,,,,,,,,,,,,,,,,,,,,,,,,,,,,,,,,,,,,,,,,,,,,,,,,,,,,,
SAU,Saudi Arabia,H,H,H,UM,UM,UM,UM,UM,UM,UM,UM,UM,UM,UM,UM,UM,UM,H,H,H,H,H,H,H,H,H,H,H,H,H,H,H,H,H,H,H,H,H,,,,,,,,,,,,,,,,,,,,,,,,,,,,,,,,,,,,,,,,,,,,,,,,,,,,,,,,,,,,,,,,,,,,,,,,,,,,,,,,,,,,,,,,,,,,,,,,,,,,,,,,,,,,,,,,,,,,,,,,,,,,,,,,,,,,,,,,,,,,,,,,,,,,,,,,,,,,,,,,,,,,,,,,,,,,,,,,,,,,,,,,,,,,,,,,,,,,,,,,,,,,,,,,,,,,,,
SEN,Senegal,LM,LM,LM,LM,LM,LM,LM,L,L,L,L,L,L,L,L,L,L,L,L,L,L,L,LM,LM,LM,LM,LM,LM,L,L,L,LM,LM,LM,LM,LM,LM,LM,,,,,,,,,,,,,,,,,,,,,,,,,,,,,,,,,,,,,,,,,,,,,,,,,,,,,,,,,,,,,,,,,,,,,,,,,,,,,,,,,,,,,,,,,,,,,,,,,,,,,,,,,,,,,,,,,,,,,,,,,,,,,,,,,,,,,,,,,,,,,,,,,,,,,,,,,,,,,,,,,,,,,,,,,,,,,,,,,,,,,,,,,,,,,,,,,,,,,,,,,,,,,,,,,,,,,,
SRB,Serbia,..,..,..,..,..,..,..,..,..,..,..,..,..,..,..,..,..,..,..,UM,UM,UM,UM,UM,UM,UM,UM,UM,UM,UM,UM,UM,UM,UM,UM,UM,UM,UM,,,,,,,,,,,,,,,,,,,,,,,,,,,,,,,,,,,,,,,,,,,,,,,,,,,,,,,,,,,,,,,,,,,,,,,,,,,,,,,,,,,,,,,,,,,,,,,,,,,,,,,,,,,,,,,,,,,,,,,,,,,,,,,,,,,,,,,,,,,,,,,,,,,,,,,,,,,,,,,,,,,,,,,,,,,,,,,,,,,,,,,,,,,,,,,,,,,,,,,,,,,,,,,,,,,,,,
SYC,Seychelles,UM,UM,UM,UM,UM,UM,UM,UM,UM,UM,UM,UM,UM,UM,UM,UM,UM,UM,UM,UM,UM,UM,UM,UM,UM,UM,UM,H,H,H,H,H,H,H,H,H,H,H,,,,,,,,,,,,,,,,,,,,,,,,,,,,,,,,,,,,,,,,,,,,,,,,,,,,,,,,,,,,,,,,,,,,,,,,,,,,,,,,,,,,,,,,,,,,,,,,,,,,,,,,,,,,,,,,,,,,,,,,,,,,,,,,,,,,,,,,,,,,,,,,,,,,,,,,,,,,,,,,,,,,,,,,,,,,,,,,,,,,,,,,,,,,,,,,,,,,,,,,,,,,,,,,,,,,,,
SLE,Sierra Leone,L,L,L,L,L,L,L,L,L,L,L,L,L,L,L,L,L,L,L,L,L,L,L,L,L,L,L,L,L,L,L,L,L,L,L,L,L,L,,,,,,,,,,,,,,,,,,,,,,,,,,,,,,,,,,,,,,,,,,,,,,,,,,,,,,,,,,,,,,,,,,,,,,,,,,,,,,,,,,,,,,,,,,,,,,,,,,,,,,,,,,,,,,,,,,,,,,,,,,,,,,,,,,,,,,,,,,,,,,,,,,,,,,,,,,,,,,,,,,,,,,,,,,,,,,,,,,,,,,,,,,,,,,,,,,,,,,,,,,,,,,,,,,,,,,
SGP,Singapore,H,H,H,H,H,H,H,H,H,H,H,H,H,H,H,H,H,H,H,H,H,H,H,H,H,H,H,H,H,H,H,H,H,H,H,H,H,H,,,,,,,,,,,,,,,,,,,,,,,,,,,,,,,,,,,,,,,,,,,,,,,,,,,,,,,,,,,,,,,,,,,,,,,,,,,,,,,,,,,,,,,,,,,,,,,,,,,,,,,,,,,,,,,,,,,,,,,,,,,,,,,,,,,,,,,,,,,,,,,,,,,,,,,,,,,,,,,,,,,,,,,,,,,,,,,,,,,,,,,,,,,,,,,,,,,,,,,,,,,,,,,,,,,,,,
SXM,Sint Maarten (Dutch part),..,..,..,..,..,..,..,..,..,..,..,..,..,..,..,..,..,..,..,..,..,..,..,H,H,H,H,H,H,H,H,H,H,H,H,H,H,H,,,,,,,,,,,,,,,,,,,,,,,,,,,,,,,,,,,,,,,,,,,,,,,,,,,,,,,,,,,,,,,,,,,,,,,,,,,,,,,,,,,,,,,,,,,,,,,,,,,,,,,,,,,,,,,,,,,,,,,,,,,,,,,,,,,,,,,,,,,,,,,,,,,,,,,,,,,,,,,,,,,,,,,,,,,,,,,,,,,,,,,,,,,,,,,,,,,,,,,,,,,,,,,,,,,,,,
SVK,Slovak Republic,..,..,..,..,..,LM,LM,LM,LM,UM,UM,UM,UM,UM,UM,UM,UM,UM,UM,UM,H,H,H,H,H,H,H,H,H,H,H,H,H,H,H,H,H,H,,,,,,,,,,,,,,,,,,,,,,,,,,,,,,,,,,,,,,,,,,,,,,,,,,,,,,,,,,,,,,,,,,,,,,,,,,,,,,,,,,,,,,,,,,,,,,,,,,,,,,,,,,,,,,,,,,,,,,,,,,,,,,,,,,,,,,,,,,,,,,,,,,,,,,,,,,,,,,,,,,,,,,,,,,,,,,,,,,,,,,,,,,,,,,,,,,,,,,,,,,,,,,,,,,,,,,
SVN,Slovenia,..,..,..,..,..,UM,UM,UM,UM,UM,H,H,H,H,H,H,H,H,H,H,H,H,H,H,H,H,H,H,H,H,H,H,H,H,H,H,H,H,,,,,,,,,,,,,,,,,,,,,,,,,,,,,,,,,,,,,,,,,,,,,,,,,,,,,,,,,,,,,,,,,,,,,,,,,,,,,,,,,,,,,,,,,,,,,,,,,,,,,,,,,,,,,,,,,,,,,,,,,,,,,,,,,,,,,,,,,,,,,,,,,,,,,,,,,,,,,,,,,,,,,,,,,,,,,,,,,,,,,,,,,,,,,,,,,,,,,,,,,,,,,,,,,,,,,,
SLB,Solomon Islands,L,LM,L,L,L,LM,LM,LM,LM,LM,LM,L,L,L,L,L,L,L,L,L,L,LM,L,LM,LM,LM,LM,LM,LM,LM,LM,LM,LM,LM,LM,LM,LM,LM,,,,,,,,,,,,,,,,,,,,,,,,,,,,,,,,,,,,,,,,,,,,,,,,,,,,,,,,,,,,,,,,,,,,,,,,,,,,,,,,,,,,,,,,,,,,,,,,,,,,,,,,,,,,,,,,,,,,,,,,,,,,,,,,,,,,,,,,,,,,,,,,,,,,,,,,,,,,,,,,,,,,,,,,,,,,,,,,,,,,,,,,,,,,,,,,,,,,,,,,,,,,,,,,,,,,,,
SOM,"Somalia, Fed. Rep.",L,L,L,L,L,L,L,L,L,L,L,L,L,L,L,L,L,L,L,L,L,L,L,L,L,L,L,L,L,L,L,L,L,L,L,L,L,L,,,,,,,,,,,,,,,,,,,,,,,,,,,,,,,,,,,,,,,,,,,,,,,,,,,,,,,,,,,,,,,,,,,,,,,,,,,,,,,,,,,,,,,,,,,,,,,,,,,,,,,,,,,,,,,,,,,,,,,,,,,,,,,,,,,,,,,,,,,,,,,,,,,,,,,,,,,,,,,,,,,,,,,,,,,,,,,,,,,,,,,,,,,,,,,,,,,,,,,,,,,,,,,,,,,,,,
ZAF,South Africa,LM,UM,UM,UM,UM,UM,UM,UM,UM,UM,UM,LM,UM,UM,LM,LM,LM,UM,UM,UM,UM,UM,UM,UM,UM,UM,UM,UM,UM,UM,UM,UM,UM,UM,UM,UM,UM,UM,,,,,,,,,,,,,,,,,,,,,,,,,,,,,,,,,,,,,,,,,,,,,,,,,,,,,,,,,,,,,,,,,,,,,,,,,,,,,,,,,,,,,,,,,,,,,,,,,,,,,,,,,,,,,,,,,,,,,,,,,,,,,,,,,,,,,,,,,,,,,,,,,,,,,,,,,,,,,,,,,,,,,,,,,,,,,,,,,,,,,,,,,,,,,,,,,,,,,,,,,,,,,,,,,,,,,,
SSD,South Sudan,..,..,..,..,..,..,..,..,..,..,..,..,..,..,..,..,..,..,..,..,..,..,..,..,LM,L,LM,L,L,L,L,L,L,L,L,L,L,L,,,,,,,,,,,,,,,,,,,,,,,,,,,,,,,,,,,,,,,,,,,,,,,,,,,,,,,,,,,,,,,,,,,,,,,,,,,,,,,,,,,,,,,,,,,,,,,,,,,,,,,,,,,,,,,,,,,,,,,,,,,,,,,,,,,,,,,,,,,,,,,,,,,,,,,,,,,,,,,,,,,,,,,,,,,,,,,,,,,,,,,,,,,,,,,,,,,,,,,,,,,,,,,,,,,,,,
ESP,Spain,H,H,H,H,H,H,H,H,H,H,H,H,H,H,H,H,H,H,H,H,H,H,H,H,H,H,H,H,H,H,H,H,H,H,H,H,H,H,,,,,,,,,,,,,,,,,,,,,,,,,,,,,,,,,,,,,,,,,,,,,,,,,,,,,,,,,,,,,,,,,,,,,,,,,,,,,,,,,,,,,,,,,,,,,,,,,,,,,,,,,,,,,,,,,,,,,,,,,,,,,,,,,,,,,,,,,,,,,,,,,,,,,,,,,,,,,,,,,,,,,,,,,,,,,,,,,,,,,,,,,,,,,,,,,,,,,,,,,,,,,,,,,,,,,,
LKA,Sri Lanka,L,L,L,L,L,L,L,L,L,L,LM,LM,LM,LM,LM,LM,LM,LM,LM,LM,LM,LM,LM,LM,LM,LM,LM,LM,LM,LM,LM,UM,LM,LM,LM,LM,LM,LM,,,,,,,,,,,,,,,,,,,,,,,,,,,,,,,,,,,,,,,,,,,,,,,,,,,,,,,,,,,,,,,,,,,,,,,,,,,,,,,,,,,,,,,,,,,,,,,,,,,,,,,,,,,,,,,,,,,,,,,,,,,,,,,,,,,,,,,,,,,,,,,,,,,,,,,,,,,,,,,,,,,,,,,,,,,,,,,,,,,,,,,,,,,,,,,,,,,,,,,,,,,,,,,,,,,,,,
KNA,St. Kitts and Nevis,UM,UM,UM,UM,UM,UM,UM,UM,UM,UM,UM,UM,UM,UM,UM,UM,UM,UM,UM,UM,UM,UM,UM,UM,H,H,H,H,H,H,H,H,H,H,H,H,H,H,,,,,,,,,,,,,,,,,,,,,,,,,,,,,,,,,,,,,,,,,,,,,,,,,,,,,,,,,,,,,,,,,,,,,,,,,,,,,,,,,,,,,,,,,,,,,,,,,,,,,,,,,,,,,,,,,,,,,,,,,,,,,,,,,,,,,,,,,,,,,,,,,,,,,,,,,,,,,,,,,,,,,,,,,,,,,,,,,,,,,,,,,,,,,,,,,,,,,,,,,,,,,,,,,,,,,,
LCA,St. Lucia,LM,LM,LM,LM,LM,UM,UM,UM,UM,UM,UM,UM,UM,UM,UM,UM,UM,UM,UM,UM,UM,UM,UM,UM,UM,UM,UM,UM,UM,UM,UM,UM,UM,UM,UM,UM,UM,UM,,,,,,,,,,,,,,,,,,,,,,,,,,,,,,,,,,,,,,,,,,,,,,,,,,,,,,,,,,,,,,,,,,,,,,,,,,,,,,,,,,,,,,,,,,,,,,,,,,,,,,,,,,,,,,,,,,,,,,,,,,,,,,,,,,,,,,,,,,,,,,,,,,,,,,,,,,,,,,,,,,,,,,,,,,,,,,,,,,,,,,,,,,,,,,,,,,,,,,,,,,,,,,,,,,,,,,
MAF,St. Martin (French part),..,..,..,..,..,..,..,..,..,..,..,..,..,..,..,..,..,..,..,..,..,..,..,H,H,H,H,H,H,H,H,H,H,H,H,H,H,H,,,,,,,,,,,,,,,,,,,,,,,,,,,,,,,,,,,,,,,,,,,,,,,,,,,,,,,,,,,,,,,,,,,,,,,,,,,,,,,,,,,,,,,,,,,,,,,,,,,,,,,,,,,,,,,,,,,,,,,,,,,,,,,,,,,,,,,,,,,,,,,,,,,,,,,,,,,,,,,,,,,,,,,,,,,,,,,,,,,,,,,,,,,,,,,,,,,,,,,,,,,,,,,,,,,,,,
VCT,St. Vincent and the Grenadines,LM,LM,LM,LM,LM,LM,LM,LM,LM,LM,LM,LM,LM,LM,LM,LM,UM,UM,UM,UM,UM,UM,UM,UM,UM,UM,UM,UM,UM,UM,UM,UM,UM,UM,UM,UM,UM,UM,,,,,,,,,,,,,,,,,,,,,,,,,,,,,,,,,,,,,,,,,,,,,,,,,,,,,,,,,,,,,,,,,,,,,,,,,,,,,,,,,,,,,,,,,,,,,,,,,,,,,,,,,,,,,,,,,,,,,,,,,,,,,,,,,,,,,,,,,,,,,,,,,,,,,,,,,,,,,,,,,,,,,,,,,,,,,,,,,,,,,,,,,,,,,,,,,,,,,,,,,,,,,,,,,,,,,,
SDN,Sudan,L,L,L,L,L,L,L,L,L,L,L,L,L,L,L,L,L,L,L,L,LM,LM,LM,LM,LM,LM,LM,LM,LM,LM,LM,LM,L,L,L,L,L,L,,,,,,,,,,,,,,,,,,,,,,,,,,,,,,,,,,,,,,,,,,,,,,,,,,,,,,,,,,,,,,,,,,,,,,,,,,,,,,,,,,,,,,,,,,,,,,,,,,,,,,,,,,,,,,,,,,,,,,,,,,,,,,,,,,,,,,,,,,,,,,,,,,,,,,,,,,,,,,,,,,,,,,,,,,,,,,,,,,,,,,,,,,,,,,,,,,,,,,,,,,,,,,,,,,,,,,
SUR,Suriname,UM,UM,UM,UM,UM,UM,LM,LM,LM,LM,LM,LM,LM,LM,LM,LM,LM,LM,LM,LM,UM,UM,UM,UM,UM,UM,UM,UM,UM,UM,UM,UM,UM,UM,UM,UM,UM,UM,,,,,,,,,,,,,,,,,,,,,,,,,,,,,,,,,,,,,,,,,,,,,,,,,,,,,,,,,,,,,,,,,,,,,,,,,,,,,,,,,,,,,,,,,,,,,,,,,,,,,,,,,,,,,,,,,,,,,,,,,,,,,,,,,,,,,,,,,,,,,,,,,,,,,,,,,,,,,,,,,,,,,,,,,,,,,,,,,,,,,,,,,,,,,,,,,,,,,,,,,,,,,,,,,,,,,,
SWE,Sweden,H,H,H,H,H,H,H,H,H,H,H,H,H,H,H,H,H,H,H,H,H,H,H,H,H,H,H,H,H,H,H,H,H,H,H,H,H,H,,,,,,,,,,,,,,,,,,,,,,,,,,,,,,,,,,,,,,,,,,,,,,,,,,,,,,,,,,,,,,,,,,,,,,,,,,,,,,,,,,,,,,,,,,,,,,,,,,,,,,,,,,,,,,,,,,,,,,,,,,,,,,,,,,,,,,,,,,,,,,,,,,,,,,,,,,,,,,,,,,,,,,,,,,,,,,,,,,,,,,,,,,,,,,,,,,,,,,,,,,,,,,,,,,,,,,
CHE,Switzerland,H,H,H,H,H,H,H,H,H,H,H,H,H,H,H,H,H,H,H,H,H,H,H,H,H,H,H,H,H,H,H,H,H,H,H,H,H,H,,,,,,,,,,,,,,,,,,,,,,,,,,,,,,,,,,,,,,,,,,,,,,,,,,,,,,,,,,,,,,,,,,,,,,,,,,,,,,,,,,,,,,,,,,,,,,,,,,,,,,,,,,,,,,,,,,,,,,,,,,,,,,,,,,,,,,,,,,,,,,,,,,,,,,,,,,,,,,,,,,,,,,,,,,,,,,,,,,,,,,,,,,,,,,,,,,,,,,,,,,,,,,,,,,,,,,
SYR,Syrian Arab Republic,LM,LM,LM,LM,LM,LM,LM,LM,LM,LM,LM,LM,LM,LM,LM,LM,LM,LM,LM,LM,LM,LM,LM,LM,LM,LM,LM,LM,LM,LM,L,L,L,L,L,L,L,L,,,,,,,,,,,,,,,,,,,,,,,,,,,,,,,,,,,,,,,,,,,,,,,,,,,,,,,,,,,,,,,,,,,,,,,,,,,,,,,,,,,,,,,,,,,,,,,,,,,,,,,,,,,,,,,,,,,,,,,,,,,,,,,,,,,,,,,,,,,,,,,,,,,,,,,,,,,,,,,,,,,,,,,,,,,,,,,,,,,,,,,,,,,,,,,,,,,,,,,,,,,,,,,,,,,,,,
TWN,"Taiwan, China",H,H,H,H,H,H,H,H,H,H,H,H,H,H,H,H,H,H,H,H,H,H,H,H,H,H,H,H,H,H,H,H,H,H,H,H,H,H,,,,,,,,,,,,,,,,,,,,,,,,,,,,,,,,,,,,,,,,,,,,,,,,,,,,,,,,,,,,,,,,,,,,,,,,,,,,,,,,,,,,,,,,,,,,,,,,,,,,,,,,,,,,,,,,,,,,,,,,,,,,,,,,,,,,,,,,,,,,,,,,,,,,,,,,,,,,,,,,,,,,,,,,,,,,,,,,,,,,,,,,,,,,,,,,,,,,,,,,,,,,,,,,,,,,,,
TJK,Tajikistan,..,..,..,..,LM,L,L,L,L,L,L,L,L,L,L,L,L,L,L,L,L,L,L,L,L,L,L,LM,LM,LM,L,L,L,LM,LM,LM,LM,LM,,,,,,,,,,,,,,,,,,,,,,,,,,,,,,,,,,,,,,,,,,,,,,,,,,,,,,,,,,,,,,,,,,,,,,,,,,,,,,,,,,,,,,,,,,,,,,,,,,,,,,,,,,,,,,,,,,,,,,,,,,,,,,,,,,,,,,,,,,,,,,,,,,,,,,,,,,,,,,,,,,,,,,,,,,,,,,,,,,,,,,,,,,,,,,,,,,,,,,,,,,,,,,,,,,,,,,
TZA,Tanzania,L,L,L,L,L,L,L,L,L,L,L,L,L,L,L,L,L,L,L,L,L,L,L,L,L,L,L,L,L,L,L,L,LM,LM,LM,LM,LM,LM,,,,,,,,,,,,,,,,,,,,,,,,,,,,,,,,,,,,,,,,,,,,,,,,,,,,,,,,,,,,,,,,,,,,,,,,,,,,,,,,,,,,,,,,,,,,,,,,,,,,,,,,,,,,,,,,,,,,,,,,,,,,,,,,,,,,,,,,,,,,,,,,,,,,,,,,,,,,,,,,,,,,,,,,,,,,,,,,,,,,,,,,,,,,,,,,,,,,,,,,,,,,,,,,,,,,,,
THA,Thailand,LM,LM,LM,LM,LM,LM,LM,LM,LM,LM,LM,LM,LM,LM,LM,LM,LM,LM,LM,LM,LM,LM,LM,UM,UM,UM,UM,UM,UM,UM,UM,UM,UM,UM,UM,UM,UM,UM,,,,,,,,,,,,,,,,,,,,,,,,,,,,,,,,,,,,,,,,,,,,,,,,,,,,,,,,,,,,,,,,,,,,,,,,,,,,,,,,,,,,,,,,,,,,,,,,,,,,,,,,,,,,,,,,,,,,,,,,,,,,,,,,,,,,,,,,,,,,,,,,,,,,,,,,,,,,,,,,,,,,,,,,,,,,,,,,,,,,,,,,,,,,,,,,,,,,,,,,,,,,,,,,,,,,,,
TLS,Timor-Leste,..,..,..,..,..,..,..,..,..,..,..,..,..,..,L,L,L,L,L,L,LM,LM,LM,LM,LM,LM,LM,LM,LM,LM,LM,LM,LM,LM,LM,LM,LM,LM,,,,,,,,,,,,,,,,,,,,,,,,,,,,,,,,,,,,,,,,,,,,,,,,,,,,,,,,,,,,,,,,,,,,,,,,,,,,,,,,,,,,,,,,,,,,,,,,,,,,,,,,,,,,,,,,,,,,,,,,,,,,,,,,,,,,,,,,,,,,,,,,,,,,,,,,,,,,,,,,,,,,,,,,,,,,,,,,,,,,,,,,,,,,,,,,,,,,,,,,,,,,,,,,,,,,,,
TGO,Togo,L,L,L,L,L,L,L,L,L,L,L,L,L,L,L,L,L,L,L,L,L,L,L,L,L,L,L,L,L,L,L,L,L,L,L,L,L,L,,,,,,,,,,,,,,,,,,,,,,,,,,,,,,,,,,,,,,,,,,,,,,,,,,,,,,,,,,,,,,,,,,,,,,,,,,,,,,,,,,,,,,,,,,,,,,,,,,,,,,,,,,,,,,,,,,,,,,,,,,,,,,,,,,,,,,,,,,,,,,,,,,,,,,,,,,,,,,,,,,,,,,,,,,,,,,,,,,,,,,,,,,,,,,,,,,,,,,,,,,,,,,,,,,,,,,
TON,Tonga,LM,LM,LM,LM,LM,LM,LM,LM,LM,LM,LM,LM,LM,LM,LM,LM,LM,LM,LM,LM,LM,LM,LM,LM,LM,UM,UM,UM,LM,UM,UM,UM,UM,UM,UM,UM,UM,UM,,,,,,,,,,,,,,,,,,,,,,,,,,,,,,,,,,,,,,,,,,,,,,,,,,,,,,,,,,,,,,,,,,,,,,,,,,,,,,,,,,,,,,,,,,,,,,,,,,,,,,,,,,,,,,,,,,,,,,,,,,,,,,,,,,,,,,,,,,,,,,,,,,,,,,,,,,,,,,,,,,,,,,,,,,,,,,,,,,,,,,,,,,,,,,,,,,,,,,,,,,,,,,,,,,,,,,
TTO,Trinidad and Tobago,UM,UM,UM,UM,UM,UM,UM,UM,UM,UM,UM,UM,UM,UM,UM,UM,UM,UM,UM,H,H,H,H,H,H,H,H,H,H,H,H,H,H,H,H,H,H,H,,,,,,,,,,,,,,,,,,,,,,,,,,,,,,,,,,,,,,,,,,,,,,,,,,,,,,,,,,,,,,,,,,,,,,,,,,,,,,,,,,,,,,,,,,,,,,,,,,,,,,,,,,,,,,,,,,,,,,,,,,,,,,,,,,,,,,,,,,,,,,,,,,,,,,,,,,,,,,,,,,,,,,,,,,,,,,,,,,,,,,,,,,,,,,,,,,,,,,,,,,,,,,,,,,,,,,
TUN,Tunisia,LM,LM,LM,LM,LM,LM,LM,LM,LM,LM,LM,LM,LM,LM,LM,LM,LM,LM,LM,LM,LM,LM,LM,UM,UM,UM,UM,UM,LM,LM,LM,LM,LM,LM,LM,LM,LM,LM,,,,,,,,,,,,,,,,,,,,,,,,,,,,,,,,,,,,,,,,,,,,,,,,,,,,,,,,,,,,,,,,,,,,,,,,,,,,,,,,,,,,,,,,,,,,,,,,,,,,,,,,,,,,,,,,,,,,,,,,,,,,,,,,,,,,,,,,,,,,,,,,,,,,,,,,,,,,,,,,,,,,,,,,,,,,,,,,,,,,,,,,,,,,,,,,,,,,,,,,,,,,,,,,,,,,,,
TUR,Türkiye,LM,LM,LM,LM,LM,LM,LM,LM,LM,LM,UM,UM,LM,UM,LM,LM,LM,UM,UM,UM,UM,UM,UM,UM,UM,UM,UM,UM,UM,UM,UM,UM,UM,UM,UM,UM,UM,UM,,,,,,,,,,,,,,,,,,,,,,,,,,,,,,,,,,,,,,,,,,,,,,,,,,,,,,,,,,,,,,,,,,,,,,,,,,,,,,,,,,,,,,,,,,,,,,,,,,,,,,,,,,,,,,,,,,,,,,,,,,,,,,,,,,,,,,,,,,,,,,,,,,,,,,,,,,,,,,,,,,,,,,,,,,,,,,,,,,,,,,,,,,,,,,,,,,,,,,,,,,,,,,,,,,,,,,
TKM,Turkmenistan,..,..,..,..,LM,LM,LM,LM,LM,LM,L,L,L,LM,LM,LM,LM,LM,LM,LM,LM,LM,LM,LM,UM,UM,UM,UM,UM,UM,UM,UM,UM,UM,UM,UM,UM,UM,,,,,,,,,,,,,,,,,,,,,,,,,,,,,,,,,,,,,,,,,,,,,,,,,,,,,,,,,,,,,,,,,,,,,,,,,,,,,,,,,,,,,,,,,,,,,,,,,,,,,,,,,,,,,,,,,,,,,,,,,,,,,,,,,,,,,,,,,,,,,,,,,,,,,,,,,,,,,,,,,,,,,,,,,,,,,,,,,,,,,,,,,,,,,,,,,,,,,,,,,,,,,,,,,,,,,,
TCA,Turks and Caicos Islands,..,..,..,..,..,..,..,..,..,..,..,..,..,..,..,..,..,..,..,..,..,..,H,H,H,H,H,H,H,H,H,H,H,H,H,H,H,H,,,,,,,,,,,,,,,,,,,,,,,,,,,,,,,,,,,,,,,,,,,,,,,,,,,,,,,,,,,,,,,,,,,,,,,,,,,,,,,,,,,,,,,,,,,,,,,,,,,,,,,,,,,,,,,,,,,,,,,,,,,,,,,,,,,,,,,,,,,,,,,,,,,,,,,,,,,,,,,,,,,,,,,,,,,,,,,,,,,,,,,,,,,,,,,,,,,,,,,,,,,,,,,,,,,,,,
TUV,Tuvalu,..,..,..,..,..,..,..,..,..,..,..,..,..,..,..,..,..,..,..,..,..,..,LM,LM,UM,UM,UM,UM,UM,UM,UM,UM,UM,UM,UM,UM,UM,UM,,,,,,,,,,,,,,,,,,,,,,,,,,,,,,,,,,,,,,,,,,,,,,,,,,,,,,,,,,,,,,,,,,,,,,,,,,,,,,,,,,,,,,,,,,,,,,,,,,,,,,,,,,,,,,,,,,,,,,,,,,,,,,,,,,,,,,,,,,,,,,,,,,,,,,,,,,,,,,,,,,,,,,,,,,,,,,,,,,,,,,,,,,,,,,,,,,,,,,,,,,,,,,,,,,,,,,
UGA,Uganda,L,L,L,L,L,L,L,L,L,L,L,L,L,L,L,L,L,L,L,L,L,L,L,L,L,L,L,L,L,L,L,L,L,L,L,L,L,L,,,,,,,,,,,,,,,,,,,,,,,,,,,,,,,,,,,,,,,,,,,,,,,,,,,,,,,,,,,,,,,,,,,,,,,,,,,,,,,,,,,,,,,,,,,,,,,,,,,,,,,,,,,,,,,,,,,,,,,,,,,,,,,,,,,,,,,,,,,,,,,,,,,,,,,,,,,,,,,,,,,,,,,,,,,,,,,,,,,,,,,,,,,,,,,,,,,,,,,,,,,,,,,,,,,,,,
UKR,Ukraine,..,..,..,..,LM,LM,LM,LM,LM,LM,LM,LM,L,L,L,LM,LM,LM,LM,LM,LM,LM,LM,LM,LM,LM,LM,LM,LM,LM,LM,LM,LM,LM,LM,LM,UM,UM,,,,,,,,,,,,,,,,,,,,,,,,,,,,,,,,,,,,,,,,,,,,,,,,,,,,,,,,,,,,,,,,,,,,,,,,,,,,,,,,,,,,,,,,,,,,,,,,,,,,,,,,,,,,,,,,,,,,,,,,,,,,,,,,,,,,,,,,,,,,,,,,,,,,,,,,,,,,,,,,,,,,,,,,,,,,,,,,,,,,,,,,,,,,,,,,,,,,,,,,,,,,,,,,,,,,,,
ARE,United Arab Emirates,H,H,H,H,H,H,H,H,H,H,H,H,H,H,H,H,H,H,H,H,H,H,H,H,H,H,H,H,H,H,H,H,H,H,H,H,H,H,,,,,,,,,,,,,,,,,,,,,,,,,,,,,,,,,,,,,,,,,,,,,,,,,,,,,,,,,,,,,,,,,,,,,,,,,,,,,,,,,,,,,,,,,,,,,,,,,,,,,,,,,,,,,,,,,,,,,,,,,,,,,,,,,,,,,,,,,,,,,,,,,,,,,,,,,,,,,,,,,,,,,,,,,,,,,,,,,,,,,,,,,,,,,,,,,,,,,,,,,,,,,,,,,,,,,,
GBR,United Kingdom,H,H,H,H,H,H,H,H,H,H,H,H,H,H,H,H,H,H,H,H,H,H,H,H,H,H,H,H,H,H,H,H,H,H,H,H,H,H,,,,,,,,,,,,,,,,,,,,,,,,,,,,,,,,,,,,,,,,,,,,,,,,,,,,,,,,,,,,,,,,,,,,,,,,,,,,,,,,,,,,,,,,,,,,,,,,,,,,,,,,,,,,,,,,,,,,,,,,,,,,,,,,,,,,,,,,,,,,,,,,,,,,,,,,,,,,,,,,,,,,,,,,,,,,,,,,,,,,,,,,,,,,,,,,,,,,,,,,,,,,,,,,,,,,,,
USA,United States,H,H,H,H,H,H,H,H,H,H,H,H,H,H,H,H,H,H,H,H,H,H,H,H,H,H,H,H,H,H,H,H,H,H,H,H,H,H,,,,,,,,,,,,,,,,,,,,,,,,,,,,,,,,,,,,,,,,,,,,,,,,,,,,,,,,,,,,,,,,,,,,,,,,,,,,,,,,,,,,,,,,,,,,,,,,,,,,,,,,,,,,,,,,,,,,,,,,,,,,,,,,,,,,,,,,,,,,,,,,,,,,,,,,,,,,,,,,,,,,,,,,,,,,,,,,,,,,,,,,,,,,,,,,,,,,,,,,,,,,,,,,,,,,,,
URY,Uruguay,UM,UM,UM,UM,UM,UM,UM,UM,UM,UM,UM,UM,UM,UM,UM,UM,UM,UM,UM,UM,UM,UM,UM,UM,UM,H,H,H,H,H,H,H,H,H,H,H,H,H,,,,,,,,,,,,,,,,,,,,,,,,,,,,,,,,,,,,,,,,,,,,,,,,,,,,,,,,,,,,,,,,,,,,,,,,,,,,,,,,,,,,,,,,,,,,,,,,,,,,,,,,,,,,,,,,,,,,,,,,,,,,,,,,,,,,,,,,,,,,,,,,,,,,,,,,,,,,,,,,,,,,,,,,,,,,,,,,,,,,,,,,,,,,,,,,,,,,,,,,,,,,,,,,,,,,,,
UZB,Uzbekistan,..,..,..,..,LM,LM,LM,LM,LM,LM,LM,LM,L,L,L,L,L,L,L,L,L,L,LM,LM,LM,LM,LM,LM,LM,LM,LM,LM,LM,LM,LM,LM,LM,LM,,,,,,,,,,,,,,,,,,,,,,,,,,,,,,,,,,,,,,,,,,,,,,,,,,,,,,,,,,,,,,,,,,,,,,,,,,,,,,,,,,,,,,,,,,,,,,,,,,,,,,,,,,,,,,,,,,,,,,,,,,,,,,,,,,,,,,,,,,,,,,,,,,,,,,,,,,,,,,,,,,,,,,,,,,,,,,,,,,,,,,,,,,,,,,,,,,,,,,,,,,,,,,,,,,,,,,
VUT,Vanuatu,LM,LM,LM,LM,LM,LM,LM,LM,LM,LM,LM,LM,LM,LM,LM,LM,LM,LM,LM,LM,LM,LM,LM,LM,LM,LM,LM,LM,LM,LM,LM,LM,LM,LM,LM,LM,LM,LM,,,,,,,,,,,,,,,,,,,,,,,,,,,,,,,,,,,,,,,,,,,,,,,,,,,,,,,,,,,,,,,,,,,,,,,,,,,,,,,,,,,,,,,,,,,,,,,,,,,,,,,,,,,,,,,,,,,,,,,,,,,,,,,,,,,,,,,,,,,,,,,,,,,,,,,,,,,,,,,,,,,,,,,,,,,,,,,,,,,,,,,,,,,,,,,,,,,,,,,,,,,,,,,,,,,,,,
VEN,"Venezuela, RB",UM,UM,UM,UM,UM,UM,UM,LM,LM,LM,UM,UM,UM,UM,UM,UM,UM,UM,UM,UM,UM,UM,UM,UM,UM,UM,UM,H,UM,UM,UM,UM,UM,,,,,,,,,,,,,,,,,,,,,,,,,,,,,,,,,,,,,,,,,,,,,,,,,,,,,,,,,,,,,,,,,,,,,,,,,,,,,,,,,,,,,,,,,,,,,,,,,,,,,,,,,,,,,,,,,,,,,,,,,,,,,,,,,,,,,,,,,,,,,,,,,,,,,,,,,,,,,,,,,,,,,,,,,,,,,,,,,,,,,,,,,,,,,,,,,,,,,,,,,,,,,,,,,,,,,,,,,,,
VNM,Viet Nam,L,L,L,L,L,L,L,L,L,L,L,L,L,L,L,L,L,L,L,L,L,L,LM,LM,LM,LM,LM,LM,LM,LM,LM,LM,LM,LM,LM,LM,LM,LM,,,,,,,,,,,,,,,,,,,,,,,,,,,,,,,,,,,,,,,,,,,,,,,,,,,,,,,,,,,,,,,,,,,,,,,,,,,,,,,,,,,,,,,,,,,,,,,,,,,,,,,,,,,,,,,,,,,,,,,,,,,,,,,,,,,,,,,,,,,,,,,,,,,,,,,,,,,,,,,,,,,,,,,,,,,,,,,,,,,,,,,,,,,,,,,,,,,,,,,,,,,,,,,,,,,,,,
VIR,Virgin Islands (U.S.),H,H,H,H,H,H,H,H,H,H,H,H,H,H,H,H,H,H,H,H,H,H,H,H,H,H,H,H,H,H,H,H,H,H,H,H,H,H,,,,,,,,,,,,,,,,,,,,,,,,,,,,,,,,,,,,,,,,,,,,,,,,,,,,,,,,,,,,,,,,,,,,,,,,,,,,,,,,,,,,,,,,,,,,,,,,,,,,,,,,,,,,,,,,,,,,,,,,,,,,,,,,,,,,,,,,,,,,,,,,,,,,,,,,,,,,,,,,,,,,,,,,,,,,,,,,,,,,,,,,,,,,,,,,,,,,,,,,,,,,,,,,,,,,,,
PSE,West Bank and Gaza,..,..,..,..,..,..,..,LM,LM,LM,LM,LM,LM,LM,LM,LM,LM,LM,LM,LM,LM,LM,LM,LM,LM,LM,LM,LM,LM,LM,LM,LM,LM,LM,LM,UM,LM,LM,,,,,,,,,,,,,,,,,,,,,,,,,,,,,,,,,,,,,,,,,,,,,,,,,,,,,,,,,,,,,,,,,,,,,,,,,,,,,,,,,,,,,,,,,,,,,,,,,,,,,,,,,,,,,,,,,,,,,,,,,,,,,,,,,,,,,,,,,,,,,,,,,,,,,,,,,,,,,,,,,,,,,,,,,,,,,,,,,,,,,,,,,,,,,,,,,,,,,,,,,,,,,,,,,,,,,,
YEM,"Yemen, Rep.",LM*,LM*,LM,LM,L,L,L,L,L,L,L,L,L,L,L,L,L,L,L,L,L,L,LM,LM,LM,LM,LM,LM,LM,LM,L,L,L,L,L,L,L,L,,,,,,,,,,,,,,,,,,,,,,,,,,,,,,,,,,,,,,,,,,,,,,,,,,,,,,,,,,,,,,,,,,,,,,,,,,,,,,,,,,,,,,,,,,,,,,,,,,,,,,,,,,,,,,,,,,,,,,,,,,,,,,,,,,,,,,,,,,,,,,,,,,,,,,,,,,,,,,,,,,,,,,,,,,,,,,,,,,,,,,,,,,,,,,,,,,,,,,,,,,,,,,,,,,,,,,
ZMB,Zambia,L,L,L,L,L,L,L,L,L,L,L,L,L,L,L,L,L,L,L,L,L,L,L,LM,LM,LM,LM,LM,LM,LM,LM,LM,LM,LM,L,LM,LM,LM,,,,,,,,,,,,,,,,,,,,,,,,,,,,,,,,,,,,,,,,,,,,,,,,,,,,,,,,,,,,,,,,,,,,,,,,,,,,,,,,,,,,,,,,,,,,,,,,,,,,,,,,,,,,,,,,,,,,,,,,,,,,,,,,,,,,,,,,,,,,,,,,,,,,,,,,,,,,,,,,,,,,,,,,,,,,,,,,,,,,,,,,,,,,,,,,,,,,,,,,,,,,,,,,,,,,,,
ZWE,Zimbabwe,LM,LM,LM,LM,L,L,L,L,L,L,L,L,L,L,L,L,L,L,L,L,L,L,L,L,L,L,L,L,L,L,L,LM,LM,LM,LM,LM,LM,LM,,,,,,,,,,,,,,,,,,,,,,,,,,,,,,,,,,,,,,,,,,,,,,,,,,,,,,,,,,,,,,,,,,,,,,,,,,,,,,,,,,,,,,,,,,,,,,,,,,,,,,,,,,,,,,,,,,,,,,,,,,,,,,,,,,,,,,,,,,,,,,,,,,,,,,,,,,,,,,,,,,,,,,,,,,,,,,,,,,,,,,,,,,,,,,,,,,,,,,,,,,,,,,,,,,,,,,
,,,,,,,,,,,,,,,,,,,,,,,,,,,,,,,,,,,,,,,,,,,,,,,,,,,,,,,,,,,,,,,,,,,,,,,,,,,,,,,,,,,,,,,,,,,,,,,,,,,,,,,,,,,,,,,,,,,,,,,,,,,,,,,,,,,,,,,,,,,,,,,,,,,,,,,,,,,,,,,,,,,,,,,,,,,,,,,,,,,,,,,,,,,,,,,,,,,,,,,,,,,,,,,,,,,,,,,,,,,,,,,,,,,,,,,,,,,,,,,,,,,,,,,,,,,,,
,"* At this time, there were Yemen, PDR (L) and Yemen, Arab Rep. (LM); combined they would have been LM.",,,,,,,,,,,,,,,,,,,,,,,,,,,,,,,,,,,,,,,,,,,,,,,,,,,,,,,,,,,,,,,,,,,,,,,,,,,,,,,,,,,,,,,,,,,,,,,,,,,,,,,,,,,,,,,,,,,,,,,,,,,,,,,,,,,,,,,,,,,,,,,,,,,,,,,,,,,,,,,,,,,,,,,,,,,,,,,,,,,,,,,,,,,,,,,,,,,,,,,,,,,,,,,,,,,,,,,,,,,,,,,,,,,,,,,,,,,,,,,,,,,,,,,,,,,,
,,,,,,,,,,,,,,,,,,,,,,,,,,,,,,,,,,,,,,,,,,,,,,,,,,,,,,,,,,,,,,,,,,,,,,,,,,,,,,,,,,,,,,,,,,,,,,,,,,,,,,,,,,,,,,,,,,,,,,,,,,,,,,,,,,,,,,,,,,,,,,,,,,,,,,,,,,,,,,,,,,,,,,,,,,,,,,,,,,,,,,,,,,,,,,,,,,,,,,,,,,,,,,,,,,,,,,,,,,,,,,,,,,,,,,,,,,,,,,,,,,,,,,,,,,,,,
CSK,Czechoslovakia (former),..,..,..,UM,UM,,,,,,,,,,,,,,,,,,,,,,,,,,,,,,,,,,,,,,,,,,,,,,,,,,,,,,,,,,,,,,,,,,,,,,,,,,,,,,,,,,,,,,,,,,,,,,,,,,,,,,,,,,,,,,,,,,,,,,,,,,,,,,,,,,,,,,,,,,,,,,,,,,,,,,,,,,,,,,,,,,,,,,,,,,,,,,,,,,,,,,,,,,,,,,,,,,,,,,,,,,,,,,,,,,,,,,,,,,,,,,,,,,,,,,,,,,,,,,,,,,,,,,,
MYT,Mayotte,..,..,..,H,UM,UM,UM,UM,UM,UM,UM,UM,UM,UM,UM,UM,UM,UM,UM,UM,UM,UM,UM,UM,,,,,,,,,,,,,,,,,,,,,,,,,,,,,,,,,,,,,,,,,,,,,,,,,,,,,,,,,,,,,,,,,,,,,,,,,,,,,,,,,,,,,,,,,,,,,,,,,,,,,,,,,,,,,,,,,,,,,,,,,,,,,,,,,,,,,,,,,,,,,,,,,,,,,,,,,,,,,,,,,,,,,,,,,,,,,,,,,,,,,,,,,,,,,,,,,,,,,,,,,,,,,,,,,,,,,,,,,,,,,,,,,,,,
ANT,Netherlands Antilles (former),UM,UM,UM,UM,UM,UM,UM,H,H,H,H,H,H,H,H,H,H,H,H,H,H,H,H,,,,,,,,,,,,,,,,,,,,,,,,,,,,,,,,,,,,,,,,,,,,,,,,,,,,,,,,,,,,,,,,,,,,,,,,,,,,,,,,,,,,,,,,,,,,,,,,,,,,,,,,,,,,,,,,,,,,,,,,,,,,,,,,,,,,,,,,,,,,,,,,,,,,,,,,,,,,,,,,,,,,,,,,,,,,,,,,,,,,,,,,,,,,,,,,,,,,,,,,,,,,,,,,,,,,,,,,,,,,,,,,,,,,,
YUG,Serbia and Montenegro (former),..,..,..,..,..,LM,LM,LM,LM,LM,LM,LM,LM,LM,LM,LM,LM,LM,LM,,,,,,,,,,,,,,,,,,,,,,,,,,,,,,,,,,,,,,,,,,,,,,,,,,,,,,,,,,,,,,,,,,,,,,,,,,,,,,,,,,,,,,,,,,,,,,,,,,,,,,,,,,,,,,,,,,,,,,,,,,,,,,,,,,,,,,,,,,,,,,,,,,,,,,,,,,,,,,,,,,,,,,,,,,,,,,,,,,,,,,,,,,,,,,,,,,,,,,,,,,,,,,,,,,,,,,,,,,,,,,,,,,,,,,,,,
SUN,USSR (former),..,..,..,UM,,,,,,,,,,,,,,,,,,,,,,,,,,,,,,,,,,,,,,,,,,,,,,,,,,,,,,,,,,,,,,,,,,,,,,,,,,,,,,,,,,,,,,,,,,,,,,,,,,,,,,,,,,,,,,,,,,,,,,,,,,,,,,,,,,,,,,,,,,,,,,,,,,,,,,,,,,,,,,,,,,,,,,,,,,,,,,,,,,,,,,,,,,,,,,,,,,,,,,,,,,,,,,,,,,,,,,,,,,,,,,,,,,,,,,,,,,,,,,,,,,,,,,,,
YUGf,Yugoslavia (former),UM,UM,UM,UM,UM,,,,,,,,,,,,,,,,,,,,,,,,,,,,,,,,,,,,,,,,,,,,,,,,,,,,,,,,,,,,,,,,,,,,,,,,,,,,,,,,,,,,,,,,,,,,,,,,,,,,,,,,,,,,,,,,,,,,,,,,,,,,,,,,,,,,,,,,,,,,,,,,,,,,,,,,,,,,,,,,,,,,,,,,,,,,,,,,,,,,,,,,,,,,,,,,,,,,,,,,,,,,,,,,,,,,,,,,,,,,,,,,,,,,,,,,,,,,,,,,,,,,,,,
,,,,,,,,,,,,,,,,,,,,,,,,,,,,,,,,,,,,,,,,,,,,,,,,,,,,,,,,,,,,,,,,,,,,,,,,,,,,,,,,,,,,,,,,,,,,,,,,,,,,,,,,,,,,,,,,,,,,,,,,,,,,,,,,,,,,,,,,,,,,,,,,,,,,,,,,,,,,,,,,,,,,,,,,,,,,,,,,,,,,,,,,,,,,,,,,,,,,,,,,,,,,,,,,,,,,,,,,,,,,,,,,,,,,,,,,,,,,,,,,,,,,,,,,,,,,,
,"Note: Income classifications are set each year on July 1 for all World Bank member economies, and all other economies with populations of more than 30,000. These official analytical classifications are fixed during the World Bank's fiscal year (ending on June 30), thus economies remain in the categories in which they are classified irrespective of any revisions to their per capita income data. The historical classifications shown are as published on July 1 of each fiscal year.",,,,,,,,,,,,,,,,,,,,,,,,,,,,,,,,,,,,,,,,,,,,,,,,,,,,,,,,,,,,,,,,,,,,,,,,,,,,,,,,,,,,,,,,,,,,,,,,,,,,,,,,,,,,,,,,,,,,,,,,,,,,,,,,,,,,,,,,,,,,,,,,,,,,,,,,,,,,,,,,,,,,,,,,,,,,,,,,,,,,,,,,,,,,,,,,,,,,,,,,,,,,,,,,,,,,,,,,,,,,,,,,,,,,,,,,,,,,,,,,,,,,,,,,,,,,

World Bank Operational Income Category Changes,,,,,,,,,,
(Note: change of operational income category does not designate a change in lending classification (see https://datahelpdesk.worldbank.org/knowledgebase/articles/378834-how-does-the-world-bank-classify-countries for more information.),,,,,,,,,,
,,,,,,,,,,
I. Civil Works Preference,,,,From FY09 onward:,,,,,,
II. IDA Eligibility or 20-Year IBRD Terms,,,,I. Civil Works Preference,,,,,,
III. 17-Year IBRD Terms,,,,II. Effective IDA Eligibility,,,,,,
IV. 15-Year IBRD Terms,,,,III. IBRD Terms,,,,,,
V. IBRD Graduation,,,,IV. IBRD Graduation,,,,,,
,,,,,,,,,,
Country,Fiscal year,From,To,,,,,,,
Chile,FY80,III,IV,,,,,,,
Jamaica,FY80,III,IV,,,,,,,
Morocco,FY80,II,III,,,,,,,
Panama,FY80,IV,III,,,,,,,
Sudan,FY80,II,I,,,,,,,
Togo,FY80,II,I,,,,,,,
Botswana,FY81,II,III,,,,,,,
Kenya,FY81,I,II,,,,,,,
Korea,FY81,III,IV,,,,,,,
Mexico,FY81,III,IV,,,,,,,
Sudan,FY81,I,II,,,,,,,
Jamaica,FY81,IV,III,,,,,,,
Nicaragua,FY81,III,II,,,,,,,
Lesotho,FY82,I,II,,,,,,,
Malaysia,FY82,III,IV,,,,,,,
Nigeria,FY82,II,III,,,,,,,
Panama,FY82,III,IV,,,,,,,
Papua New Guinea,FY82,II,III,,,,,,,
Togo,FY82,I,II,,,,,,,
Congo,FY83,II,III,,,,,,,
Grenada,FY83,II,III,,,,,,,
Mauritania,FY83,I,II,,,,,,,
Nicaragua,FY83,II,III,,,,,,,
Swaziland,FY83,II,III,,,,,,,
Zimbabwe,FY83,II,III,,,,,,,
Costa Rica,FY83,IV,III,,,,,,,
Ghana,FY83,II,I,,,,,,,
São Tomé and Príncipe,FY83,II,I,,,,,,,
Sudan,FY83,II,I,,,,,,,
Togo,FY83,II,I,,,,,,,
Cameroon,FY84,II,III,,,,,,,
Jordan,FY84,III,IV,,,,,,,
Maldives,FY84,I,II,,,,,,,
Philippines,FY84,II,III,,,,,,,
Sudan,FY84,I,II,,,,,,,
Grenada,FY84,III,II,,,,,,,
Kenya,FY84,II,I,,,,,,,
Dominica,FY85,II,III,,,,,,,
Grenada,FY85,II,III,,,,,,,
St. Vincent,FY85,II,III,,,,,,,
Syria,FY85,III,IV,,,,,,,
Thailand,FY85,II,III,,,,,,,
Côte d’Ivoire,FY85,III,II,,,,,,,
Morocco,FY85,III,II,,,,,,,
Nigeria,FY85,III,II,,,,,,,
Papua New Guinea,FY85,III,II,,,,,,,
Philippines,FY85,III,II,,,,,,,
Sudan,FY85,II,I,,,,,,,
Zimbabwe,FY85,III,II,,,,,,,
Senegal,FY86,II,I,,,,,,,
Cape Verde,FY87,I,II,,,,,,,
Chile,FY87,IV,III,,,,,,,
Jordan,FY87,IV,III,,,,,,,
Maldives,FY87,II,I,,,,,,,
Suriname,FY87,V,IV,,,,,,,
Swaziland,FY87,III,II,,,,,,,
Syria,FY87,IV,III,,,,,,,
Zambia,FY87,II,I,,,,,,,
Dominican Republic,FY88,III,II,,,,,,,
Lesotho,FY88,II,I,,,,,,,
Mauritania,FY88,II,I,,,,,,,
Nicaragua,FY88,III,II,,,,,,,
Thailand,FY88,III,II,,,,,,,
Uruguay,FY88,IV,III,,,,,,,
"Venezuela, RB",FY88,V,IV,,,,,,,
Senegal,FY89,I,II,,,,,,,
Uruguay,FY89,III,IV,,,,,,,
Congo,FY89,III,II,,,,,,,
Fiji,FY89,IV,III,,,,,,,
Gabon,FY89,V,IV,,,,,,,
Guatemala,FY89,III,II,,,,,,,
Guyana,FY89,II,I,,,,,,,
Indonesia,FY89,II,I,,,,,,,
Liberia,FY89,II,I,,,,,,,
Malaysia,FY89,IV,III,,,,,,,
Mexico,FY89,IV,III,,,,,,,
Nigeria,FY89,II,I,,,,,,,
Poland,FY89,IV,III,,,,,,,
Solomon Islands,FY89,II,I,,,,,,,
"Yemen, PDR",FY89,II,I,,,,,,,
Kiribati,FY90,I,II,,,,,,,
St. Kitts and Nevis,FY90,III,IV,,,,,,,
Vanuatu,FY90,I,II,,,,,,,
Cameroon,FY90,III,II,,,,,,,
Trinidad and Tobago,FY90,V,IV,,,,,,,
"Korea, Rep.",FY91,IV,V,,,,,,,
Portugal,FY91,IV,V,,,,,,,
Seychelles,FY91,IV,V,,,,,,,
Thailand,FY91,II,III,,,,,,,
Algeria,FY91,IV,III,,,,,,,
Argentina,FY91,IV,III,,,,,,,
Ecuador,FY91,III,II,,,,,,,
Panama,FY91,IV,III,,,,,,,
Paraguay,FY91,III,II,,,,,,,
Peru,FY91,III,II,,,,,,,
Syrian Arab Republic,FY91,III,II,,,,,,,
Antigua & Barbuda,FY92,IV,V,,,,,,,
Mexico,FY92,III,IV,,,,,,,
Egypt,FY92,II,I,,,,,,,
Honduras,FY92,II,I,,,,,,,
Romania,FY92,IV,III,,,,,,,
Argentina,FY93,III,IV,,,,,,,
Botswana,FY93,III,IV,,,,,,,
Czechia,FY93,IV,III,,,,,,,
Jordan,FY93,III,II,,,,,,,
Nicaragua,FY93,II,I,,,,,,,
"Yemen, Rep.",FY93,II,I,,,,,,,
Zimbabwe,FY93,II,I,,,,,,,
Argentina,FY94,IV,V,,,,,,,
Malaysia,FY94,III,IV,,,,,,,
Mauritius,FY94,III,IV,,,,,,,
Namibia,FY94,II,III,,,,,,,
Paraguay,FY94,II,III,,,,,,,
Solomon Islands,FY94,I,II,,,,,,,
St. Lucia,FY94,III,IV,,,,,,,
Tonga,FY94,II,III,,,,,,,
Armenia,FY94,III,II,,,,,,,
Azerbaijan,FY94,III,II,,,,,,,
Colombia,FY94,III,II,,,,,,,
Georgia,FY94,III,II,,,,,,,
Kyrgyz Republic,FY94,III,II,,,,,,,
Latvia,FY94,IV,III,,,,,,,
Lithuania,FY94,IV,III,,,,,,,
Moldova,FY94,III,II,,,,,,,
Romania,FY94,III,II,,,,,,,
Russian Federation,FY94,IV,III,,,,,,,
Tajikistan,FY94,II,I,,,,,,,
Turkmenistan,FY94,III,II,,,,,,,
Uzbekistan,FY94,III,II,,,,,,,
Chile,FY95,III,IV,,,,,,,
Colombia,FY95,II,III,,,,,,,
Indonesia,FY95,I,II,,,,,,,
Maldives,FY95,I,II,,,,,,,
Peru,FY95,II,III,,,,,,,
Albania,FY95,II,I,,,,,,,
Armenia,FY95,II,I,,,,,,,
Botswana,FY95,IV,III,,,,,,,
Bulgaria,FY95,III,II,,,,,,,
Côte d’Ivoire,FY95,II,I,,,,,,,
Georgia,FY95,II,I,,,,,,,
Lithuania,FY95,III,II,,,,,,,
Mongolia,FY95,II,I,,,,,,,
Suriname,FY95,IV,II,,,,,,,
Czechia,FY96,III,IV,,,,,,,
El Salvador,FY96,II,III,,,,,,,
Azerbaijan,FY96,II,I,,,,,,,
Belarus,FY96,IV,III,,,,,,,
Cameroon,FY96,II,I,,,,,,,
Congo,FY96,II,I,,,,,,,
Estonia,FY96,IV,III,,,,,,,
Kazakhstan,FY96,III,II,,,,,,,
Kyrgyz Republic,FY96,II,I,,,,,,,
Senegal,FY96,II,I,,,,,,,
Venezuela,FY96,IV,III,,,,,,,
Croatia,FY97,III,IV,,,,,,,
"Egypt, Arab Rep.",FY97,I,II,,,,,,,
Jordan,FY97,II,III,,,,,,,
Lesotho,FY97,I,II,,,,,,,
Lithuania,FY97,II,III,,,,,,,
Angola,FY97,II,I,,,,,,,
Albania,FY98,I,II,,,,,,,
Dominican Republic,FY98,II,III,,,,,,,
Ecuador,FY98,II,III,,,,,,,
Georgia,FY98,I,II,,,,,,,
Grenada,FY98,III,IV,,,,,,,
Poland,FY98,III,IV,,,,,,,
Slovak Republic,FY98,III,IV,,,,,,,
St. Kitts and Nevis,FY98,IV,V,,,,,,,
Uruguay,FY98,IV,V,,,,,,,
Lesotho,FY98,II,I,,,,,,,
Moldova,FY98,II,I,,,,,,,
Ukraine,FY98,III,II,,,,,,,
Botswana,FY99,III,IV,,,,,,,
China,FY99,I,II,,,,,,,
Equatorial Guinea,FY99,I,II,,,,,,,
Estonia,FY99,III,IV,,,,,,,
Guyana,FY99,I,II,,,,,,,
Lebanon,FY99,III,IV,,,,,,,
Sri Lanka,FY99,I,II,,,,,,,
Türkiye,FY99,III,IV,,,,,,,
"Venezuela, RB",FY99,III,IV,,,,,,,
Albania,FY99,II,I,,,,,,,
Algeria,FY99,III,II,,,,,,,
Grenada,FY99,IV,III,,,,,,,
Turkmenistan,FY99,II,I,,,,,,,
Albania,FY00,I,II,,,,,,,
Algeria,FY00,II,III,,,,,,,
Bosnia and Herzegovina,FY00,I,II,,,,,,,
Equatorial Guinea,FY00,II,III,,,,,,,
Grenada,FY00,III,IV,,,,,,,
Guatemala,FY00,II,III,,,,,,,
Panama,FY00,III,IV,,,,,,,
Suriname,FY00,II,III,,,,,,,
China,FY00,II,I,,,,,,,
Indonesia,FY00,II,I,,,,,,,
Solomon Islands,FY00,II,I,,,,,,,
South Africa,FY00,IV,III,,,,,,,
China,FY01,I,II,,,,,,,
Dominica,FY01,III,IV,,,,,,,
Honduras,FY01,I,II,,,,,,,
"Macedonia, FYR",FY01,II,III,,,,,,,
Romania,FY01,II,III,,,,,,,
South Africa,FY01,III,IV,,,,,,,
Ecuador,FY01,III,II,,,,,,,
Equatorial Guinea,FY01,III,II,,,,,,,
Georgia,FY01,II,I,,,,,,,
Türkiye,FY01,IV,III,,,,,,,
Ukraine,FY01,II,I,,,,,,,
Uzbekistan,FY01,II,I,,,,,,,
Bulgaria,FY02,II,III,,,,,,,
Costa Rica,FY02,III,IV,,,,,,,
"Egypt, Arab Rep.",FY02,II,III,,,,,,,
Maldives,FY02,II,III,,,,,,,
Samoa,FY02,II,III,,,,,,,
Türkiye,FY02,III,IV,,,,,,,
Turkmenistan,FY02,I,II,,,,,,,
Czechia,FY03,IV,V,,,,,,,
Latvia,FY03,III,IV,,,,,,,
Lithuania,FY03,III,IV,,,,,,,
Mexico,FY03,IV,V,,,,,,,
Palau,FY03,IV,V,,,,,,,
Trinidad and Tobago,FY03,IV,V,,,,,,,
Belarus,FY03,III,II,,,,,,,
Equatorial Guinea,FY03,II,I,,,,,,,
Papua New Guinea,FY03,II,I,,,,,,,
Paraguay,FY03,III,II,,,,,,,
South Africa,FY03,IV,III,,,,,,,
Türkiye,FY03,IV,III,,,,,,,
Armenia,FY04,I,II,,,,,,,
Belize,FY04,III,IV,,,,,,,
Ecuador,FY04,II,III,,,,,,,
Hungary,FY04,IV,V,,,,,,,
Kazakhstan,FY04,II,III,,,,,,,
Ukraine,FY04,I,II,,,,,,,
Argentina,FY04,V,IV,,,,,,,
Brazil,FY04,IV,III,,,,,,,
Tonga,FY04,III,II,,,,,,,
Uruguay,FY04,V,IV,,,,,,,
Albania,FY05,II,III,,,,,,,
Azerbaijan,FY05,I,II,,,,,,,
Belarus,FY05,II,III,,,,,,,
Bosnia and Herzegovina,FY05,II,III,,,,,,,
Cape Verde,FY05,II,III,,,,,,,
Croatia,FY05,IV,V,,,,,,,
Georgia,FY05,I,II,,,,,,,
Indonesia,FY05,I,II,,,,,,,
Serbia and Montenegro,FY05,II,III,,,,,,,
St.Vincent and the Grenadines,FY05,III,IV,,,,,,,
Tonga,FY05,II,III,,,,,,,
Belize,FY05,IV,III,(Categorized on the basis of earlier data; country remains classified as upper middle income),,,,,,
Egypt,FY05,III,II,,,,,,,
Angola,FY06,I,II,,,,,,,
Belize,FY06,III,IV,,,,,,,
Equatorial Guinea,FY06,I,IV,,,,,,,
Estonia,FY06,IV,V,,,,,,,
Lithuania,FY06,IV,V,,,,,,,
Poland,FY06,IV,V,,,,,,,
Russian Federation,FY06,III,IV,,,,,,,
Slovak Republic,FY06,IV,V,,,,,,,
South Africa,FY06,III,IV,,,,,,,
Swaziland,FY06,II,III,,,,,,,
Türkiye,FY06,III,IV,,,,,,,
Cameroon,FY07,I,II,,,,,,,
China,FY07,II,III,,,,,,,
"Congo, Rep.",FY07,I,II,,,,,,,
Latvia,FY07,IV,V,,,,,,,
Lesotho,FY07,I,II,,,,,,,
Moldova,FY07,I,II,,,,,,,
Morocco,FY07,II,III,,,,,,,
Nicaragua,FY07,I,II,,,,,,,
Romania,FY07,III,IV,,,,,,,
Angola,FY08,II,III,,,,,,,
Armenia,FY08,II,III,,,,,,,
Azerbaijan,FY08,II,III,,,,,,,
Bhutan,FY08,I,II,,,,,,,
Brazil,FY08,III,IV,,,,,,,
Bulgaria,FY08,III,IV,,,,,,,
Chile,FY08,IV,V,,,,,,,
Equatorial Guinea,FY08,IV,V,,,,,,,
Kazakhstan,FY08,III,IV,,,,,,,
Libya,FY08,IV,V,,,,,,,
Montenegro,FY08,III,IV,"(Montenegro declared independence from Serbia on June3, 2006; and became a member of the World Bank Group on January 18, 2007.)",,,,,,
Serbia,FY08,III,IV,(The Operational Guidelines for FY07 listed Serbia and Montenegro in category III.),,,,,,
Ukraine,FY08,II,III,,,,,,,
,,,,,,,,,,
"Beginning in FY09, the number of IBRD levels are reduced in accordance with the Memorandum to the Executive Directors dated January 17, 2008 (R2008-0007). Level II becomes the effective IDA eligibility threshold with the historic IDA eligibility threshold footnoted; Level III is described as ""IBRD terms""; Level IV becomes ""IBRD Graduation"". As a result, categories are not strictly comparable to those used in previous years.",,,,,,,,,,
,,,,,,,,,,
Cameroon,FY09,III,II,,,,,,,
"Congo, Rep.",FY09,II,III,,,,,,,
Gabon,FY09,III,IV,,,,,,,
India,FY09,I,II,,,,,,,
Malaysia,FY09,III,IV,,,,,,,
Mongolia,FY09,I,III,,,,,,,
Russian Federation,FY09,III,IV,,,,,,,
Sudan,FY09,I,II,,,,,,,
Timor Leste,FY09,I,III,,,,,,,
Türkiye,FY09,III,IV,,,,,,,
"Venezuela, RB",FY09,III,IV,,,,,,,
Argentina,FY10,III,IV,,,,,,,
Brazil,FY10,III,IV,,,,,,,
Cameroon,FY10,II,III,,,,,,,
Côte d’Ivoire,FY10,I,II,,,,,,,
Kosovo,FY10,..,III,Kosovo became a member of the World Bank on 29 June 2009.,,,,,,
Nigeria,FY10,I,III,,,,,,,
Pakistan,FY10,I,II,,,,,,,
Papua New Guinea,FY10,I,II,,,,,,,
Romania,FY10,III,IV,,,,,,,
São Tomé and Príncipe,FY10,I,II,,,,,,,
Solomon Islands,FY10,I,III,,,,,,,
Uruguay,FY10,III,IV,,,,,,,
Djibouti,FY11,II,III,,,,,,,
India,FY11,II,III,,,,,,,
Lebanon,FY11,III,IV,,,,,,,
Mauritius,FY11,III,IV,,,,,,,
Nigeria,FY11,III,II,,,,,,,
Papua New Guinea,FY11,II,III,,,,,,,
Senegal,FY11,I,II,,,,,,,
Solomon Islands,FY11,III,I,,,,,,,
Sudan,FY11,II,III,,,,,,,
Tuvalu,FY11,..,III,Tuvalu became a member of the World Bank on 24 June 2010.,,,,,,
Uzbekistan,FY11,I,II,,,,,,,
Viet Nam,FY11,I,II,,,,,,,
"Yemen, Rep.",FY11,I,II,,,,,,,
Cameroon,FY12,III,II,,,,,,,
Ghana,FY12,I,III,,,,,,,
Kazakhstan,FY12,III,IV,,,,,,,
Lao PDR,FY12,I,II,,,,,,,
Mauritania,FY12,I,II,,,,,,,
Nigeria,FY12,II,III,,,,,,,
Palau,FY12,IV,III,,,,,,,
Panama,FY12,III,IV,,,,,,,
São Tomé and Príncipe,FY12,II,III,,,,,,,
Solomon Islands ,FY12,I,II,,,,,,,
Uzbekistan,FY12,II,III,,,,,,,
Zambia,FY12,I,II,,,,,,,
Botswana,FY13,III,IV,,,,,,,
Cameroon,FY13,II,III,,,,,,,
Costa Rica,FY13,III,IV,,,,,,,
Dominica,FY13,III,IV,,,,,,,
Grenada,FY13,III,IV,,,,,,,
Lesotho,FY13,II,III,,,,,,,
Libya,FY13,IV,III,,,,,,,
Mauritania,FY13,II,I,,,,,,,
Montenegro,FY13,III,IV,,,,,,,
Palau,FY13,III,IV,,,,,,,
South Sudan,FY13,..,III,South Sudan became a member of the World Bank on 18 April 2012.,,,,,,
Suriname,FY13,III,IV,,,,,,,
Viet Nam,FY13,II,III,,,,,,,
Cameroon,FY14,III,II,,,,,,,
Côte d’Ivoire,FY14,II,III,,,,,,,
Dominica,FY14,IV,III,,,,,,,
Grenada,FY14,IV,III,,,,,,,
Lao PDR,FY14,II,III,,,,,,,
Libya,FY14,III,IV,,,,,,,
Mauritania,FY14,I,II,,,,,,,
Montenegro,FY14,IV,III,,,,,,,
Nicaragua,FY14,II,III,,,,,,,
Pakistan,FY14,II,III,,,,,,,
South Africa,FY14,III,IV,,,,,,,
Zambia,FY14,II,III,,,,,,,
Azerbaijan,FY15,III,IV,,,,,,,
Cameroon,FY15,II,III,,,,,,,
Colombia,FY15,III,IV,,,,,,,
Grenada,FY15,III,IV,,,,,,,
Kyrgyz Republic,FY15,I,II,,,,,,,
Monetenegro,FY15,III,IV,,,,,,,
Solomon Islands,FY15,II,III,,,,,,,
South Sudan,FY15,I,II,,,,,,,
Sudan,FY15,III,II,,,,,,,
Yemen Rep.,FY15,II,III,,,,,,,
Bangladesh,FY16,I,II,,,,,,,
Belarus,FY16,III,IV,,,,,,,
Bulgaria,FY16,III,IV,,,,,,,
China,FY16,III,IV,,,,,,,
Kenya,FY16,I,III,,,,,,,
Kyrgyz Republic,FY16,II,III,,,,,,,
Maldives,FY16,III,IV,,,,,,,
Mauritania,FY16,II,III,,,,,,,
Myanmar,FY16,I,III,,,,,,,
South Africa,FY16,IV,III,,,,,,,
South Sudan,FY16,II,I,,,,,,,
Sudan,FY16,II,III,,,,,,,
Tajikistan,FY16,I,II,,,,,,,
Turkmenistan,FY16,III,IV,,,,,,,
Azerbaijan,FY17,IV,III,,,,,,,
Bangladesh,FY17,II,III,,,,,,,
Belarus,FY17,IV,III,,,,,,,
Botswana,FY17,IV,III,,,,,,,
Cambodia,FY17,I,II,,,,,,,
Kyrgyz Republic,FY17,III,II,,,,,,,
Libya,FY17,IV,III,,,,,,,
Maldives,FY17,IV,III,,,,,,,
Nauru,FY17,..,IV,Nauru became a member of the World Bank on 12 April 2016.,,,,,,
Senegal,FY17,II,I,,,,,,,
St. Lucia,FY17,III,IV,,,,,,,
Tajikistan,FY17,II,III,,,,,,,
Maldives,FY18,III,IV,,,,,,,
Colombia,FY18,IV,III,,,,,,,
Equatorial Guinea,FY18,IV,III,,,,,,,
Mauritania,FY18,III,II,,,,,,,
Syrian Arab Republic,FY18,III,II,,,,,,,
Tajikistan,FY18,III,II,,,,,,,
Turkmenistan,FY18,IV,III,,,,,,,
"Venezuela, RB",FY18,IV,III,,,,,,,
"Yemen, Rep.",FY18,III,II,,,,,,,
Botswana,FY19,III,IV,,,,,,,
Dominica,FY19,III,IV,,,,,,,
Equatorial Guinea,FY19,III,IV,,,,,,,
St. Vincent and the Grenadines,FY19,III,IV,,,,,,,
Gabon,FY19,IV,III,,,,,,,
Suriname,FY19,IV,III,,,,,,,
Syrian Arab Republic,FY19,II,I,,,,,,,
Tajikistan,FY19,II,I,,,,,,,
"Yemen, Rep.",FY19,II,I,,,,,,,
Dominican Republic,FY20,III,IV,,,,,,,
Kyrgyz Republic,FY20,II,III,,,,,,,
Mauritania,FY20,II,III,,,,,,,
Comoros,FY20,I,III,,,,,,,
Senegal,FY20,I,III,,,,,,,
Zimbabwe,FY20,I,III,,,,,,,
Benin,FY21,I,III,,,,,,,
Equatorial Guinea,FY21,IV,III,,,,,,,
Gabon,FY21,III,IV,,,,,,,
Libya,FY21,III,IV,,,,,,,
Nepal,FY21,I,II,,,,,,,
Tanzania,FY21,I,II,,,,,,,
Thailand,FY21,III,IV,,,,,,,
Sudan,FY21,III,I,,,,,,,
Botswana,FY22,IV,III,,,,,,,
Dominica,FY22,IV,III,,,,,,,
Gabon,FY22,IV,III,,,,,,,
Haiti,FY22,I,III,,,,,,,
Kyrgyz Republic,FY22,III,II,,,,,,,
Lebanon,FY22,IV,III,,,,,,,
Lesotho,FY22,III,II,,,,,,,
Libya,FY22,IV,III,,,,,,,
Maldives,FY22,IV,III,,,,,,,
Serbia,FY22,III,IV,,,,,,,
Tajikistan,FY22,I,II,,,,,,,
Thailand,FY22,IV,III,,,,,,,
Turkmenistan,FY22,III,IV,,,,,,,
Zambia,FY22,III,II,,,,,,,
Zimbabwe,FY22,III,II,,,,,,,
Dominica,FY23,III,IV,,,,,,,
Guyana,FY23,III,IV,,,,,,,
Lesotho,FY23,II,III,,,,,,,
Libya,FY23,III,IV,,,,,,,
Maldives,FY23,III,IV,,,,,,,
Myanmar,FY23,III,II,,,,,,,
Zambia,FY23,II,I,,,,,,,
Zimbabwe,FY23,II,III,,,,,,,
Guinea,FY24,I,II,,,,,,,
Kyrgyz Republic,FY24,II,III,,,,,,,
Lesotho,FY24,III,II,,,,,,,
Libya,FY24,IV,III,,,,,,,
Marshall Islands,FY24,III,IV,,,,,,,
Nepal,FY24,II,III,,,,,,,
Zambia,FY24,I,II,,,,,,,
Bosnia & Herzegovina,FY25,III,IV,,,,,,,
Gabon,FY25,III,IV,,,,,,,
Guinea,FY25,II,III,,,,,,,
Marshall Islands,FY25,IV,III,,,,,,,
Tajikistan,FY25,II,III,,,,,,,
Albania,FY26,III,IV,,,,,,,
Belarus,FY26,III,IV,,,,,,,
Ethiopia,FY26,I,II,,,,,,,
Georgia,FY26,III,IV,,,,,,,
Marshall Islands,FY26,III,IV,,,,,,,
North Macedonia,FY26,III,IV,,,,,,,
Tuvalu,FY26,III,IV,,,,,,,
Gabon,FY26,IV,III,,,,,,,
Nigeria,FY26,III,II,,,,,,,

,World Bank Indebtedness Classifications,,,,,,,,,,,,,,,,,,,,,,,,,,
,(presented in Global Development Finance),,,,,,,,,,,,,,,,,,,,,,,,,,
,"As of April 2006, the World Bank no longer classifies countries by indebtedness level.",,,,,,,,,,,,,,,,,,,,,,,,,,
,,,,,,,,,,,,,,,,,,,,,,,,,,,
,Severely indebted (SIN),,,,,,,,,,,,,,,,,,,,,,,,,,
,Moderately indebted (MIN),,,,,,,,,,,,,,,,,,,,,,,,,,
,Less indebted (LIN),,,,,,,,,,,,,,,,,,,,,,,,,,
,Not classified by indebtedness (NIN),,,,,,,,,,,,,,,,,,,,,,,,,,
,,,,,,,,,,,,,,,,,,,,,,,,,,,
,Year:,1990,1991,1992,1993,1994,1995,1996,1997,1998,1999,2000,2001,2002,2003,2004,2005,,,,,,,,,,
,,,,,,,,,,,,,,,,,,,,,,,,,,,
AFG,Afghanistan,NIN,NIN,NIN,NIN,NIN,SIN,SIN,SIN,SIN,SIN,SIN,SIN,SIN,SIN,NIN,NIN,,,,,,,,,,
ALB,Albania,..,..,NIN,NIN,SIN,MIN,MIN,LIN,LIN,LIN,LIN,LIN,LIN,LIN,LIN,LIN,,,,,,,,,,
DZA,Algeria,MIN,MIN,SIN,SIN,SIN,MIN,SIN,MIN,SIN,MIN,MIN,MIN,MIN,LIN,LIN,LIN,,,,,,,,,,
ASM,American Samoa,NIN,NIN,NIN,NIN,NIN,NIN,NIN,NIN,NIN,NIN,NIN,NIN,NIN,NIN,NIN,NIN,,,,,,,,,,
AND,Andorra,..,..,NIN,NIN,NIN,NIN,NIN,NIN,NIN,NIN,NIN,NIN,NIN,NIN,NIN,NIN,,,,,,,,,,
AGO,Angola,NIN,NIN,MIN,SIN,SIN,SIN,SIN,SIN,SIN,SIN,SIN,SIN,SIN,SIN,SIN,SIN,,,,,,,,,,
ATG,Antigua and Barbuda,NIN,NIN,NIN,NIN,NIN,LIN,LIN,LIN,LIN,LIN,LIN,LIN,LIN,NIN,NIN,NIN,,,,,,,,,,
ARG,Argentina,SIN,SIN,SIN,SIN,SIN,SIN,SIN,SIN,SIN,SIN,SIN,SIN,SIN,SIN,SIN,SIN,,,,,,,,,,
ARM,Armenia,..,..,..,..,LIN,LIN,LIN,LIN,LIN,LIN,LIN,MIN,LIN,LIN,LIN,LIN,,,,,,,,,,
ABW,Aruba,NIN,NIN,NIN,NIN,NIN,NIN,NIN,NIN,NIN,NIN,NIN,NIN,NIN,NIN,NIN,NIN,,,,,,,,,,
AUS,Australia,NIN,NIN,NIN,NIN,NIN,NIN,NIN,NIN,NIN,NIN,NIN,NIN,NIN,NIN,NIN,NIN,,,,,,,,,,
AUT,Austria,NIN,NIN,NIN,NIN,NIN,NIN,NIN,NIN,NIN,NIN,NIN,NIN,NIN,NIN,NIN,NIN,,,,,,,,,,
AZE,Azerbaijan,..,..,..,..,NIN,LIN,LIN,LIN,LIN,LIN,LIN,LIN,LIN,LIN,LIN,LIN,,,,,,,,,,
BHS,"Bahamas, The",LIN,NIN,NIN,NIN,NIN,NIN,NIN,NIN,NIN,NIN,NIN,NIN,NIN,NIN,NIN,NIN,,,,,,,,,,
BHR,Bahrain,NIN,NIN,NIN,NIN,NIN,LIN,LIN,LIN,LIN,LIN,LIN,LIN,LIN,NIN,NIN,NIN,,,,,,,,,,
BGD,Bangladesh,MIN,MIN,MIN,MIN,MIN,MIN,MIN,MIN,MIN,MIN,MIN,MIN,LIN,LIN,LIN,LIN,,,,,,,,,,
BRB,Barbados,LIN,NIN,NIN,LIN,LIN,LIN,LIN,LIN,LIN,LIN,LIN,LIN,NIN,NIN,NIN,LIN,,,,,,,,,,
BLR,Belarus,..,..,..,..,LIN,LIN,LIN,LIN,LIN,LIN,LIN,LIN,LIN,LIN,LIN,LIN,,,,,,,,,,
BEL,Belgium,NIN,NIN,NIN,NIN,NIN,NIN,NIN,NIN,NIN,NIN,NIN,NIN,NIN,NIN,NIN,NIN,,,,,,,,,,
BLZ,Belize,LIN,LIN,LIN,LIN,LIN,LIN,LIN,LIN,LIN,MIN,MIN,MIN,MIN,SIN,SIN,SIN,,,,,,,,,,
BEN,Benin,SIN,SIN,MIN,MIN,LIN,MIN,MIN,MIN,MIN,MIN,MIN,SIN,SIN,SIN,MIN,MIN,,,,,,,,,,
BMU,Bermuda,NIN,NIN,NIN,NIN,NIN,NIN,NIN,NIN,NIN,NIN,NIN,NIN,NIN,NIN,NIN,NIN,,,,,,,,,,
BTN,Bhutan,LIN,LIN,LIN,LIN,LIN,LIN,LIN,LIN,LIN,LIN,LIN,LIN,LIN,MIN,SIN,SIN,,,,,,,,,,
BOL,Bolivia,SIN,SIN,SIN,SIN,SIN,SIN,SIN,SIN,SIN,SIN,SIN,SIN,MIN,MIN,LIN,MIN,,,,,,,,,,
BIH,Bosnia and Herzegovina,..,..,..,..,..,NIN,NIN,NIN,NIN,NIN,SIN,SIN,MIN,LIN,LIN,LIN,,,,,,,,,,
BWA,Botswana,LIN,LIN,LIN,LIN,LIN,LIN,LIN,LIN,LIN,LIN,LIN,LIN,LIN,LIN,LIN,LIN,,,,,,,,,,
BRA,Brazil,SIN,SIN,SIN,SIN,SIN,SIN,SIN,SIN,SIN,SIN,SIN,SIN,SIN,SIN,SIN,SIN,,,,,,,,,,
BRN,Brunei Darussalam,..,..,NIN,NIN,NIN,NIN,NIN,NIN,NIN,NIN,NIN,NIN,NIN,NIN,NIN,NIN,,,,,,,,,,
BGR,Bulgaria,NIN,NIN,SIN,SIN,SIN,SIN,SIN,SIN,SIN,SIN,SIN,SIN,MIN,MIN,MIN,SIN,,,,,,,,,,
BFA,Burkina Faso,LIN,LIN,LIN,LIN,LIN,LIN,LIN,MIN,SIN,SIN,SIN,MIN,MIN,SIN,MIN,MIN,,,,,,,,,,
BDI,Burundi,SIN,SIN,SIN,SIN,SIN,SIN,SIN,SIN,SIN,SIN,SIN,SIN,SIN,SIN,SIN,SIN,,,,,,,,,,
KHM,Cambodia,NIN,NIN,NIN,NIN,NIN,LIN,SIN,SIN,MIN,MIN,MIN,MIN,MIN,MIN,MIN,MIN,,,,,,,,,,
CMR,Cameroon,MIN,MIN,MIN,MIN,SIN,SIN,SIN,SIN,SIN,SIN,SIN,SIN,SIN,MIN,MIN,MIN,,,,,,,,,,
CAN,Canada,NIN,NIN,NIN,NIN,NIN,NIN,NIN,NIN,NIN,NIN,NIN,NIN,NIN,NIN,NIN,NIN,,,,,,,,,,
CPV,Cape Verde,MIN,MIN,LIN,LIN,LIN,LIN,MIN,LIN,LIN,LIN,LIN,LIN,LIN,LIN,LIN,MIN,,,,,,,,,,
CYM,Cayman Islands,..,..,..,..,..,NIN,NIN,NIN,NIN,NIN,NIN,NIN,NIN,NIN,NIN,NIN,,,,,,,,,,
CAF,Central African Republic,MIN,MIN,MIN,MIN,SIN,SIN,SIN,SIN,SIN,SIN,SIN,SIN,SIN,SIN,SIN,SIN,,,,,,,,,,
TCD,Chad,LIN,LIN,LIN,LIN,LIN,MIN,MIN,MIN,MIN,MIN,MIN,MIN,SIN,SIN,SIN,SIN,,,,,,,,,,
CHI,Channel Islands,NIN,NIN,NIN,NIN,NIN,NIN,NIN,NIN,NIN,NIN,NIN,NIN,NIN,NIN,NIN,NIN,,,,,,,,,,
CHL,Chile,SIN,SIN,MIN,MIN,MIN,MIN,MIN,MIN,MIN,MIN,MIN,MIN,MIN,MIN,MIN,MIN,,,,,,,,,,
CHN,China,LIN,LIN,LIN,LIN,LIN,LIN,LIN,LIN,LIN,LIN,LIN,LIN,LIN,LIN,LIN,LIN,,,,,,,,,,
COL,Colombia,MIN,MIN,MIN,MIN,MIN,MIN,MIN,MIN,MIN,MIN,MIN,MIN,MIN,MIN,MIN,MIN,,,,,,,,,,
COM,Comoros,SIN,SIN,MIN,MIN,MIN,MIN,MIN,MIN,MIN,MIN,SIN,SIN,SIN,SIN,SIN,SIN,,,,,,,,,,
COD,"Congo, Dem. Rep.",SIN,SIN,SIN,SIN,SIN,SIN,SIN,SIN,SIN,SIN,SIN,SIN,SIN,SIN,SIN,SIN,,,,,,,,,,
COG,"Congo, Rep.",SIN,SIN,SIN,SIN,SIN,SIN,SIN,SIN,SIN,SIN,SIN,SIN,SIN,SIN,SIN,SIN,,,,,,,,,,
CRI,Costa Rica,SIN,SIN,MIN,MIN,MIN,MIN,LIN,LIN,LIN,LIN,LIN,LIN,LIN,LIN,LIN,LIN,,,,,,,,,,
CIV,Côte d'Ivoire,SIN,SIN,SIN,SIN,SIN,SIN,SIN,SIN,SIN,SIN,SIN,SIN,SIN,SIN,SIN,SIN,,,,,,,,,,
HRV,Croatia,..,..,..,..,NIN,LIN,LIN,LIN,LIN,LIN,LIN,LIN,MIN,MIN,MIN,SIN,,,,,,,,,,
CUB,Cuba,..,..,NIN,NIN,NIN,SIN,SIN,SIN,SIN,SIN,SIN,SIN,SIN,SIN,NIN,NIN,,,,,,,,,,
CYP,Cyprus,LIN,NIN,LIN,LIN,NIN,NIN,NIN,NIN,NIN,NIN,NIN,NIN,NIN,NIN,NIN,NIN,,,,,,,,,,
CZE,Czech Republic,..,..,..,..,..,LIN,LIN,LIN,LIN,LIN,LIN,LIN,LIN,LIN,LIN,LIN,,,,,,,,,,
DNK,Denmark,NIN,NIN,NIN,NIN,NIN,NIN,NIN,NIN,NIN,NIN,NIN,NIN,NIN,NIN,NIN,NIN,,,,,,,,,,
DJI,Djibouti,..,..,LIN,LIN,LIN,LIN,LIN,LIN,LIN,LIN,LIN,LIN,LIN,LIN,LIN,LIN,,,,,,,,,,
DMA,Dominica,NIN,NIN,LIN,LIN,LIN,LIN,LIN,LIN,LIN,MIN,LIN,LIN,LIN,MIN,SIN,SIN,,,,,,,,,,
DOM,Dominican Republic,MIN,MIN,MIN,MIN,MIN,MIN,MIN,LIN,LIN,LIN,LIN,LIN,LIN,LIN,LIN,LIN,,,,,,,,,,
ECU,Ecuador,SIN,SIN,SIN,SIN,SIN,SIN,SIN,SIN,SIN,SIN,SIN,MIN,SIN,SIN,SIN,SIN,,,,,,,,,,
EGY,"Egypt, Arab Rep.",MIN,SIN,SIN,SIN,SIN,MIN,MIN,MIN,LIN,LIN,LIN,LIN,LIN,LIN,LIN,LIN,,,,,,,,,,
SLV,El Salvador,LIN,LIN,MIN,LIN,LIN,LIN,LIN,LIN,LIN,LIN,LIN,LIN,LIN,LIN,LIN,MIN,,,,,,,,,,
GNQ,Equatorial Guinea,SIN,SIN,SIN,SIN,SIN,SIN,SIN,SIN,SIN,MIN,MIN,LIN,LIN,LIN,LIN,LIN,,,,,,,,,,
ERI,Eritrea,..,..,..,..,NIN,NIN,NIN,NIN,LIN,LIN,LIN,LIN,LIN,LIN,MIN,SIN,,,,,,,,,,
EST,Estonia,..,..,..,..,LIN,LIN,LIN,LIN,LIN,LIN,LIN,MIN,MIN,MIN,SIN,SIN,,,,,,,,,,
SWZ,Eswatini,LIN,LIN,LIN,LIN,LIN,LIN,LIN,LIN,LIN,LIN,LIN,LIN,LIN,LIN,LIN,LIN,,,,,,,,,,
ETH,Ethiopia,MIN,MIN,SIN,SIN,SIN,SIN,SIN,SIN,SIN,SIN,SIN,SIN,SIN,SIN,SIN,MIN,,,,,,,,,,
FRO,Faeroe Islands,NIN,NIN,NIN,NIN,NIN,NIN,NIN,NIN,NIN,NIN,NIN,NIN,NIN,NIN,NIN,NIN,,,,,,,,,,
FJI,Fiji,LIN,LIN,LIN,LIN,LIN,LIN,LIN,LIN,LIN,LIN,LIN,LIN,LIN,LIN,LIN,LIN,,,,,,,,,,
FIN,Finland,NIN,NIN,NIN,NIN,NIN,NIN,NIN,NIN,NIN,NIN,NIN,NIN,NIN,NIN,NIN,NIN,,,,,,,,,,
FRA,France,NIN,NIN,NIN,NIN,NIN,NIN,NIN,NIN,NIN,NIN,NIN,NIN,NIN,NIN,NIN,NIN,,,,,,,,,,
PYF,French Polynesia,..,..,NIN,NIN,NIN,NIN,NIN,NIN,NIN,NIN,NIN,NIN,NIN,NIN,NIN,NIN,,,,,,,,,,
GAB,Gabon,MIN,MIN,MIN,MIN,MIN,MIN,SIN,SIN,SIN,SIN,SIN,SIN,SIN,SIN,SIN,SIN,,,,,,,,,,
GMB,"Gambia, The",MIN,MIN,LIN,MIN,MIN,MIN,MIN,MIN,MIN,MIN,MIN,MIN,MIN,SIN,MIN,SIN,,,,,,,,,,
GEO,Georgia,..,..,..,..,LIN,LIN,LIN,LIN,MIN,MIN,MIN,MIN,LIN,LIN,MIN,LIN,,,,,,,,,,
DEU,Germany,NIN,NIN,NIN,NIN,NIN,NIN,NIN,NIN,NIN,NIN,NIN,NIN,NIN,NIN,NIN,NIN,,,,,,,,,,
GHA,Ghana,SIN,SIN,SIN,SIN,SIN,SIN,SIN,SIN,SIN,SIN,MIN,MIN,MIN,MIN,MIN,LIN,,,,,,,,,,
GRC,Greece,MIN,NIN,NIN,NIN,NIN,MIN,MIN,MIN,NIN,NIN,NIN,NIN,NIN,NIN,NIN,NIN,,,,,,,,,,
GRL,Greenland,NIN,NIN,NIN,NIN,NIN,NIN,NIN,NIN,NIN,NIN,NIN,NIN,NIN,NIN,NIN,NIN,,,,,,,,,,
GRD,Grenada,LIN,LIN,LIN,LIN,LIN,LIN,LIN,LIN,LIN,LIN,LIN,LIN,LIN,MIN,MIN,SIN,,,,,,,,,,
GUM,Guam,NIN,NIN,NIN,NIN,NIN,NIN,NIN,NIN,NIN,NIN,NIN,NIN,NIN,NIN,NIN,NIN,,,,,,,,,,
GTM,Guatemala,MIN,MIN,MIN,MIN,MIN,LIN,LIN,LIN,LIN,LIN,LIN,LIN,LIN,LIN,LIN,LIN,,,,,,,,,,
GIN,Guinea,SIN,SIN,SIN,MIN,MIN,SIN,SIN,SIN,SIN,SIN,SIN,SIN,SIN,SIN,MIN,SIN,,,,,,,,,,
GNB,Guinea-Bissau,SIN,SIN,SIN,SIN,SIN,SIN,SIN,SIN,SIN,SIN,SIN,SIN,SIN,SIN,SIN,SIN,,,,,,,,,,
GUY,Guyana,SIN,SIN,SIN,SIN,SIN,SIN,SIN,SIN,SIN,SIN,SIN,SIN,SIN,SIN,SIN,SIN,,,,,,,,,,
HTI,Haiti,LIN,LIN,LIN,MIN,LIN,LIN,MIN,MIN,SIN,SIN,MIN,MIN,MIN,MIN,LIN,LIN,,,,,,,,,,
HND,Honduras,SIN,SIN,SIN,SIN,SIN,SIN,SIN,SIN,SIN,SIN,MIN,MIN,MIN,MIN,MIN,MIN,,,,,,,,,,
HKG,"Hong Kong, China",NIN,NIN,NIN,NIN,NIN,NIN,NIN,NIN,NIN,NIN,NIN,NIN,NIN,NIN,NIN,NIN,,,,,,,,,,
HUN,Hungary,SIN,SIN,MIN,MIN,MIN,MIN,MIN,MIN,MIN,MIN,MIN,MIN,MIN,MIN,MIN,MIN,,,,,,,,,,
ISL,Iceland,NIN,NIN,NIN,NIN,NIN,NIN,NIN,NIN,NIN,NIN,NIN,NIN,NIN,NIN,NIN,NIN,,,,,,,,,,
IND,India,LIN,LIN,MIN,MIN,MIN,MIN,MIN,MIN,MIN,MIN,MIN,LIN,LIN,LIN,LIN,LIN,,,,,,,,,,
IDN,Indonesia,MIN,MIN,MIN,MIN,MIN,MIN,MIN,MIN,SIN,SIN,SIN,SIN,SIN,SIN,SIN,SIN,,,,,,,,,,
IRN,"Iran, Islamic Rep.",NIN,NIN,LIN,LIN,LIN,LIN,LIN,LIN,LIN,LIN,LIN,LIN,LIN,LIN,LIN,LIN,,,,,,,,,,
IRQ,Iraq,NIN,NIN,NIN,NIN,NIN,SIN,SIN,SIN,SIN,SIN,SIN,SIN,SIN,SIN,NIN,NIN,,,,,,,,,,
IRL,Ireland,NIN,NIN,NIN,NIN,NIN,NIN,NIN,NIN,NIN,NIN,NIN,NIN,NIN,NIN,NIN,NIN,,,,,,,,,,
IMN,Isle of Man,NIN,NIN,NIN,NIN,NIN,NIN,NIN,NIN,NIN,NIN,NIN,NIN,NIN,NIN,NIN,NIN,,,,,,,,,,
ISR,Israel,NIN,NIN,NIN,NIN,NIN,NIN,NIN,NIN,NIN,NIN,NIN,NIN,NIN,NIN,NIN,NIN,,,,,,,,,,
ITA,Italy,NIN,NIN,NIN,NIN,NIN,NIN,NIN,NIN,NIN,NIN,NIN,NIN,NIN,NIN,NIN,NIN,,,,,,,,,,
JAM,Jamaica,MIN,MIN,MIN,SIN,SIN,SIN,SIN,SIN,SIN,SIN,MIN,MIN,MIN,MIN,SIN,MIN,,,,,,,,,,
JPN,Japan,NIN,NIN,NIN,NIN,NIN,NIN,NIN,NIN,NIN,NIN,NIN,NIN,NIN,NIN,NIN,NIN,,,,,,,,,,
JOR,Jordan,LIN,LIN,MIN,SIN,SIN,SIN,SIN,SIN,SIN,SIN,SIN,SIN,SIN,SIN,SIN,SIN,,,,,,,,,,
KAZ,Kazakhstan,..,..,..,..,LIN,LIN,LIN,LIN,LIN,LIN,LIN,LIN,LIN,MIN,MIN,SIN,,,,,,,,,,
KEN,Kenya,SIN,SIN,SIN,SIN,SIN,SIN,SIN,SIN,MIN,MIN,MIN,MIN,MIN,MIN,MIN,MIN,,,,,,,,,,
KIR,Kiribati,NIN,NIN,NIN,NIN,NIN,LIN,LIN,LIN,LIN,LIN,LIN,LIN,LIN,LIN,NIN,NIN,,,,,,,,,,
PRK,"Korea, Dem. Rep.",..,..,NIN,NIN,NIN,LIN,LIN,LIN,LIN,LIN,LIN,LIN,LIN,LIN,NIN,NIN,,,,,,,,,,
KOR,"Korea, Rep.",LIN,LIN,LIN,LIN,LIN,LIN,LIN,NIN,NIN,NIN,LIN,LIN,LIN,NIN,NIN,NIN,,,,,,,,,,
KWT,Kuwait,NIN,NIN,NIN,NIN,NIN,NIN,NIN,NIN,NIN,NIN,NIN,NIN,NIN,NIN,NIN,NIN,,,,,,,,,,
KGZ,Kyrgyz Republic,..,..,..,..,LIN,LIN,LIN,LIN,LIN,LIN,MIN,SIN,SIN,SIN,SIN,SIN,,,,,,,,,,
LAO,Lao PDR,LIN,LIN,LIN,SIN,SIN,SIN,MIN,MIN,MIN,MIN,SIN,SIN,SIN,SIN,SIN,SIN,,,,,,,,,,
LVA,Latvia,..,..,..,..,LIN,LIN,LIN,LIN,LIN,LIN,LIN,LIN,LIN,MIN,SIN,SIN,,,,,,,,,,
LBN,Lebanon,LIN,LIN,LIN,LIN,LIN,LIN,LIN,LIN,LIN,LIN,MIN,MIN,MIN,SIN,SIN,SIN,,,,,,,,,,
LSO,Lesotho,LIN,LIN,LIN,LIN,LIN,LIN,LIN,LIN,LIN,LIN,LIN,LIN,LIN,LIN,LIN,LIN,,,,,,,,,,
LBR,Liberia,SIN,SIN,SIN,SIN,SIN,SIN,SIN,SIN,SIN,NIN,NIN,SIN,SIN,SIN,SIN,SIN,,,,,,,,,,
LBY,Libya,NIN,NIN,NIN,NIN,NIN,LIN,LIN,LIN,LIN,LIN,LIN,LIN,LIN,LIN,NIN,NIN,,,,,,,,,,
LIE,Liechtenstein,..,..,..,..,..,..,NIN,NIN,NIN,NIN,NIN,NIN,NIN,NIN,NIN,NIN,,,,,,,,,,
LTU,Lithuania,..,..,..,..,LIN,LIN,LIN,LIN,LIN,LIN,LIN,LIN,LIN,LIN,MIN,MIN,,,,,,,,,,
LUX,Luxembourg,NIN,NIN,NIN,NIN,NIN,NIN,NIN,NIN,NIN,NIN,NIN,NIN,NIN,NIN,NIN,NIN,,,,,,,,,,
MAC,"Macao, China",NIN,NIN,NIN,NIN,NIN,LIN,NIN,NIN,NIN,NIN,NIN,NIN,NIN,NIN,NIN,NIN,,,,,,,,,,
MDG,Madagascar,SIN,SIN,SIN,SIN,SIN,SIN,SIN,SIN,SIN,SIN,SIN,SIN,SIN,SIN,LIN,MIN,,,,,,,,,,
MWI,Malawi,SIN,SIN,SIN,MIN,MIN,MIN,MIN,SIN,SIN,SIN,SIN,SIN,SIN,SIN,MIN,SIN,,,,,,,,,,
MYS,Malaysia,LIN,LIN,LIN,LIN,LIN,LIN,LIN,LIN,MIN,MIN,MIN,MIN,MIN,MIN,MIN,MIN,,,,,,,,,,
MDV,Maldives,LIN,LIN,LIN,MIN,MIN,LIN,LIN,LIN,LIN,LIN,LIN,LIN,LIN,LIN,LIN,LIN,,,,,,,,,,
MLI,Mali,SIN,SIN,MIN,SIN,SIN,SIN,SIN,SIN,SIN,SIN,SIN,SIN,MIN,MIN,MIN,LIN,,,,,,,,,,
MLT,Malta,LIN,LIN,LIN,LIN,LIN,LIN,LIN,LIN,LIN,LIN,NIN,NIN,NIN,NIN,NIN,NIN,,,,,,,,,,
MHL,Marshall Islands,..,..,..,NIN,NIN,NIN,NIN,NIN,NIN,NIN,NIN,NIN,NIN,NIN,NIN,NIN,,,,,,,,,,
MRT,Mauritania,SIN,SIN,SIN,SIN,SIN,SIN,SIN,SIN,SIN,SIN,SIN,SIN,SIN,SIN,MIN,MIN,,,,,,,,,,
MUS,Mauritius,LIN,LIN,LIN,LIN,LIN,LIN,LIN,LIN,LIN,MIN,MIN,MIN,MIN,LIN,LIN,MIN,,,,,,,,,,
MYT,Mayotte,..,..,NIN,NIN,NIN,NIN,NIN,NIN,NIN,NIN,NIN,NIN,NIN,NIN,NIN,NIN,,,,,,,,,,
MEX,Mexico,SIN,SIN,SIN,SIN,SIN,MIN,SIN,SIN,MIN,LIN,LIN,LIN,LIN,LIN,LIN,LIN,,,,,,,,,,
FSM,"Micronesia, Fed. Sts.",..,..,..,NIN,NIN,NIN,NIN,NIN,NIN,NIN,NIN,NIN,NIN,NIN,NIN,NIN,,,,,,,,,,
MDA,Moldova,..,..,..,..,LIN,LIN,LIN,LIN,LIN,LIN,MIN,MIN,MIN,SIN,MIN,MIN,,,,,,,,,,
MCO,Monaco,..,..,..,..,..,..,NIN,NIN,NIN,NIN,NIN,NIN,NIN,NIN,NIN,NIN,,,,,,,,,,
MNG,Mongolia,NIN,NIN,NIN,NIN,LIN,LIN,LIN,LIN,LIN,LIN,MIN,MIN,MIN,MIN,MIN,MIN,,,,,,,,,,
MAR,Morocco,SIN,SIN,SIN,SIN,SIN,SIN,MIN,MIN,MIN,MIN,MIN,MIN,LIN,LIN,MIN,LIN,,,,,,,,,,
MOZ,Mozambique,SIN,SIN,SIN,SIN,SIN,SIN,SIN,SIN,SIN,SIN,SIN,MIN,MIN,LIN,LIN,LIN,,,,,,,,,,
MMR,Myanmar,SIN,SIN,SIN,SIN,SIN,SIN,SIN,SIN,SIN,SIN,SIN,SIN,SIN,SIN,SIN,SIN,,,,,,,,,,
NAM,Namibia,NIN,NIN,NIN,NIN,NIN,LIN,LIN,LIN,LIN,LIN,LIN,LIN,LIN,LIN,NIN,NIN,,,,,,,,,,
NPL,Nepal,LIN,LIN,LIN,MIN,MIN,MIN,MIN,LIN,LIN,LIN,LIN,LIN,LIN,LIN,MIN,LIN,,,,,,,,,,
NLD,Netherlands,NIN,NIN,NIN,NIN,NIN,NIN,NIN,NIN,NIN,NIN,NIN,NIN,NIN,NIN,NIN,NIN,,,,,,,,,,
ANT,Netherlands Antilles,NIN,NIN,NIN,NIN,NIN,LIN,NIN,NIN,NIN,NIN,NIN,NIN,NIN,NIN,NIN,NIN,,,,,,,,,,
NCL,New Caledonia,NIN,NIN,NIN,NIN,NIN,LIN,LIN,NIN,NIN,NIN,NIN,NIN,NIN,NIN,NIN,NIN,,,,,,,,,,
NZL,New Zealand,NIN,NIN,NIN,NIN,NIN,NIN,NIN,NIN,NIN,NIN,NIN,NIN,NIN,NIN,NIN,NIN,,,,,,,,,,
NIC,Nicaragua,SIN,SIN,SIN,SIN,SIN,SIN,SIN,SIN,SIN,SIN,SIN,SIN,SIN,SIN,SIN,LIN,,,,,,,,,,
NER,Niger,SIN,SIN,SIN,SIN,SIN,SIN,SIN,SIN,SIN,SIN,SIN,SIN,SIN,SIN,MIN,MIN,,,,,,,,,,
NGA,Nigeria,SIN,SIN,SIN,SIN,SIN,SIN,SIN,SIN,SIN,SIN,SIN,SIN,SIN,SIN,SIN,MIN,,,,,,,,,,
MKD,North Macedonia,..,..,..,..,..,LIN,LIN,MIN,MIN,MIN,MIN,LIN,LIN,LIN,LIN,LIN,,,,,,,,,,
MNP,Northern Mariana Islands,..,..,..,..,NIN,NIN,NIN,NIN,NIN,NIN,NIN,NIN,NIN,NIN,NIN,NIN,,,,,,,,,,
NOR,Norway,NIN,NIN,NIN,NIN,NIN,NIN,NIN,NIN,NIN,NIN,NIN,NIN,NIN,NIN,NIN,NIN,,,,,,,,,,
OMN,Oman,LIN,LIN,LIN,LIN,LIN,LIN,LIN,LIN,LIN,LIN,LIN,LIN,LIN,LIN,LIN,LIN,,,,,,,,,,
PAK,Pakistan,MIN,MIN,MIN,MIN,MIN,MIN,MIN,MIN,MIN,MIN,MIN,SIN,SIN,SIN,MIN,MIN,,,,,,,,,,
PLW,Palau,..,..,..,..,..,..,..,..,NIN,NIN,NIN,NIN,NIN,NIN,NIN,NIN,,,,,,,,,,
PAN,Panama,LIN,LIN,LIN,SIN,SIN,SIN,SIN,SIN,MIN,MIN,MIN,MIN,MIN,SIN,SIN,SIN,,,,,,,,,,
PNG,Papua New Guinea,LIN,LIN,LIN,MIN,MIN,MIN,MIN,MIN,LIN,LIN,MIN,MIN,MIN,MIN,SIN,MIN,,,,,,,,,,
PRY,Paraguay,MIN,MIN,LIN,LIN,LIN,LIN,LIN,LIN,LIN,LIN,LIN,LIN,LIN,LIN,LIN,MIN,,,,,,,,,,
PER,Peru,SIN,SIN,SIN,SIN,SIN,SIN,SIN,SIN,SIN,SIN,SIN,SIN,SIN,SIN,SIN,SIN,,,,,,,,,,
PHL,Philippines,SIN,SIN,MIN,MIN,MIN,MIN,MIN,MIN,MIN,MIN,MIN,MIN,MIN,MIN,MIN,MIN,,,,,,,,,,
POL,Poland,SIN,SIN,SIN,SIN,SIN,SIN,SIN,MIN,LIN,LIN,LIN,LIN,LIN,LIN,LIN,MIN,,,,,,,,,,
PRT,Portugal,LIN,LIN,LIN,LIN,LIN,LIN,NIN,NIN,NIN,NIN,NIN,NIN,NIN,NIN,NIN,NIN,,,,,,,,,,
PRI,Puerto Rico,NIN,NIN,NIN,NIN,NIN,NIN,NIN,NIN,NIN,NIN,NIN,NIN,NIN,NIN,NIN,NIN,,,,,,,,,,
QAT,Qatar,NIN,NIN,NIN,NIN,NIN,NIN,NIN,NIN,NIN,NIN,NIN,NIN,NIN,NIN,NIN,NIN,,,,,,,,,,
ROU,Romania,LIN,LIN,LIN,LIN,LIN,LIN,LIN,LIN,LIN,LIN,LIN,LIN,LIN,LIN,LIN,LIN,,,,,,,,,,
RUS,Russian Federation,..,..,..,..,MIN,MIN,MIN,MIN,LIN,LIN,MIN,MIN,MIN,MIN,MIN,MIN,,,,,,,,,,
RWA,Rwanda,LIN,LIN,MIN,MIN,SIN,SIN,SIN,SIN,SIN,SIN,SIN,SIN,SIN,SIN,SIN,SIN,,,,,,,,,,
WSM,Samoa,LIN,LIN,LIN,LIN,LIN,MIN,MIN,MIN,LIN,LIN,MIN,MIN,MIN,MIN,MIN,SIN,,,,,,,,,,
SMR,San Marino,..,..,..,NIN,NIN,NIN,..,..,..,..,..,..,NIN,NIN,NIN,NIN,,,,,,,,,,
STP,São Tomé and Príncipe,SIN,SIN,SIN,SIN,SIN,SIN,SIN,SIN,SIN,SIN,SIN,SIN,SIN,SIN,SIN,SIN,,,,,,,,,,
SAU,Saudi Arabia,NIN,NIN,NIN,NIN,NIN,LIN,LIN,LIN,LIN,LIN,LIN,LIN,LIN,LIN,NIN,NIN,,,,,,,,,,
SEN,Senegal,SIN,SIN,MIN,MIN,MIN,MIN,MIN,MIN,MIN,MIN,MIN,MIN,MIN,MIN,MIN,LIN,,,,,,,,,,
YUG,Serbia and Montenegro,..,..,..,..,..,LIN,LIN,NIN,NIN,NIN,LIN,LIN,LIN,SIN,SIN,SIN,,,,,,,,,,
SYC,Seychelles,LIN,LIN,LIN,LIN,LIN,LIN,LIN,LIN,LIN,LIN,LIN,LIN,LIN,LIN,LIN,SIN,,,,,,,,,,
SLE,Sierra Leone,SIN,SIN,SIN,SIN,SIN,SIN,SIN,SIN,SIN,SIN,SIN,SIN,SIN,SIN,SIN,SIN,,,,,,,,,,
SGP,Singapore,NIN,NIN,NIN,NIN,NIN,NIN,NIN,NIN,NIN,NIN,NIN,NIN,NIN,NIN,NIN,NIN,,,,,,,,,,
SVK,Slovak Republic,..,..,..,..,..,LIN,LIN,LIN,LIN,LIN,LIN,LIN,LIN,MIN,MIN,MIN,,,,,,,,,,
SVN,Slovenia,..,..,..,..,..,LIN,LIN,LIN,LIN,NIN,NIN,NIN,NIN,NIN,NIN,NIN,,,,,,,,,,
SLB,Solomon Islands,LIN,LIN,LIN,LIN,LIN,LIN,LIN,LIN,LIN,LIN,LIN,LIN,LIN,LIN,LIN,MIN,,,,,,,,,,
SOM,Somalia,SIN,SIN,SIN,SIN,SIN,SIN,SIN,SIN,SIN,SIN,SIN,SIN,SIN,SIN,SIN,SIN,,,,,,,,,,
ZAF,South Africa,NIN,NIN,NIN,NIN,NIN,LIN,LIN,LIN,LIN,LIN,LIN,LIN,LIN,LIN,LIN,LIN,,,,,,,,,,
ESP,Spain,NIN,NIN,NIN,NIN,NIN,NIN,NIN,NIN,NIN,NIN,NIN,NIN,NIN,NIN,NIN,NIN,,,,,,,,,,
LKA,Sri Lanka,MIN,MIN,MIN,MIN,LIN,LIN,LIN,LIN,LIN,LIN,LIN,LIN,LIN,LIN,MIN,MIN,,,,,,,,,,
KNA,St. Kitts and Nevis,NIN,NIN,LIN,LIN,LIN,LIN,LIN,LIN,LIN,LIN,LIN,LIN,LIN,MIN,MIN,SIN,,,,,,,,,,
LCA,St. Lucia,NIN,NIN,LIN,LIN,LIN,LIN,LIN,LIN,LIN,LIN,LIN,LIN,LIN,LIN,MIN,MIN,,,,,,,,,,
VCT,St. Vincent and the Grenadines,LIN,LIN,LIN,LIN,LIN,LIN,LIN,MIN,MIN,MIN,MIN,MIN,MIN,MIN,MIN,MIN,,,,,,,,,,
SDN,Sudan,SIN,SIN,SIN,SIN,SIN,SIN,SIN,SIN,SIN,SIN,SIN,SIN,SIN,SIN,SIN,SIN,,,,,,,,,,
SUR,Suriname,NIN,NIN,NIN,NIN,NIN,LIN,LIN,LIN,LIN,LIN,LIN,LIN,LIN,LIN,NIN,NIN,,,,,,,,,,
SWE,Sweden,NIN,NIN,NIN,NIN,NIN,NIN,NIN,NIN,NIN,NIN,NIN,NIN,NIN,NIN,NIN,NIN,,,,,,,,,,
CHE,Switzerland,NIN,NIN,NIN,NIN,NIN,NIN,NIN,NIN,NIN,NIN,NIN,NIN,NIN,NIN,NIN,NIN,,,,,,,,,,
SYR,Syrian Arab Republic,MIN,MIN,SIN,SIN,SIN,SIN,SIN,SIN,SIN,SIN,SIN,SIN,SIN,SIN,SIN,SIN,,,,,,,,,,
TWN,"Taiwan, China",NIN,NIN,NIN,NIN,NIN,NIN,NIN,NIN,NIN,NIN,NIN,NIN,NIN,NIN,NIN,NIN,,,,,,,,,,
TJK,Tajikistan,..,..,..,..,LIN,LIN,LIN,LIN,LIN,LIN,LIN,LIN,SIN,SIN,SIN,SIN,,,,,,,,,,
TZA,Tanzania,SIN,SIN,SIN,SIN,SIN,SIN,SIN,SIN,SIN,SIN,SIN,SIN,SIN,MIN,LIN,LIN,,,,,,,,,,
THA,Thailand,LIN,LIN,LIN,LIN,LIN,LIN,LIN,LIN,MIN,MIN,MIN,MIN,MIN,MIN,MIN,LIN,,,,,,,,,,
TLS,Timor-Leste,..,..,..,..,..,..,..,..,..,..,..,..,..,NIN,NIN,NIN,,,,,,,,,,
TGO,Togo,SIN,SIN,MIN,MIN,MIN,MIN,SIN,SIN,MIN,MIN,MIN,MIN,MIN,MIN,SIN,SIN,,,,,,,,,,
TON,Tonga,LIN,LIN,LIN,LIN,LIN,LIN,LIN,LIN,LIN,LIN,LIN,LIN,LIN,LIN,LIN,LIN,,,,,,,,,,
TTO,Trinidad and Tobago,LIN,LIN,LIN,LIN,LIN,LIN,LIN,MIN,LIN,LIN,LIN,LIN,LIN,LIN,LIN,LIN,,,,,,,,,,
TUN,Tunisia,LIN,LIN,LIN,MIN,MIN,MIN,MIN,MIN,MIN,MIN,MIN,MIN,MIN,MIN,MIN,MIN,,,,,,,,,,
TUR,Türkiye,MIN,MIN,MIN,MIN,MIN,MIN,MIN,MIN,MIN,MIN,MIN,MIN,MIN,MIN,SIN,SIN,,,,,,,,,,
TKM,Turkmenistan,..,..,..,..,NIN,LIN,LIN,LIN,LIN,LIN,MIN,MIN,MIN,MIN,MIN,MIN,,,,,,,,,,
UGA,Uganda,MIN,MIN,SIN,SIN,SIN,SIN,SIN,SIN,SIN,SIN,SIN,SIN,MIN,MIN,LIN,MIN,,,,,,,,,,
UKR,Ukraine,..,..,..,..,LIN,LIN,LIN,LIN,LIN,LIN,LIN,LIN,LIN,LIN,LIN,LIN,,,,,,,,,,
ARE,United Arab Emirates,NIN,NIN,NIN,NIN,NIN,NIN,NIN,NIN,NIN,NIN,NIN,NIN,NIN,NIN,NIN,NIN,,,,,,,,,,
GBR,United Kingdom,NIN,NIN,NIN,NIN,NIN,NIN,NIN,NIN,NIN,NIN,NIN,NIN,NIN,NIN,NIN,NIN,,,,,,,,,,
USA,United States,NIN,NIN,NIN,NIN,NIN,NIN,NIN,NIN,NIN,NIN,NIN,NIN,NIN,NIN,NIN,NIN,,,,,,,,,,
URY,Uruguay,SIN,SIN,MIN,MIN,MIN,SIN,MIN,MIN,MIN,MIN,MIN,MIN,MIN,SIN,SIN,SIN,,,,,,,,,,
UZB,Uzbekistan,..,..,..,..,LIN,LIN,LIN,LIN,LIN,LIN,LIN,NIN,MIN,MIN,MIN,MIN,,,,,,,,,,
VUT,Vanuatu,LIN,LIN,LIN,LIN,LIN,LIN,LIN,LIN,LIN,LIN,LIN,LIN,LIN,LIN,LIN,LIN,,,,,,,,,,
VEN,"Venezuela, RB",SIN,SIN,SIN,MIN,MIN,MIN,MIN,MIN,MIN,MIN,MIN,MIN,MIN,LIN,LIN,MIN,,,,,,,,,,
VNM,Vietnam,NIN,NIN,NIN,NIN,NIN,SIN,SIN,SIN,SIN,SIN,SIN,MIN,LIN,LIN,LIN,LIN,,,,,,,,,,
VIR,Virgin Islands (U.S.),NIN,NIN,NIN,NIN,NIN,NIN,NIN,NIN,NIN,NIN,NIN,NIN,NIN,NIN,NIN,NIN,,,,,,,,,,
PSE,West Bank and Gaza,..,..,..,..,..,..,NIN,NIN,NIN,NIN,NIN,NIN,NIN,NIN,NIN,NIN,,,,,,,,,,
YEM,"Yemen, Rep.",MIN*,MIN*,MIN,MIN,MIN,SIN,SIN,SIN,SIN,MIN,MIN,MIN,MIN,LIN,LIN,LIN,,,,,,,,,,
ZMB,Zambia,SIN,SIN,SIN,SIN,SIN,SIN,SIN,SIN,SIN,SIN,SIN,SIN,SIN,SIN,SIN,SIN,,,,,,,,,,
ZWE,Zimbabwe,MIN,MIN,LIN,LIN,MIN,MIN,MIN,MIN,MIN,MIN,MIN,MIN,MIN,MIN,MIN,SIN,,,,,,,,,,
,,,,,,,,,,,,,,,,,,,,,,,,,,,
,"* At this time, there were Yemen, PDR (MIN) and Yemen, Arab Rep. (LIN); combined they would have been MIN.",,,,,,,,,,,,,,,,,,,,,,,,,,
,,,,,,,,,,,,,,,,,,,,,,,,,,,
CSK,Czechoslovakia (former),..,..,LIN,LIN,LINa,,,,,,,,,,,,,,,,,,,,,
GIB,Gibraltar,NIN,NIN,NIN,NIN,NIN,MIN,MIN,MIN,MIN,MIN,MIN,MIN,MIN,MIN,..,..,,,,,,,,,,
SUN,USSR (former),..,..,..,MINa,,,,,,,,,,,,,,,,,,,,,,
YUGf,Yugoslavia (former),MIN,MIN,LIN,LIN,LINa,,,,,,,,,,,,,,,,,,,,,
,,,,,,,,,,,,,,,,,,,,,,,,,,,
,a. Individual republics were not classified because of lack of data; data were published for the former country.,,,,,,,,,,,,,,,,,,,,,,,,,,
,,,,,,,,,,,,,,,,,,,,,,,,,,,
,Standard World Bank definitions of severe and moderate indebtedness are used to classify economies by levels of external debt. Severely indebted means either: present value,,,,,,,,,,,,,,,,,,,,,,,,,,
,of debt service to GNI exceeds 80 percent or present value of debt service to exports exceeds 220 percent. Moderately indebted means either of the two key ratios exceeds 60,,,,,,,,,,,,,,,,,,,,,,,,,,
,"percent of, but does not reach, the critical levels. For economies that do not report detailed debt statistics to the World Bank Debtor Reporting System (DRS), present-value",,,,,,,,,,,,,,,,,,,,,,,,,,
,"calculation is not possible. Instead, the following methodology is used to classify the non-DRS economies. Severely indebted means three of four key ratios (averaged over",,,,,,,,,,,,,,,,,,,,,,,,,,
,three years) are above critical levels: debt to GNI (50 percent); debt to exports (275 percent); debt service to exports (30 percent); and interest to exports (20 percent).,,,,,,,,,,,,,,,,,,,,,,,,,,
,"Moderately indebted means three of the four key ratios exceed 60 percent of, but do not reach, the critical levels. All other classified low-income and middle-income economies",,,,,,,,,,,,,,,,,,,,,,,,,,
,are listed as less indebted.,,,,,,,,,,,,,,,,,,,,,,,,,,
,,,,,,,,,,,,,,,,,,,,,,,,,,,
,"The present classification scheme began with World Debt Tables 1989-90. From 1987 to 1989 the following countries were considered to be ""highly indebted"": Argentina, ",,,,,,,,,,,,,,,,,,,,,,,,,,
,"Bolivia, Brazil, Chile, Colombia, Costa Rica, Côte d'Ivoire, Ecuador, Jamaica, Mexico, Morocco, Nigeria, Peru, Philippines, Uruguay, Venezuela, and Yugoslavia.",,,,,,,,,,,,,,,,,,,,,,,,,,
,World Debt Tables became Global Development Finance in 1997.,,,,,,,,,,,,,,,,,,,,,,,,,,